# File produced by Open Asset Import Library (http://www.assimp.sf.net)
# (assimp v6.0.0)

mtllib old_pen.mtl

# 1279 vertex positions
v 1.76893282 0.407245994 -1.54879057
v 1.75312018 0.391057014 -1.57121885
v 1.58259392 0.391057014 -1.43301249
v 1.59401441 0.403739989 -1.41479325
v 1.4925282 0.391057014 -1.3383224
v 1.49888992 0.399805009 -1.32594335
v 1.8614893 0.404152989 -1.42732191
v 1.86753917 0.391057014 -1.41613364
v 2.6486764 0.391057014 -1.91934037
v 2.63756394 0.407279998 -1.9362638
v 1.85860801 0.407245994 -1.40958643
v 1.87249184 0.391057014 -1.38591599
v 1.50827122 0.41416201 -1.29903305
v 1.47815394 0.391222 -1.28042614
v 1.48202205 0.391057014 -1.26547706
v 1.51401424 0.415728003 -1.28608644
v 1.5234282 0.41416201 -1.27550447
v 1.49403453 0.391222 -1.2557745
v 2.89105415 0.389744014 -2.04288173
v 2.87849212 0.406890005 -2.06314874
v 2.62616205 0.420152009 -1.95392036
v 3.66389489 0.308014005 -2.50265741
v 3.69348931 0.264582992 -2.51594663
v 3.70020175 0.264261007 -2.52819443
v 3.67123723 0.307805002 -2.51311111
v 3.4644959 0.429432988 -2.59434962
v 3.44875479 0.434722006 -2.53244185
v 3.47390389 0.433452994 -2.54864287
v 3.47597957 0.429405004 -2.59554863
v 2.59292173 0.431804001 -2.00565147
v 2.60420012 0.434722006 -1.98838174
v 2.83232141 0.434722006 -2.13533711
v 2.8084538 0.431558996 -2.17195368
v 1.79938698 0.432462007 -1.50293243
v 1.81280589 0.434722006 -1.47856748
v 1.8230629 0.430875003 -1.48517501
v 1.81274533 0.428921998 -1.50580788
v 1.64078879 0.423610985 -1.34185934
v 1.6293714 0.424982995 -1.36039913
v 1.82944322 0.432462007 -1.45627558
v 1.81280589 0.434722006 -1.47856748
v 3.5081389 0.357522994 -2.71920562
v 3.64336014 0.357522994 -2.50929904
v 3.62505889 0.293168008 -2.64484024
v 1.50361109 0.407835007 -1.31239176
v 3.51747131 0.429405004 -2.53114033
v 3.57573795 0.402615994 -2.51756835
v 3.48771167 0.402615994 -2.65421367
v 1.85860801 0.407245994 -1.40958643
v 1.84427786 0.421654999 -1.43326843
v 1.65240955 0.415156007 -1.32384646
v 1.66428113 0.403739989 -1.30571699
v 1.53366518 0.407835007 -1.26573825
v 1.54405236 0.399805009 -1.25583684
v 1.78627276 0.404152989 -1.54408193
v 1.79773188 0.419266999 -1.52796686
v 2.58190179 0.420152009 -2.0226264
v 2.570539 0.407279998 -2.040308
v 1.76893282 0.407245994 -1.54879057
v 1.78457141 0.421654999 -1.52595174
v 2.78568029 0.406890005 -2.20722198
v 2.77242017 0.389744014 -2.22703958
v 3.48547387 0.384254992 -2.68513799
v 3.4762516 0.402671993 -2.65197587
v 3.4975214 0.38418299 -2.68710136
v 3.51163197 0.429432988 -2.52117991
v 3.56896234 0.402671993 -2.50805879
v 2.61526179 0.431804001 -1.9709723
v 2.85579443 0.431558996 -2.09846592
v 1.82944322 0.432462007 -1.45627558
v 1.84427786 0.421654999 -1.43326843
v 1.85155416 0.419266999 -1.44441736
v 1.8375845 0.428921998 -1.46724987
v 1.61721063 0.423610985 -1.37846017
v 1.60561371 0.415156007 -1.39648831
v 1.79938698 0.432462007 -1.50293243
v 1.78457141 0.421654999 -1.52595174
v 3.51107097 0.307976991 -2.73981667
v 3.49589491 0.357605994 -2.71691823
v 3.52362704 0.307767987 -2.74218106
v 3.60973907 0.38418299 -2.51290369
v 3.6029706 0.384254992 -2.50274539
v 3.63621593 0.357605994 -2.4990952
v 2.91175008 0.323817998 -2.01508713
v 2.77942085 0.337985009 -1.96887517
v 2.91555429 0.288969994 -2.00677943
v 2.75619411 0.323826998 -2.25654674
v 2.75074935 0.288969994 -2.262609
v 2.6592052 0.337945014 -2.15534019
v 1.81280589 0.434722006 -1.47856748
v 1.82944322 0.432462007 -1.45627558
v 1.78457141 0.421654999 -1.52595174
v 1.79938698 0.432462007 -1.50293243
v 2.55972385 0.391057014 -2.05742311
v 2.76112318 0.363882005 -2.24480152
v 1.75312018 0.391057014 -1.57121885
v 1.76893282 0.407245994 -1.54879057
v 1.77858663 0.391057014 -1.55421638
v 1.67614865 0.391057014 -1.28778577
v 1.55269384 0.391057014 -1.24492621
v 1.87249184 0.391057014 -1.38591599
v 2.90255618 0.363882005 -2.02525258
v 1.84427786 0.421654999 -1.43326843
v 1.85860801 0.407245994 -1.40958643
v 2.63313961 0.379465997 -1.94351399
v 2.6486764 0.391057014 -1.91934037
v 1.86753917 0.391057014 -1.41613364
v 1.85540676 0.378037006 -1.45399964
v 1.79773688 0.369233996 -1.53221917
v 1.75312018 0.391057014 -1.57121885
v 1.77858663 0.391057014 -1.55421638
v 1.80804896 0.378037006 -1.5275141
v 1.58898354 0.374397993 -1.40484238
v 1.58259392 0.391057014 -1.43301249
v 1.75312018 0.391057014 -1.57121885
v 1.79773688 0.369233996 -1.53221917
v 1.50457501 0.381273001 -1.32159758
v 1.4925282 0.391057014 -1.3383224
v 1.49449515 0.380811989 -1.27351213
v 1.52214026 0.37096101 -1.29132116
v 2.77942085 0.337985009 -1.96887517
v 2.79341125 0.321696013 -1.98434699
v 2.91555429 0.288969994 -2.00677943
v 2.60411525 0.37174201 -1.98832715
v 2.69769049 0.331555009 -2.04860806
v 1.5424459 0.381273001 -1.26280987
v 1.62805915 0.363238007 -1.35955381
v 1.65314102 0.374397993 -1.30524957
v 1.81241179 0.366021991 -1.47831345
v 1.85542774 0.369233996 -1.44266474
v 1.85542774 0.369233996 -1.44266474
v 1.81241179 0.366021991 -1.47831345
v 1.82235837 0.370721012 -1.48472118
v 2.57531142 0.379465997 -2.03328204
v 2.55972385 0.391057014 -2.05742311
v 1.87249184 0.391057014 -1.38591599
v 1.85542774 0.369233996 -1.44266474
v 1.67614865 0.391057014 -1.28778577
v 1.87249184 0.391057014 -1.38591599
v 1.55269384 0.391057014 -1.24492621
v 1.49403453 0.391222 -1.2557745
v 1.48202205 0.391057014 -1.26547706
v 2.67875266 0.321696013 -2.16233349
v 1.47815394 0.391222 -1.28042614
v 1.81241179 0.366021991 -1.47831345
v 1.79773688 0.369233996 -1.53221917
v -3.27303958 -0.0823680013 2.01247191
v -3.31192088 -0.0822480023 2.03762031
v -3.27270031 -0.116893001 2.00968027
v -3.48677087 0.00736600021 1.75013232
v -3.49940085 -0.0711060017 1.73052633
v -3.61110306 -0.0731490031 1.79641545
v -3.59744883 0.00631899992 1.81761122
v -3.75515032 -0.0752450004 1.87637901
v -3.74190402 0.00326099992 1.89694166
v -3.86680746 -0.0752450004 1.93690276
v -3.85539079 0.00235700002 1.95462489
v -3.89272332 -0.0695540011 1.96639252
v -3.88222528 0.00443099998 1.9826889
v -3.92313576 0.00132699998 2.03247714
v -3.91424561 0.0383480005 2.04627752
v -3.94442797 0.0271959994 2.07495284
v -3.93592715 0.049451001 2.08814883
v -3.97792673 0.0390960015 2.1376977
v -3.97144103 0.0527839996 2.14776564
v -4.01111889 0.0406479985 2.1907537
v -4.00764036 0.0513360016 2.1961534
v -4.06363201 0.0385789983 2.26174879
v -4.06171894 0.0475529991 2.26471877
v -4.09568644 0.0380610004 2.29478192
v -4.09262896 0.0459860004 2.29952836
v -4.11761951 0.0428760014 2.3188343
v -4.11424446 0.0520320013 2.32407331
v -4.14966488 0.0433919989 2.34650421
v -4.14559698 0.0503229983 2.35281849
v -4.10230637 0.0566099994 2.34260488
v -4.10628557 0.0579119995 2.33642769
v -4.14153004 0.0535669997 2.35913181
v -4.13949633 0.0524539985 2.36228848
v -4.14703989 0.0433919989 2.36268163
v -4.14356375 0.0524539985 2.35597515
v -4.0717473 0.0511390008 2.3319428
v -4.07568789 0.0535789989 2.32580733
v -4.07983494 0.0539099984 2.31938815
v -4.03533649 0.0559299998 2.30590701
v -4.04214287 0.0565269999 2.29510713
v -3.944484 0.0555099994 2.29419255
v -4.02851057 0.0524189994 2.31626844
v -4.0225668 0.0475529991 2.32549548
v -3.93777728 0.0513360016 2.30460334
v -3.90611577 0.0653069988 2.24967027
v -3.92509699 0.0664720014 2.2197063
v -3.97270918 0.0620229989 2.25037789
v -3.9586432 0.0612859987 2.27265739
v -3.84628224 0.0692590028 2.22776246
v -3.87285709 0.071705997 2.18605351
v -3.80606914 0.0715999976 2.21427131
v -3.83847165 0.0753699988 2.16390252
v -3.74685383 0.0728999972 2.19324231
v -3.78689265 0.0784170032 2.13067532
v -3.71037745 0.0747829974 2.18023229
v -3.75515175 0.0799589977 2.11022782
v -3.60439825 0.0742850006 2.10981846
v -3.64868712 0.0817679986 2.04164362
v -3.46994328 0.0760840029 2.01511407
v -3.5104816 0.0857869983 1.95261192
v -3.36554384 0.0747110024 1.93846631
v -3.40154243 0.0858379975 1.88243365
v -3.38602018 0.0842389986 1.82941222
v -3.43813038 0.0715750009 1.82572436
v -3.26831055 -0.0711060017 2.01155353
v -3.27267075 -0.0294560008 2.00794625
v -3.303684 -0.0711060017 2.0343411
v -3.57162666 -0.227350995 1.91737747
v -3.46141243 -0.241800994 1.84802628
v -3.43535662 -0.250384986 1.90421653
v -3.54444027 -0.233622 1.97448826
v -3.69248533 -0.205265 1.99215555
v -3.65665674 -0.208786994 2.04677773
v -3.80340958 -0.173169002 2.06056046
v -3.76104188 -0.173398003 2.11402249
v -3.84021473 -0.146972999 2.0932014
v -3.79896617 -0.148980007 2.13845301
v -3.92355442 -0.0819230005 2.16096091
v -3.897789 -0.0864780024 2.20211458
v -3.99411273 -0.0282240007 2.21654201
v -3.9870398 -0.0237719994 2.2596097
v -4.02640533 0.00663299998 2.25128007
v -4.02827263 0.0122379996 2.28617191
v -4.04924297 0.0260279998 2.26026344
v -4.06076765 0.0338280015 2.2879703
v -4.06363201 0.0385789983 2.26174879
v -4.03482151 0.0117309997 2.26124692
v -4.03505945 0.0213309992 2.23526764
v -4.01698732 0.0121900002 2.21435547
v -4.03998756 0.0169210006 2.27374434
v -4.05399561 0.0352759995 2.30274248
v -4.09568644 0.0380610004 2.29478192
v -4.02065277 0.0385789983 2.32846642
v -4.06398392 0.0380610004 2.34399438
v -4.0433445 0.0338280015 2.31501698
v -3.9151051 0.0242669992 2.30983949
v -3.9459343 0.0255810004 2.31227541
v -3.95821571 0.0121900002 2.30558777
v -3.31631422 0.00736600021 2.01473522
v -3.50315738 -0.224753007 2.02324843
v -3.39441204 -0.238980994 1.95175076
v -3.62125564 -0.202922001 2.10207129
v -3.72926307 -0.171203002 2.17439246
v -3.77410555 -0.145501003 2.19427037
v -3.86993623 -0.0804819986 2.24231148
v -3.9493804 -0.0266820006 2.28361869
v -3.99525118 0.00740200002 2.29908299
v -4.14703989 0.0433919989 2.36268163
v -4.14153004 0.0330829993 2.35913181
v -4.1333952 0.0433919989 2.37175941
v -4.14966488 0.0433919989 2.34650421
v -4.10628557 0.0279169995 2.33642769
v -4.09495163 0.0428760014 2.35402203
v -4.11761951 0.0428760014 2.3188343
v -4.07983494 0.0351569988 2.31938815
v -4.01335144 0.0260279998 2.31597853
v -4.0078311 0.0124979997 2.3024981
v -4.02144289 0.0175620001 2.30189419
v -4.02065277 0.0385789983 2.32846642
v -4.06704092 0.0459860004 2.3392489
v -4.06398392 0.0380610004 2.34399438
v -4.09832716 0.0520320013 2.34878206
v -4.09495163 0.0428760014 2.35402203
v -4.13746214 0.0503229983 2.36544609
v -4.1333952 0.0433919989 2.37175941
v -4.11026525 0.0566099994 2.3302505
v -4.0879221 0.0511390008 2.30683446
v -4.05577421 0.0524189994 2.27394676
v -4.0009346 0.0555099994 2.20656323
v -3.96316028 0.0576860011 2.16062021
v -3.92580009 0.0561840013 2.1038692
v -3.90181422 0.0501689985 2.06557488
v -3.86374092 0.0389330015 2.01138234
v -3.83912921 0.0340990014 1.97986841
v -3.73093104 0.0302799996 1.91397524
v -3.5865283 0.0318479985 1.83456326
v -3.47068286 0.0332700014 1.77510595
v -3.28121853 0.00736600021 1.99151635
v -3.29478073 0.0339209996 1.97046351
v -3.42351389 0.00631899992 2.08761358
v -3.40985966 -0.0731490031 2.10880923
v -3.55547047 0.00326099992 2.18634582
v -3.54222345 -0.0752450004 2.20690918
v -3.65491271 0.00235700002 2.26583076
v -3.64349627 -0.0752450004 2.28355289
v -3.69156003 0.00443099998 2.27866197
v -3.68106198 -0.0695540011 2.29495811
v -3.76269794 0.0383480005 2.28152776
v -3.75380731 0.00132699998 2.29532886
v -3.80978656 0.049451001 2.28395915
v -3.80128574 0.0271959994 2.29715514
v -3.87875247 0.0527839996 2.29164791
v -3.87226725 0.0390960015 2.3017149
v -3.93429899 0.0406479985 2.31000304
v -3.33240223 0.0332700014 1.98976135
v -3.43443489 0.0318479985 2.07066083
v -3.56644297 0.0302799996 2.16931295
v -3.67117453 0.0340990014 2.24058747
v -3.71004391 0.0389330015 2.24996924
v -3.77512932 0.0501689985 2.26223016
v -3.81991363 0.0561840013 2.26823878
v -3.88703322 0.0576860011 2.27879333
v -3.55115509 0.072577998 1.8891325
v -3.69294047 0.0705130026 1.97248864
v -3.80082083 0.071157001 2.04002905
v -3.8277154 0.0699940026 2.06800556
v -3.87116337 0.0697190017 2.11341667
v -3.89990759 0.0680710003 2.1445117
v -3.94452262 0.064594999 2.18996549
v -3.98716521 0.0607560016 2.22830343
v -4.04916096 0.0556339994 2.28440666
v -3.40439534 0.0723920017 1.8009268
v -3.31095672 0.0588500015 1.94614363
v -3.90661025 -0.0184000004 2.29859805
v -3.8581686 0.00174199999 2.30200028
v -3.83740282 -0.0629519969 2.27458882
v -3.79829144 -0.035379 2.29461336
v -3.74572206 -0.132165998 2.24318957
v -3.7198565 -0.106765002 2.27178907
v -3.83789611 -0.155297995 2.00774217
v -3.87231851 -0.132165998 2.04667163
v -3.88766551 -0.106765002 2.01129627
v -3.8579011 -0.123439997 1.97033453
v -3.69604397 -0.155297995 2.22794175
v -3.67025399 -0.123439997 2.26162243
v -3.55589175 -0.137012005 2.19290042
v -3.58661079 -0.179317996 2.15094304
v -3.46381068 -0.194514006 2.06471491
v -3.42723966 -0.143374994 2.1019485
v -3.35647964 -0.204679996 1.99187922
v -3.32008028 -0.147459 2.0291028
v -3.32908201 0.0756020024 1.91807914
v -4.00303459 0.0242669992 2.17334485
v -3.97235751 0.00174199999 2.12474251
v -3.98928666 -0.0184000004 2.17025781
v -3.94087577 -0.035379 2.073277
v -3.93881273 -0.0629519969 2.11716819
v -3.72254276 -0.179317996 1.93993354
v -3.74804568 -0.137012005 1.89461637
v -3.89573956 -0.0803719983 1.97724533
v -3.86463714 -0.0865119994 1.94601941
v -3.61204147 -0.143374994 1.81507719
v -3.59325957 -0.194514006 1.86376905
v -3.50141025 -0.147459 1.74762118
v -3.48256493 -0.204679996 1.79615474
v -3.45111942 0.00736600021 1.72777605
v -4.05066013 0.0294879992 2.24775386
v -4.02628469 0.0293879993 2.21117592
v -3.9591639 0.0293879993 2.31536865
v -4.00254679 0.0294879992 2.3224411
v -3.98472857 0.0213309992 2.31339741
v -4.00606823 0.0368340015 2.32514739
v -4.01799822 0.0255810004 2.20040894
v -4.03552198 0.0244960003 2.30014277
v -4.04423571 0.0239269994 2.28720689
v -4.04078817 0.0255830009 2.29423451
v -4.02815485 0.0352930017 2.20745826
v -4.01111889 0.0406479985 2.1907537
v -4.01047659 0.0339180008 2.1910274
v -3.95655203 0.0352930017 2.31860852
v -3.93428302 0.0339180008 2.309304
v -3.93429899 0.0406479985 2.31000304
v -4.01047659 0.0339180008 2.1910274
v -3.98059034 0.0311689992 2.14686012
v -4.05458069 0.0368340015 2.2498405
v -4.02815485 0.0352930017 2.20745826
v -3.43755674 0.0339209996 1.7488296
v -3.61497831 -0.0849639997 1.80240095
v -3.50579214 -0.0822480023 1.73667037
v -3.75260544 -0.0860690027 1.88124871
v -3.65089965 -0.0865119994 2.27780819
v -3.69219089 -0.0803719983 2.2932179
v -3.92344737 -0.008715 2.04132938
v -3.9463613 0.0200229995 2.08505201
v -3.95655203 0.0352930017 2.31860852
v -3.42219567 0.0568200015 1.77330434
v -3.41691232 -0.0849639997 2.10986257
v -3.54560518 -0.0860690027 2.20257878
v -3.76199651 -0.008715 2.29195261
v -3.81128073 0.0200229995 2.2947402
v -3.88171101 0.0311689992 2.3003521
v -3.93428302 0.0339180008 2.309304
v -3.97792673 0.0390960015 2.1376977
v -3.94442797 0.0271959994 2.07495284
v -3.9463613 0.0200229995 2.08505201
v -3.98059034 0.0311689992 2.14686012
v -3.92313576 0.00132699998 2.03247714
v -3.92344737 -0.008715 2.04132938
v -3.89272332 -0.0695540011 1.96639252
v -3.89573956 -0.0803719983 1.97724533
v -3.86680746 -0.0752450004 1.93690276
v -3.86463714 -0.0865119994 1.94601941
v -3.75515032 -0.0752450004 1.87637901
v -3.75260544 -0.0860690027 1.88124871
v -3.61110306 -0.0731490031 1.79641545
v -3.61497831 -0.0849639997 1.80240095
v -3.49940085 -0.0711060017 1.73052633
v -3.50579214 -0.0822480023 1.73667037
v -3.4640274 -0.0711060017 1.70773876
v -3.46681881 -0.0823680013 1.71166503
v -4.06363201 0.0385789983 2.26174879
v -4.05458069 0.0368340015 2.2498405
v -3.87226725 0.0390960015 2.3017149
v -3.88171101 0.0311689992 2.3003521
v -3.81128073 0.0200229995 2.2947402
v -3.80128574 0.0271959994 2.29715514
v -3.76199651 -0.008715 2.29195261
v -3.75380731 0.00132699998 2.29532886
v -3.69219089 -0.0803719983 2.2932179
v -3.68106198 -0.0695540011 2.29495811
v -3.65089965 -0.0865119994 2.27780819
v -3.64349627 -0.0752450004 2.28355289
v -3.54560518 -0.0860690027 2.20257878
v -3.54222345 -0.0752450004 2.20690918
v -3.41691232 -0.0849639997 2.10986257
v -3.40985966 -0.0731490031 2.10880923
v -3.31192088 -0.0822480023 2.03762031
v -3.303684 -0.0711060017 2.0343411
v -3.27303958 -0.0823680013 2.01247191
v -3.26831055 -0.0711060017 2.01155353
v -4.02065277 0.0385789983 2.32846642
v -4.00606823 0.0368340015 2.32514739
v -3.25826502 0.084739998 1.99318218
v -3.21003985 0.117784999 2.00142384
v -3.23375893 0.153729007 1.96460438
v -3.27814865 0.114872001 1.96231627
v -3.37664676 0.151050001 1.80941606
v -3.3512547 0.196885005 1.78221357
v -3.38061714 0.180437997 1.73663354
v -3.40126133 0.137263 1.77120614
v -3.40126204 -0.310438007 1.77120531
v -3.38061762 -0.353612989 1.7366327
v -3.3512547 -0.370059997 1.78221357
v -3.37664676 -0.324225992 1.80941606
v -3.24194622 0.0480230004 2.01851392
v -3.19057417 0.0739869997 2.03164077
v -3.35104799 0.155706003 1.84915352
v -3.32071853 0.202437997 1.82961535
v -3.4239471 -0.288046986 1.73599064
v -3.40767813 -0.326903999 1.69462633
v -3.22982097 0.00613400014 2.03733635
v -3.17610979 0.0240180008 2.05409408
v -3.44383144 -0.25791499 1.7051239
v -3.4313972 -0.290960014 1.65780687
v -3.22235394 -0.039317999 2.04892755
v -3.16720295 -0.0302009992 2.06792045
v -3.46014953 -0.221199006 1.679793
v -3.45086336 -0.247161999 1.62758911
v -3.21983242 -0.0865880027 2.05284166
v -3.16419506 -0.0865880027 2.0725894
v -3.47227502 -0.179308996 1.66097057
v -3.46532726 -0.197192997 1.60513663
v -3.22235394 -0.133856997 2.04892755
v -3.16720295 -0.142974004 2.06792045
v -3.47974205 -0.133856997 1.64937937
v -3.47423458 -0.142974004 1.59130931
v -3.22982097 -0.179308996 2.03733635
v -3.17610979 -0.197192997 2.05409408
v -3.48226333 -0.0865869969 1.64546525
v -3.47724199 -0.0865869969 1.58664107
v -3.24194622 -0.221199006 2.01851392
v -3.19057417 -0.247161999 2.03164077
v -3.47974205 -0.039317999 1.64937937
v -3.4742341 -0.0302009992 1.59131014
v -3.25826502 -0.25791499 1.99318218
v -3.21003985 -0.290960014 2.00142384
v -3.47227502 0.00613400014 1.66097057
v -3.46532726 0.0240180008 1.60513663
v -3.27814865 -0.288046986 1.96231627
v -3.23375893 -0.326903999 1.96460438
v -3.46014953 0.0480239987 1.679793
v -3.45086288 0.0739869997 1.62758994
v -3.30083394 -0.310438007 1.92710161
v -3.26081991 -0.353612989 1.92259717
v -3.32544923 0.151050001 1.88889098
v -3.29018235 0.196885005 1.87701702
v -3.44383097 0.084739998 1.70512474
v -3.4313972 0.117784999 1.65780687
v -3.32544923 -0.324225992 1.88889098
v -3.29018235 -0.370059997 1.87701702
v -3.30083394 0.137262002 1.92710161
v -3.26081991 0.180437997 1.92259717
v -3.4239471 0.114872001 1.73599064
v -3.40767813 0.153729007 1.69462633
v -3.35104799 -0.328880996 1.84915352
v -3.32071853 -0.375613987 1.82961535
v -3.32071853 -0.375613987 1.82961535
v -3.35104799 -0.328880996 1.84915352
v -3.46532726 0.0240180008 1.60513663
v -2.30184412 0.0360039994 0.821203113
v -2.31171679 -0.0240909997 0.805877745
v -3.4742341 -0.0302009992 1.59131014
v -3.23375893 -0.326903999 1.96460438
v -2.04518175 -0.352946013 1.21962476
v -2.01889253 -0.313107014 1.26043403
v -3.21003985 -0.290960014 2.00142384
v -3.45086288 0.0739869997 1.62758994
v -2.28581238 0.091388002 0.846089303
v -3.26081991 -0.353612989 1.92259717
v -2.07517529 -0.382548988 1.1730653
v -3.29018235 0.196885005 1.87701702
v -2.1077199 0.227603003 1.12254548
v -2.14156508 0.233759001 1.07000732
v -3.32071853 0.202437997 1.82961535
v -3.4313972 0.117784999 1.65780687
v -2.2642374 0.139932007 0.879580617
v -3.29018235 -0.370059997 1.87701702
v -2.1077199 -0.400779009 1.12254548
v -3.26081991 0.180437997 1.92259717
v -2.07517529 0.209373996 1.1730653
v -3.40767813 0.153729007 1.69462633
v -2.23794818 0.179771006 0.920389891
v -3.32071853 -0.375613987 1.82961535
v -2.14156508 -0.406933993 1.07000732
v -3.23375893 0.153729007 1.96460438
v -2.04518175 0.179771006 1.21962476
v -3.38061714 0.180437997 1.73663354
v -2.20795465 0.209373996 0.966949224
v -3.3512547 -0.370059997 1.78221357
v -2.17541051 -0.400779009 1.01746821
v -2.14156508 -0.406933993 1.07000732
v -3.32071853 -0.375613987 1.82961535
v -3.21003985 0.117784999 2.00142384
v -2.01889253 0.139930993 1.26043403
v -3.3512547 0.196885005 1.78221357
v -2.17541003 0.227603003 1.01746905
v -3.38061762 -0.353612989 1.7366327
v -2.20795465 -0.382548988 0.966949224
v -3.19057417 0.0739869997 2.03164077
v -1.99731755 0.0913870037 1.29392529
v -3.40767813 -0.326903999 1.69462633
v -2.23794818 -0.352946013 0.920389891
v -3.17610979 0.0240180008 2.05409408
v -1.98128581 0.0360039994 1.31881154
v -3.4313972 -0.290960014 1.65780687
v -2.2642374 -0.313106 0.879580617
v -3.16720295 -0.0302009992 2.06792045
v -1.97141337 -0.0240909997 1.33413684
v -3.45086336 -0.247161999 1.62758911
v -2.28581238 -0.264562011 0.846089303
v -3.16419506 -0.0865880027 2.0725894
v -1.96808004 -0.0865880027 1.33931112
v -3.46532726 -0.197192997 1.60513663
v -2.3018446 -0.209178999 0.821202278
v -3.16720295 -0.142974004 2.06792045
v -1.97141337 -0.149084002 1.33413684
v -3.47423458 -0.142974004 1.59130931
v -2.31171679 -0.149084002 0.805877745
v -3.17610979 -0.197192997 2.05409408
v -1.98128581 -0.209178999 1.31881154
v -3.47724199 -0.0865869969 1.58664107
v -2.31504989 -0.0865869969 0.800703466
v -3.19057417 -0.247161999 2.03164077
v -1.99731755 -0.264562011 1.29392529
v -2.07517529 0.209373996 1.1730653
v -2.02594924 0.258219987 1.16542172
v -2.06386495 0.279457986 1.10656428
v -2.1077199 0.227603003 1.12254548
v -2.23794818 0.179771006 0.920389891
v -2.21558642 0.223730996 0.871044278
v -2.24621463 0.177316993 0.82349962
v -2.2642374 0.139932007 0.879580617
v -2.14156508 -0.406933993 1.07000732
v -2.10329628 -0.459803998 1.0453546
v -2.06386495 -0.452632993 1.10656428
v -2.1077199 -0.400779009 1.12254548
v -2.04518175 0.179771006 1.21962476
v -1.9910059 0.223730996 1.21966481
v -2.20795465 0.209373996 0.966949224
v -2.18064308 0.258219987 0.925287366
v -2.17541051 -0.400779009 1.01746821
v -2.14272738 -0.452632993 0.984144926
v -2.10329628 -0.459803998 1.0453546
v -2.14156508 -0.406933993 1.07000732
v -2.01889253 0.139930993 1.26043403
v -1.96037769 0.177316993 1.26720953
v -2.17541003 0.227603003 1.01746905
v -2.14272738 0.279457986 0.984144926
v -2.20795465 -0.382548988 0.966949224
v -2.18064308 -0.431394994 0.925287366
v -1.99731755 0.0913870037 1.29392529
v -1.93524194 0.120761 1.30622816
v -2.14156508 0.233759001 1.07000732
v -2.10329628 0.286628991 1.0453546
v -2.23794818 -0.352946013 0.920389891
v -2.21558714 -0.396905988 0.871043444
v -1.98128581 0.0360039994 1.31881154
v -1.91656423 0.0562359989 1.33522189
v -2.2642374 -0.313106 0.879580617
v -2.24621463 -0.350492001 0.82349962
v -1.97141337 -0.0240909997 1.33413684
v -1.90506268 -0.0137769999 1.35307598
v -2.28581238 -0.264562011 0.846089303
v -2.27135086 -0.293936014 0.784480095
v -1.96808004 -0.0865880027 1.33931112
v -1.9011786 -0.0865880027 1.35910523
v -2.3018446 -0.209178999 0.821202278
v -2.29002857 -0.229411006 0.755486369
v -1.97141337 -0.149084002 1.33413684
v -1.90506268 -0.159399003 1.35307598
v -2.31171679 -0.149084002 0.805877745
v -2.30153012 -0.159398004 0.737632334
v -1.98128581 -0.209178999 1.31881154
v -1.91656423 -0.229411006 1.33522189
v -2.31504989 -0.0865869969 0.800703466
v -2.30541372 -0.0865869969 0.73160392
v -1.99731755 -0.264562011 1.29392529
v -1.93524194 -0.293936014 1.30622816
v -2.31171679 -0.0240909997 0.805877745
v -2.30153012 -0.0137759997 0.737632334
v -2.01889253 -0.313107014 1.26043403
v -1.96037769 -0.350492001 1.26720953
v -2.30184412 0.0360039994 0.821203113
v -2.2900281 0.056237001 0.755487204
v -2.04518175 -0.352946013 1.21962476
v -1.9910059 -0.396905988 1.21966481
v -2.28581238 0.091388002 0.846089303
v -2.27135038 0.120761 0.784480929
v -2.07517529 -0.382548988 1.1730653
v -2.02594924 -0.431394994 1.16542172
v -1.93524194 0.120761 1.30622816
v 1.09265518 0.120761 -0.644336283
v 1.06751943 0.177316993 -0.683354974
v -1.96037769 0.177316993 1.26720953
v -2.10329628 0.286628991 1.0453546
v 0.924600899 0.286628991 -0.905209959
v 0.885169804 0.279457986 -0.966419637
v -2.14272738 0.279457986 0.984144926
v -2.21558714 -0.396905988 0.871043444
v 0.81231004 -0.396905988 -1.07952106
v 0.847253382 -0.431394994 -1.02527797
v -2.18064308 -0.431394994 0.925287366
v -1.91656423 0.0562359989 1.33522189
v 1.11133289 0.0562359989 -0.615342617
v -2.24621463 -0.350492001 0.82349962
v 0.781681955 -0.350492001 -1.12706578
v -1.90506268 -0.0137769999 1.35307598
v 1.12283444 -0.0137769999 -0.597488582
v -2.27135086 -0.293936014 0.784480095
v 0.756546199 -0.293936014 -1.16608441
v -1.9011786 -0.0865880027 1.35910523
v 1.12671781 -0.0865880027 -0.591460168
v -2.29002857 -0.229411006 0.755486369
v 0.737868547 -0.229411006 -1.19507813
v -1.90506268 -0.159399003 1.35307598
v 1.12283444 -0.159399003 -0.597488582
v -2.30153012 -0.159398004 0.737632334
v 0.726366997 -0.159398004 -1.21293211
v -1.91656423 -0.229411006 1.33522189
v 1.11133289 -0.229411006 -0.615342617
v -2.30541372 -0.0865869969 0.73160392
v 0.722483456 -0.0865869969 -1.21896064
v -1.93524194 -0.293936014 1.30622816
v 1.09265518 -0.293936014 -0.644336283
v -2.30153012 -0.0137759997 0.737632334
v 0.726366997 -0.0137759997 -1.21293211
v -1.96037769 -0.350492001 1.26720953
v 1.06751943 -0.350492001 -0.683354974
v -2.2900281 0.056237001 0.755487204
v 0.737868547 0.056237001 -1.19507813
v -1.9910059 -0.396905988 1.21966481
v 1.03689122 -0.396905988 -0.730899632
v -2.27135038 0.120761 0.784480929
v 0.756546199 0.120761 -1.16608441
v -2.02594924 -0.431394994 1.16542172
v 1.0019474 -0.431394994 -0.785143554
v -2.06386495 0.279457986 1.10656428
v 0.964032114 0.279457986 -0.84400022
v -2.24621463 0.177316993 0.82349962
v 0.781682432 0.177316993 -1.12706494
v -2.06386495 -0.452632993 1.10656428
v 0.964031518 -0.452632993 -0.844001114
v -2.02594924 0.258219987 1.16542172
v 1.0019474 0.258219987 -0.785143554
v -2.21558642 0.223730996 0.871044278
v 0.812310636 0.223730996 -1.07952023
v -2.10329628 -0.459803998 1.0453546
v 0.924600422 -0.459803998 -0.905210793
v -1.9910059 0.223730996 1.21966481
v 1.03689122 0.223730996 -0.730899632
v -2.18064308 0.258219987 0.925287366
v 0.847253978 0.258219987 -1.02527714
v -2.14272738 -0.452632993 0.984144926
v 0.885169208 -0.452632993 -0.966420472
v 0.924600422 -0.459803998 -0.905210793
v -2.10329628 -0.459803998 1.0453546
v 1.12671781 -0.0865880027 -0.591460168
v 1.15359187 -0.0865880027 -0.549742997
v 1.14919186 -0.00409500021 -0.556573391
v 1.12283444 -0.0137769999 -0.597488582
v 0.737868547 -0.229411006 -1.19507813
v 0.713039875 -0.248401001 -1.23362005
v 0.734201074 -0.32150501 -1.20077109
v 0.756546199 -0.293936014 -1.16608441
v 1.12283444 -0.159399003 -0.597488582
v 1.14919186 -0.169080004 -0.556573391
v 0.726366997 -0.159398004 -1.21293211
v 0.700009525 -0.169079006 -1.25384736
v 1.11133289 -0.229411006 -0.615342617
v 1.13616085 -0.248401999 -0.576801479
v 0.722483456 -0.0865869969 -1.21896064
v 0.695609391 -0.0865869969 -1.26067781
v 1.09265518 -0.293936014 -0.644336283
v 1.11500025 -0.32150501 -0.609649658
v 0.726366997 -0.0137759997 -1.21293211
v 0.700009525 -0.00409500021 -1.25384736
v 1.06751943 -0.350492001 -0.683354974
v 1.0865221 -0.385580987 -0.653856874
v 0.737868547 0.056237001 -1.19507813
v 0.713040411 0.0752269998 -1.23361933
v 1.03689122 -0.396905988 -0.730899632
v 1.05182147 -0.438167006 -0.70772332
v 0.756546199 0.120761 -1.16608441
v 0.73420167 0.148330003 -1.20077026
v 1.0019474 -0.431394994 -0.785143554
v 1.01223207 -0.477241993 -0.76917851
v 0.964032114 0.279457986 -0.84400022
v 0.969274938 0.32812801 -0.835861742
v 0.924600899 0.336252987 -0.905209959
v 0.924600899 0.286628991 -0.905209959
v 0.781682432 0.177316993 -1.12706494
v 0.762679279 0.212405995 -1.15656388
v 0.964031518 -0.452632993 -0.844001114
v 0.969274938 -0.501303971 -0.835861742
v 1.0019474 0.258219987 -0.785143554
v 1.01223207 0.304066002 -0.76917851
v 0.812310636 0.223730996 -1.07952023
v 0.79738003 0.264991999 -1.10269737
v 0.924600422 -0.459803998 -0.905210793
v 0.924600422 -0.509428024 -0.905210793
v 1.03689122 0.223730996 -0.730899632
v 1.05182147 0.264991999 -0.70772332
v 0.847253978 0.258219987 -1.02527714
v 0.836969793 0.304066986 -1.04124141
v 0.885169208 -0.452632993 -0.966420472
v 0.879926503 -0.501303971 -0.974558949
v 0.924600422 -0.509428024 -0.905210793
v 0.924600422 -0.459803998 -0.905210793
v 1.06751943 0.177316993 -0.683354974
v 1.0865221 0.212405995 -0.653856874
v 0.885169804 0.279457986 -0.966419637
v 0.87992698 0.32812801 -0.974558115
v 0.847253382 -0.431394994 -1.02527797
v 0.836969197 -0.477241009 -1.04124224
v 1.09265518 0.120761 -0.644336283
v 1.11500025 0.148330003 -0.609649658
v 0.81231004 -0.396905988 -1.07952106
v 0.79738003 -0.438167006 -1.10269737
v 1.11133289 0.0562359989 -0.615342617
v 1.13616085 0.0752260014 -0.576801479
v 0.781681955 -0.350492001 -1.12706578
v 0.762679279 -0.385580987 -1.15656388
v 1.25167727 -0.32150501 -0.697696686
v 2.1015296 -0.32150501 -1.24516964
v 2.1226902 -0.248401999 -1.2123214
v 1.27283788 -0.248401999 -0.664848566
v 0.836686552 -0.00409500021 -1.34189439
v 1.68653893 -0.00409500021 -1.88936734
v 1.68213868 -0.0865869969 -1.8961978
v 0.832286417 -0.0865869969 -1.34872484
v 1.22319913 -0.385580987 -0.741903961
v 2.07305145 -0.385580987 -1.28937685
v 0.849717438 0.0752269998 -1.32166636
v 1.6995697 0.0752269998 -1.86913931
v 1.1884985 -0.438167006 -0.795770407
v 2.03835058 -0.438167006 -1.34324336
v 0.870878637 0.148330003 -1.28881741
v 1.72073054 0.148330003 -1.83629107
v 1.14890909 -0.477241993 -0.857225597
v 1.99876094 -0.477241009 -1.40469933
v 1.10595202 0.32812801 -0.92390883
v 1.95580411 0.32812801 -1.47138178
v 1.91112971 0.336252987 -1.54073071
v 1.06127739 0.336252987 -0.99325788
v 0.899356306 0.212405995 -1.24461091
v 1.74920869 0.212405995 -1.79208386
v 1.10595131 -0.501303971 -0.923909724
v 1.95580363 -0.501303971 -1.47138262
v 1.14890909 0.304066002 -0.857225597
v 1.99876142 0.304066002 -1.40469849
v 0.934057057 0.264991999 -1.19074452
v 1.78390932 0.264991999 -1.73821735
v 1.06127739 -0.509428024 -0.99325788
v 1.91112971 -0.509428024 -1.54073071
v 1.1884985 0.264991999 -0.795770407
v 2.03835058 0.264991999 -1.34324336
v 0.97364682 0.304066986 -1.12928855
v 1.8234992 0.304066986 -1.67676139
v 1.01660347 -0.501303971 -1.0626061
v 1.86645579 -0.501303017 -1.61007893
v 1.91112971 -0.509428024 -1.54073071
v 1.06127739 -0.509428024 -0.99325788
v 1.22319913 0.212405995 -0.741903961
v 2.07305145 0.212405995 -1.28937685
v 1.01660395 0.32812801 -1.06260526
v 1.86645627 0.32812801 -1.6100781
v 0.973646224 -0.477241009 -1.12928939
v 1.82349849 -0.477241009 -1.67676222
v 1.25167727 0.148330003 -0.697696686
v 2.1015296 0.148330003 -1.24516964
v 0.934057057 -0.438167006 -1.19074452
v 1.78390932 -0.438167006 -1.73821735
v 1.27283788 0.0752260014 -0.664848566
v 2.1226902 0.0752260014 -1.2123214
v 0.899356306 -0.385580987 -1.24461091
v 1.74920869 -0.385580987 -1.79208386
v 1.28586888 -0.00409500021 -0.644620419
v 2.13572121 -0.00409500021 -1.19209337
v 0.87087816 -0.32150501 -1.28881824
v 1.72073054 -0.32150501 -1.83629107
v 1.2902689 -0.0865880027 -0.637790084
v 2.14012122 -0.0865880027 -1.18526292
v 0.849716842 -0.248401001 -1.32166719
v 1.69956923 -0.248401001 -1.86914003
v 1.28586888 -0.169080004 -0.644620419
v 2.13572121 -0.169080004 -1.19209337
v 0.836686552 -0.169079006 -1.34189439
v 1.68653822 -0.169079006 -1.88936818
v 2.70883703 -0.470429003 -1.8654846
v 2.74773645 -0.432036012 -1.80510044
v 2.66662884 0.320897013 -1.93100524
v 2.62273359 0.328880012 -1.99914443
v 2.46363616 0.207192004 -2.24611425
v 2.43565464 0.144234002 -2.28955078
v 2.66662884 -0.49407199 -1.93100524
v 2.70883703 0.297253996 -1.8654846
v 2.49773192 0.258861005 -2.193187
v 2.62273359 -0.502054989 -1.99914443
v 2.74773645 0.258861005 -1.80510044
v 2.53663063 0.297253996 -2.13280368
v 2.57883883 -0.49407199 -2.06728292
v 2.62273359 -0.502054989 -1.99914443
v 2.7818315 0.207192004 -1.75217378
v 2.57883883 0.320897013 -2.06728292
v 2.53663063 -0.470429003 -2.13280368
v 2.80981326 0.144234002 -1.70873749
v 2.49773145 -0.432036012 -2.19318771
v 2.83060503 0.072405003 -1.67646182
v 2.46363568 -0.380367011 -2.24611521
v 2.84340906 -0.00553400023 -1.65658593
v 2.43565464 -0.317409009 -2.28955078
v 2.84773231 -0.0865880027 -1.64987493
v 2.41486216 -0.245580003 -2.32182717
v 2.84340906 -0.167640999 -1.65658593
v 2.4020586 -0.167640999 -2.34170222
v 2.83060503 -0.245580003 -1.67646182
v 2.39773536 -0.0865869969 -2.34841323
v 2.80981326 -0.317409009 -1.70873749
v 2.4020586 -0.00553400023 -2.34170222
v 2.7818315 -0.380367011 -1.75217378
v 2.41486263 0.072405003 -2.32182646
v 3.58493733 -0.459046006 -2.70712161
v 3.62505889 -0.466342986 -2.64484024
v 3.77048159 0.181940004 -2.4190979
v 3.7393167 0.229166999 -2.46747565
v 2.69769049 0.331555009 -2.04860806
v 2.79341125 0.321696013 -1.98434699
v 3.54635692 -0.437436014 -2.76701069
v 3.7960577 0.124393001 -2.37939572
v 2.6592052 0.337945014 -2.15534019
v 3.51080108 -0.402341992 -2.82220459
v 3.81506252 0.0587380007 -2.34989429
v 3.47963667 -0.355114996 -2.87058163
v 3.82676601 -0.0125010004 -2.33172679
v 3.45406032 -0.297567993 -2.91028452
v 3.83071756 -0.0865880027 -2.32559252
v 3.43505549 -0.231913 -2.93978596
v 3.82676601 -0.160674006 -2.33172679
v 3.42335248 -0.160674006 -2.95795274
v 3.81506252 -0.231913999 -2.34989429
v 3.41940069 -0.0865869969 -2.96408701
v 3.7960577 -0.297567993 -2.37939572
v 3.42335248 -0.0125010004 -2.95795274
v 3.77048159 -0.355114996 -2.4190979
v 3.43505549 0.0587389991 -2.93978596
v 3.7393167 -0.402343005 -2.46747565
v 3.45406032 0.124393001 -2.91028452
v 3.70376086 -0.437436014 -2.52266955
v 3.58493733 0.285870999 -2.70712161
v 3.47963667 0.181940004 -2.87058163
v 3.66518116 -0.459046006 -2.58255768
v 3.58493733 0.285870999 -2.70712161
v 3.61668253 0.255210012 -2.72031689
v 3.58127832 0.235378996 -2.77527547
v 3.54991651 0.264261007 -2.7614851
v 3.51080155 0.229167998 -2.82220387
v 3.62505889 -0.466342986 -2.64484024
v 3.54864979 0.203174993 -2.82592559
v 3.51080155 0.229167998 -2.82220387
v 2.67875266 0.321696013 -2.16233349
v 3.47963667 -0.355114996 -2.87058163
v 3.52005029 -0.333009988 -2.87032104
v 3.54864931 -0.376349986 -2.8259263
v 3.51080108 -0.402341992 -2.82220459
v 3.82676601 -0.0125010004 -2.33172679
v 3.8386035 -0.0186000001 -2.37582493
v 3.82786417 0.0467749983 -2.39249611
v 3.81506252 0.0587380007 -2.34989429
v 3.45406032 -0.297567993 -2.91028452
v 3.49657917 -0.280200005 -2.90675545
v 3.83071756 -0.0865880027 -2.32559252
v 3.84222984 -0.0865880027 -2.37019587
v 3.43505549 -0.231913 -2.93978596
v 3.47913909 -0.219950005 -2.93382835
v 3.82676601 -0.160674006 -2.33172679
v 3.8386035 -0.154575005 -2.37582493
v 3.42335248 -0.160674006 -2.95795274
v 3.46839881 -0.154575005 -2.95050049
v 3.81506252 -0.231913999 -2.34989429
v 3.82786417 -0.219950005 -2.39249611
v 3.41940069 -0.0865869969 -2.96408701
v 3.4647727 -0.0865869969 -2.95612955
v 3.7960577 -0.297567993 -2.37939572
v 3.81042337 -0.280200005 -2.41956973
v 3.42335248 -0.0125010004 -2.95795274
v 3.46839952 -0.0185989998 -2.95049953
v 3.77048159 -0.355114996 -2.4190979
v 3.78695297 -0.333009988 -2.45600343
v 3.43505549 0.0587389991 -2.93978596
v 3.47913909 0.0467760004 -2.93382835
v 3.7393167 -0.402343005 -2.46747565
v 3.75835323 -0.376349986 -2.50039887
v 3.45406032 0.124393001 -2.91028452
v 3.49657917 0.107026003 -2.90675545
v 3.70376086 -0.437436014 -2.52266955
v 3.7257247 -0.408553988 -2.55104899
v 3.66518116 0.285870999 -2.58255768
v 3.69032049 0.255210012 -2.60600758
v 3.65350127 0.261905998 -2.66316271
v 3.62505889 0.293168008 -2.64484024
v 3.47963667 0.181940004 -2.87058163
v 3.52005029 0.159834996 -2.87032104
v 3.66518116 -0.459046006 -2.58255768
v 3.69032049 -0.42838499 -2.60600758
v 3.70020175 0.264261007 -2.52819443
v 3.69348931 0.264582992 -2.51594663
v 2.91555429 0.288969994 -2.00677943
v 3.62505889 -0.466342986 -2.64484024
v 3.65350127 -0.435081989 -2.66316271
v 3.66518116 0.285870999 -2.58255768
v 3.58493733 -0.459046006 -2.70712161
v 3.61668205 -0.42838499 -2.72031784
v 3.65350127 -0.435081989 -2.66316271
v 3.62505889 -0.466342986 -2.64484024
v 3.77048159 0.181940004 -2.4190979
v 3.78695297 0.159834996 -2.45600343
v 3.75835323 0.203174993 -2.50039887
v 3.7393167 0.229166999 -2.46747565
v 3.53598952 0.264582992 -2.76043653
v 3.54991651 0.264261007 -2.7614851
v 2.75074935 0.288969994 -2.262609
v 3.54635692 -0.437436014 -2.76701069
v 3.58127785 -0.408553988 -2.77527642
v 3.7960577 0.124393001 -2.37939572
v 3.81042337 0.107024997 -2.41956973
v 3.47539997 -0.161850005 -2.99851656
v 3.48728871 -0.234220996 -2.98006129
v 3.87333012 -0.234220996 -2.38080215
v 3.88521862 -0.161851004 -2.36234713
v 3.47138524 -0.0865869969 -3.00474834
v 3.85402298 -0.300918996 -2.4107728
v 3.47539997 -0.0113239996 -2.99851656
v 3.82804108 -0.359378994 -2.45110536
v 3.48728871 0.0610460006 -2.98006129
v 3.796381 -0.407355994 -2.50025153
v 3.50659561 0.127744004 -2.95009089
v 3.76026106 -0.443006992 -2.55632138
v 3.72106814 0.291785002 -2.61716127
v 3.68030906 0.299198002 -2.68043232
v 3.53257775 0.186204001 -2.90975833
v 3.72106814 -0.464960009 -2.61716127
v 3.7257247 0.235378996 -2.55104899
v 3.76026106 0.269831985 -2.55632138
v 3.56423759 0.234182 -2.86061215
v 3.68030906 -0.472373009 -2.68043232
v 3.796381 0.234181002 -2.50025153
v 3.60035777 0.269831985 -2.8045423
v 3.63954997 -0.464960009 -2.74370337
v 3.68030906 -0.472373009 -2.68043232
v 3.82804108 0.186204001 -2.45110536
v 3.63955045 0.291785002 -2.74370241
v 3.60035706 -0.443006992 -2.80454302
v 3.85402298 0.127743006 -2.4107728
v 3.56423712 -0.407355994 -2.86061287
v 3.87333012 0.0610460006 -2.38080215
v 3.53257775 -0.359378994 -2.90975833
v 3.88521862 -0.0113249999 -2.36234713
v 3.50659513 -0.300918013 -2.9500916
v 3.88923311 -0.0865880027 -2.35611534
v 3.48728871 0.0610460006 -2.98006129
v 3.96730757 0.0262410007 -3.18933439
v 3.95822191 -0.0290680006 -3.20343828
v 3.47539997 -0.0113239996 -2.99851656
v 3.796381 -0.407355994 -2.50025153
v 4.20352936 -0.331732988 -2.8226428
v 4.22772503 -0.295067012 -2.78508353
v 3.82804108 -0.359378994 -2.45110536
v 3.50659561 0.127744004 -2.95009089
v 3.98206282 0.0772140026 -3.16642976
v 3.76026106 -0.443006992 -2.55632138
v 4.17592478 -0.358978987 -2.86549401
v 3.72106814 0.291785002 -2.61716127
v 4.14597178 0.202581003 -2.9119904
v 4.11482191 0.208245993 -2.96034479
v 3.68030906 0.299198002 -2.68043232
v 3.53257775 0.186204001 -2.90975833
v 4.00191927 0.121891998 -3.13560581
v 3.72106814 -0.464960009 -2.61716127
v 4.14597178 -0.375757009 -2.9119904
v 3.76026106 0.269831985 -2.55632138
v 4.17592478 0.185803995 -2.86549401
v 3.56423759 0.234182 -2.86061215
v 4.02611542 0.158557996 -3.09804583
v 3.68030906 -0.472373009 -2.68043232
v 4.11482191 -0.381422013 -2.96034479
v 3.796381 0.234181002 -2.50025153
v 4.20352936 0.158557996 -2.8226428
v 3.60035777 0.269831985 -2.8045423
v 4.05372 0.185803995 -3.05519438
v 3.63954997 -0.464960009 -2.74370337
v 4.08367252 -0.375755996 -3.00869894
v 4.11482191 -0.381422013 -2.96034479
v 3.68030906 -0.472373009 -2.68043232
v 3.82804108 0.186204001 -2.45110536
v 4.22772503 0.121890999 -2.78508353
v 3.63955045 0.291785002 -2.74370241
v 4.08367252 0.202581003 -3.00869894
v 3.60035706 -0.443006992 -2.80454302
v 4.05371952 -0.358978987 -3.05519533
v 3.85402298 0.127743006 -2.4107728
v 4.24758196 0.0772129968 -2.75425887
v 3.56423712 -0.407355994 -2.86061287
v 4.02611494 -0.331732988 -3.09804654
v 3.87333012 0.0610460006 -2.38080215
v 4.26233673 0.0262400005 -2.73135495
v 3.53257775 -0.359378994 -2.90975833
v 4.00191927 -0.295067012 -3.13560581
v 3.88521862 -0.0113249999 -2.36234713
v 4.27142286 -0.0290680006 -2.71725035
v 3.50659513 -0.300918013 -2.9500916
v 3.98206282 -0.250387996 -3.16642976
v 3.88923311 -0.0865880027 -2.35611534
v 4.27449083 -0.0865880027 -2.71248794
v 3.48728871 -0.234220996 -2.98006129
v 3.96730757 -0.199414998 -3.18933439
v 3.88521862 -0.161851004 -2.36234713
v 4.27142286 -0.144106999 -2.71725035
v 3.47539997 -0.161850005 -2.99851656
v 3.95822144 -0.144106999 -3.20343924
v 3.87333012 -0.234220996 -2.38080215
v 4.26233673 -0.199415997 -2.73135495
v 3.47138524 -0.0865869969 -3.00474834
v 3.95515347 -0.0865869969 -3.20820141
v 3.85402298 -0.300918996 -2.4107728
v 4.24758196 -0.25038901 -2.75425887
v 4.17592478 0.185803995 -2.86549401
v 4.17915821 0.0558159985 -2.93162394
v 4.16349936 0.064586997 -2.95593166
v 4.14597178 0.202581003 -2.9119904
v 4.02611542 0.158557996 -3.09804583
v 4.10083914 0.0415720008 -3.05320001
v 4.08819008 0.0224029999 -3.07283545
v 4.00191927 0.121891998 -3.13560581
v 4.11482191 -0.381422013 -2.96034479
v 4.14721394 -0.240723997 -2.98121142
v 4.16349936 -0.237762004 -2.95593166
v 4.14597178 -0.375757009 -2.9119904
v 4.20352936 0.158557996 -2.8226428
v 4.19358969 0.0415720008 -2.90922189
v 4.17915821 0.0558159985 -2.93162394
v 4.05372 0.185803995 -3.05519438
v 4.11527061 0.0558159985 -3.03079796
v 4.10083914 0.0415720008 -3.05320001
v 4.08367252 -0.375755996 -3.00869894
v 4.13092947 -0.237762004 -3.00649023
v 4.14721394 -0.240723997 -2.98121142
v 4.11482191 -0.381422013 -2.96034479
v 4.22772503 0.121890999 -2.78508353
v 4.20623875 0.0224029999 -2.88958645
v 4.19358969 0.0415720008 -2.90922189
v 4.08367252 0.202581003 -3.00869894
v 4.13092947 0.064586997 -3.00649023
v 4.11527061 0.0558159985 -3.03079796
v 4.05371952 -0.358978987 -3.05519533
v 4.11527061 -0.228991002 -3.03079796
v 4.13092947 -0.237762004 -3.00649023
v 4.24758196 0.0772129968 -2.75425887
v 4.21661997 -0.000953999988 -2.87347174
v 4.20623875 0.0224029999 -2.88958645
v 4.11482191 0.208245993 -2.96034479
v 4.14721394 0.0675479993 -2.98121142
v 4.13092947 0.064586997 -3.00649023
v 4.02611494 -0.331732988 -3.09804654
v 4.10083914 -0.214746997 -3.05320001
v 4.11527061 -0.228991002 -3.03079796
v 4.26233673 0.0262400005 -2.73135495
v 4.22433329 -0.0276020002 -2.86149812
v 4.21661997 -0.000953999988 -2.87347174
v 4.00191927 -0.295067012 -3.13560581
v 4.08819008 -0.195577994 -3.07283545
v 4.10083914 -0.214746997 -3.05320001
v 4.27142286 -0.0290680006 -2.71725035
v 4.22908354 -0.0565170012 -2.85412383
v 4.22433329 -0.0276020002 -2.86149812
v 3.98206282 -0.250387996 -3.16642976
v 4.07780886 -0.172221005 -3.08895016
v 4.08819008 -0.195577994 -3.07283545
v 4.27449083 -0.0865880027 -2.71248794
v 4.23068714 -0.0865880027 -2.8516345
v 4.22908354 -0.0565170012 -2.85412383
v 3.96730757 -0.199414998 -3.18933439
v 4.07009506 -0.145573005 -3.10092473
v 4.07780886 -0.172221005 -3.08895016
v 4.27142286 -0.144106999 -2.71725035
v 4.22908354 -0.116658002 -2.85412383
v 4.23068714 -0.0865880027 -2.8516345
v 3.95822144 -0.144106999 -3.20343924
v 4.06534529 -0.116658002 -3.10829806
v 4.07009506 -0.145573005 -3.10092473
v 4.26233673 -0.199415997 -2.73135495
v 4.22433329 -0.145573005 -2.86149812
v 4.22908354 -0.116658002 -2.85412383
v 3.95515347 -0.0865869969 -3.20820141
v 4.06374121 -0.0865869969 -3.11078811
v 4.06534529 -0.116658002 -3.10829806
v 4.24758196 -0.25038901 -2.75425887
v 4.21661997 -0.172221005 -2.87347174
v 4.22433329 -0.145573005 -2.86149812
v 3.95822191 -0.0290680006 -3.20343828
v 4.06534529 -0.0565170012 -3.10829806
v 4.06374121 -0.0865869969 -3.11078811
v 4.22772503 -0.295067012 -2.78508353
v 4.20623875 -0.195577994 -2.88958645
v 4.21661997 -0.172221005 -2.87347174
v 3.96730757 0.0262410007 -3.18933439
v 4.07009506 -0.0276020002 -3.10092473
v 4.06534529 -0.0565170012 -3.10829806
v 4.20352936 -0.331732988 -2.8226428
v 4.19358969 -0.214746997 -2.90922189
v 4.20623875 -0.195577994 -2.88958645
v 3.98206282 0.0772140026 -3.16642976
v 4.07780886 -0.000953999988 -3.08895016
v 4.07009506 -0.0276020002 -3.10092473
v 4.17592478 -0.358978987 -2.86549401
v 4.17915821 -0.228991002 -2.93162394
v 4.19358969 -0.214746997 -2.90922189
v 4.16349936 0.064586997 -2.95593166
v 4.14721394 0.0675479993 -2.98121142
v 4.08819008 0.0224029999 -3.07283545
v 4.07780886 -0.000953999988 -3.08895016
v 4.16349936 -0.237762004 -2.95593166
v 4.17915821 -0.228991002 -2.93162394
v 4.14721298 -0.0865880027 -2.98121071
v 4.14721298 -0.0865880027 -2.98121071
v 4.14721298 -0.0865880027 -2.98121071
v 4.14721298 -0.0865880027 -2.98121071
v 4.14721298 -0.0865880027 -2.98121071
v 4.14721298 -0.0865880027 -2.98121071
v 4.14721298 -0.0865880027 -2.98121071
v 4.14721298 -0.0865880027 -2.98121071
v 4.14721298 -0.0865880027 -2.98121071
v 4.14721298 -0.0865880027 -2.98121071
v 4.14721298 -0.0865880027 -2.98121071
v 4.14721298 -0.0865880027 -2.98121071
v 4.14721298 -0.0865880027 -2.98121071
v 4.14721298 -0.0865880027 -2.98121071
v 4.14721298 -0.0865880027 -2.98121071
v 4.14721298 -0.0865880027 -2.98121071
v 4.14721298 -0.0865880027 -2.98121071
v 4.14721298 -0.0865880027 -2.98121071
v 4.14721298 -0.0865880027 -2.98121071
v 4.14721298 -0.0865880027 -2.98121071
v 4.14721298 -0.0865880027 -2.98121071
v 4.14721298 -0.0865880027 -2.98121071
v 4.14721298 -0.0865880027 -2.98121071
v 4.14721298 -0.0865880027 -2.98121071
v 4.14721298 -0.0865880027 -2.98121071
v 4.14721298 -0.0865880027 -2.98121071
v 4.14721298 -0.0865880027 -2.98121071
v 4.14721298 -0.0865880027 -2.98121071
v 4.14721298 -0.0865880027 -2.98121071
v 4.14721298 -0.0865880027 -2.98121071
v 4.14721298 -0.0865880027 -2.98121071
v 4.14721298 -0.0865880027 -2.98121071
v -3.36657166 0.0863929987 1.85968399
v -3.34712267 0.0862430036 1.889956
v -3.36657166 0.0863929987 1.85968399
v -3.34712267 0.0862430036 1.889956
v -3.38602018 0.0842389986 1.82941222
v -3.40439534 0.0723920017 1.8009268
v -3.32908201 0.0756020024 1.91807914
v -3.42219567 0.0568200015 1.77330434
v -3.43755674 0.0339209996 1.7488296
v -3.45111942 0.00736600021 1.72777605
v -3.31095672 0.0588500015 1.94614363
v -3.29478073 0.0339209996 1.97046351
v -3.28121853 0.00736600021 1.99151635
v -3.46254897 -0.0294640008 1.71321702
v -3.4640274 -0.0711060017 1.70773876
v -3.46681881 -0.0823680013 1.71166503
v -3.4641366 -0.116893001 1.71251011
v -3.45755792 -0.148030996 1.71928263
v -3.44677925 -0.180639997 1.73658156
v -3.43021536 -0.206508994 1.76225495
v -3.40042567 -0.244513005 1.80834854
v -3.41711998 -0.229590997 1.78391647
v -3.35054493 -0.250844985 1.8876164
v -3.36616898 -0.253488988 1.85964608
v -3.38466549 -0.253378987 1.8337034
v -3.36616898 -0.253488988 1.85964608
v -3.33311582 -0.241557002 1.91267061
v -3.31831837 -0.227745995 1.93772388
v -3.30397034 -0.206508994 1.95822763
v -3.28737354 -0.180843994 1.98403931
v -3.27614689 -0.148030996 2.00089049
v -3.27270031 -0.116893001 2.00968027
v -3.27303958 -0.0823680013 2.01247191
v -3.26831055 -0.0711060017 2.01155353
v -3.27267075 -0.0294560008 2.00794625
v -3.27614689 -0.148030996 2.00089049
v -3.28737354 -0.180843994 1.98403931
v -3.30397034 -0.206508994 1.95822763
v -3.31831837 -0.227745995 1.93772388
v -3.33311582 -0.241557002 1.91267061
v -3.35054493 -0.250844985 1.8876164
v -3.36616898 -0.253488988 1.85964608
v -3.38466549 -0.253378987 1.8337034
v -3.40042567 -0.244513005 1.80834854
v -3.41711998 -0.229590997 1.78391647
v -3.43021536 -0.206508994 1.76225495
v -3.44677925 -0.180639997 1.73658156
v -3.45755792 -0.148030996 1.71928263
v -3.4641366 -0.116893001 1.71251011
v -3.46681881 -0.0823680013 1.71166503
v -3.46254897 -0.0294640008 1.71321702
v -3.4640274 -0.0711060017 1.70773876
v 2.75074935 0.288969994 -2.262609
v 3.70020175 0.264261007 -2.52819443
v 3.53598952 0.264582992 -2.76043653
v 3.54991651 0.264261007 -2.7614851
v 0.695609391 -0.0865869969 -1.26067781
v 0.700009525 -0.169079006 -1.25384736
v 1.13616085 -0.248401999 -0.576801479
v 1.14919186 -0.169080004 -0.556573391
v 0.713039875 -0.248401001 -1.23362005
v 1.15359187 -0.0865880027 -0.549742997
v 0.734201074 -0.32150501 -1.20077109
v 1.14919186 -0.00409500021 -0.556573391
v 0.762679279 -0.385580987 -1.15656388
v 1.13616085 0.0752260014 -0.576801479
v 0.79738003 -0.438167006 -1.10269737
v 1.11500025 0.148330003 -0.609649658
v 0.836969197 -0.477241009 -1.04124224
v 0.924600899 0.336252987 -0.905209959
v 0.87992698 0.32812801 -0.974558115
v 1.0865221 0.212405995 -0.653856874
v 0.879926503 -0.501303971 -0.974558949
v 0.836969793 0.304066986 -1.04124141
v 1.05182147 0.264991999 -0.70772332
v 0.924600422 -0.509428024 -0.905210793
v 0.79738003 0.264991999 -1.10269737
v 1.01223207 0.304066002 -0.76917851
v 0.924600422 -0.509428024 -0.905210793
v 0.969274938 -0.501303971 -0.835861742
v 0.762679279 0.212405995 -1.15656388
v 0.969274938 0.32812801 -0.835861742
v 1.01223207 -0.477241993 -0.76917851
v 0.73420167 0.148330003 -1.20077026
v 1.05182147 -0.438167006 -0.70772332
v 0.713040411 0.0752269998 -1.23361933
v 1.0865221 -0.385580987 -0.653856874
v 0.700009525 -0.00409500021 -1.25384736
v 1.11500025 -0.32150501 -0.609649658

# 972 UV coordinates
vt 0.171978995 0.135562003 0
vt 0.180080995 0.134847999 0
vt 0.173867002 0.079234004 0
vt 0.167484999 0.0793920159 0
vt 0.165371999 0.0468299985 0
vt 0.161166996 0.0470939875 0
vt 0.128397003 0.139214993 0
vt 0.123586997 0.139329016 0
vt 0.121022999 0.387233973 0
vt 0.127814993 0.387296975 0
vt 0.126057997 0.134986997 0
vt 0.117976002 0.134069026 0
vt 0.153447002 0.0464789867 0
vt 0.154311001 0.0360029936 0
vt 0.150279 0.0347539783 0
vt 0.150137007 0.046028018 0
vt 0.146816999 0.0463960171 0
vt 0.146216005 0.03590101 0
vt 0.113895997 0.457313001 0
vt 0.121325001 0.457479 0
vt 0.134269997 0.387381971 0
vt 0.0960439965 0.682808995 0
vt 0.0847769976 0.696820021 0
vt 0.0865359977 0.701632977 0
vt 0.0976340026 0.686513007 0
vt 0.152368993 0.644932985 0
vt 0.142729998 0.633901 0
vt 0.142582998 0.64072299 0
vt 0.151058003 0.647276998 0
vt 0.151311994 0.387633979 0
vt 0.145853996 0.387598991 0
vt 0.144963995 0.457814991 0
vt 0.156139001 0.457913995 0
vt 0.156198993 0.136151016 0
vt 0.149012998 0.135654986 0
vt 0.148972005 0.138974011 0
vt 0.155140996 0.139707983 0
vt 0.144115001 0.0794870257 0
vt 0.149715006 0.0796980262 0
vt 0.141818002 0.135969996 0
vt 0.175678998 0.675523996 0
vt 0.109177001 0.674502015 0
vt 0.141730994 0.711655021 0
vt 0.157114998 0.0468369722 0
vt 0.133973002 0.646690965 0
vt 0.123168997 0.657712996 0
vt 0.161801994 0.658565998 0
vt 0.134183004 0.135810018 0
vt 0.138203993 0.0792449713 0
vt 0.131957993 0.0789470077 0
vt 0.143141001 0.046661973 0
vt 0.139083996 0.046818018 0
vt 0.169533998 0.13973099 0
vt 0.162808001 0.139644027 0
vt 0.157440007 0.387672007 0
vt 0.163895994 0.387749016 0
vt 0.163835004 0.13618201 0
vt 0.168599993 0.458076 0
vt 0.176035002 0.458092988 0
vt 0.169623002 0.663480043 0
vt 0.163075 0.655979037 0
vt 0.168035001 0.66631496 0
vt 0.132768005 0.644358039 0
vt 0.121962003 0.655107021 0
vt 0.140396997 0.387498021 0
vt 0.133790001 0.457632005 0
vt 0.135123 0.139297009 0
vt 0.142786995 0.13955301 0
vt 0.155319005 0.0796269774 0
vt 0.161234006 0.0795329809 0
vt 0.188356996 0.68403399 0
vt 0.177346006 0.672455013 0
vt 0.186692998 0.687703013 0
vt 0.116818003 0.665333986 0
vt 0.115301996 0.662458003 0
vt 0.107493997 0.671418011 0
vt 0.0945879966 0.457547009 0
vt 0.102642998 0.422133029 0
vt 0.0853170007 0.456934988 0
vt 0.195270002 0.458787978 0
vt 0.204503 0.458388984 0
vt 0.188170001 0.423147976 0
vt 0.170687005 0.38785702 0
vt 0.184535995 0.458226979 0
vt 0.174339995 0.139966011 0
vt 0.125581995 0.0786280036 0
vt 0.134886995 0.0464479923 0
vt 0.105397999 0.457235992 0
vt 0.399435014 0.604076028 0
vt 0.410544991 0.603379011 0
vt 0.41019401 0.247578979 0
vt 0.394995987 0.249933004 0
vt 0.357616007 0.245621979 0
vt 0.334960014 0.241985977 0
vt 0.345129997 0.247974992 0
vt 0.36035499 0.250142992 0
vt 0.355012 0.156663001 0
vt 0.343098998 0.159938991 0
vt 0.363707989 0.114206016 0
vt 0.355327994 0.113075972 0
vt 0.37677601 0.10225302 0
vt 0.376850009 0.114364982 0
vt 0.419081986 0.655197978 0
vt 0.416063994 0.663900971 0
vt 0.432271987 0.705552995 0
vt 0.379833996 0.604674995 0
vt 0.380095005 0.647011995 0
vt 0.389988989 0.114045978 0
vt 0.377126008 0.15970701 0
vt 0.399201006 0.156394005 0
vt 0.377622008 0.241214991 0
vt 0.397680014 0.245378017 0
vt 0.377649009 0.245742977 0
vt 0.360226005 0.604317009 0
vt 0.349108011 0.603752971 0
vt 0.420289993 0.241466999 0
vt 0.411152989 0.159524977 0
vt 0.398353994 0.112814009 0
vt 0.382459998 0.097235024 0
vt 0.376735985 0.0956249833 0
vt 0.344339013 0.664346993 0
vt 0.371032 0.0973039865 0
vt 0.920168996 0.0733780265 0
vt 0.900068998 0.075290978 0
vt 0.922417998 0.0883129835 0
vt 0.90633601 0.454104006 0
vt 0.906315982 0.41691798 0
vt 0.847681999 0.415542006 0
vt 0.847719014 0.453103006 0
vt 0.773801982 0.414225996 0
vt 0.774810016 0.450492024 0
vt 0.719983995 0.416966021 0
vt 0.721651971 0.449142992 0
vt 0.703992009 0.420638978 0
vt 0.706026018 0.452320993 0
vt 0.678626001 0.455946982 0
vt 0.680243015 0.473259985 0
vt 0.66180402 0.472389996 0
vt 0.662810981 0.484142005 0
vt 0.634069979 0.488597989 0
vt 0.634868979 0.496752024 0
vt 0.607659996 0.500041008 0
vt 0.60869199 0.505707979 0
vt 0.569482028 0.51413399 0
vt 0.570419014 0.51848197 0
vt 0.549061 0.519477963 0
vt 0.549426973 0.523941994 0
vt 0.53479898 0.524093986 0
vt 0.535219014 0.528949976 0
vt 0.516454995 0.528329968 0
vt 0.518073976 0.532628 0
vt 0.535329998 0.539093971 0
vt 0.535347998 0.535890996 0
vt 0.518682003 0.535860002 0
vt 0.518482983 0.537366986 0
vt 0.51345098 0.535848975 0
vt 0.518489003 0.534352005 0
vt 0.549513996 0.543148041 0
vt 0.549539983 0.539533973 0
vt 0.549556017 0.535930991 0
vt 0.570604026 0.54182899 0
vt 0.570674002 0.535899997 0
vt 0.608781993 0.560140014 0
vt 0.570569992 0.547809958 0
vt 0.570405006 0.553355992 0
vt 0.608686984 0.56614399 0
vt 0.634645998 0.551836014 0
vt 0.634712994 0.535896003 0
vt 0.608900011 0.535902023 0
vt 0.608790994 0.547989964 0
vt 0.662433982 0.557485998 0
vt 0.662415981 0.535879016 0
vt 0.680342019 0.561640024 0
vt 0.680221021 0.535861015 0
vt 0.706543982 0.567425013 0
vt 0.706530988 0.535820007 0
vt 0.722486973 0.570800006 0
vt 0.722535014 0.535794973 0
vt 0.776314974 0.571027994 0
vt 0.776506007 0.535766006 0
vt 0.848412991 0.56911701 0
vt 0.84858501 0.53580904 0
vt 0.906661987 0.56655401 0
vt 0.906754971 0.535829008 0
vt 0.925675988 0.519566 0
vt 0.906648993 0.504472971 0
vt 0.92544198 0.655323029 0
vt 0.924785018 0.636430979 0
vt 0.906359971 0.655294001 0
vt 0.84147203 0.219231009 0
vt 0.897083998 0.219407976 0
vt 0.894019008 0.192839026 0
vt 0.838733971 0.192655981 0
vt 0.781850994 0.219096005 0
vt 0.782566011 0.192470014 0
vt 0.727796018 0.219682992 0
vt 0.730292022 0.192308009 0
vt 0.705380023 0.217244983 0
vt 0.709239006 0.192219973 0
vt 0.651835978 0.213374019 0
vt 0.652449012 0.192021012 0
vt 0.605888009 0.209701002 0
vt 0.598085999 0.191883028 0
vt 0.579307973 0.205541015 0
vt 0.57010299 0.191833019 0
vt 0.565039992 0.208082974 0
vt 0.552751005 0.199593008 0
vt 0.556949019 0.211624026 0
vt 0.573157012 0.203423023 0
vt 0.575875998 0.215894997 0
vt 0.588275015 0.221132994 0
vt 0.567587972 0.19975698 0
vt 0.551616013 0.191770017 0
vt 0.536662996 0.205340981 0
vt 0.557087004 0.171983004 0
vt 0.536756992 0.178104997 0
vt 0.552788019 0.183956981 0
vt 0.598062992 0.144533992 0
vt 0.587460995 0.153789997 0
vt 0.588513017 0.16279 0
vt 0.90636301 0.618050992 0
vt 0.841574013 0.165687978 0
vt 0.897189021 0.165745974 0
vt 0.781948984 0.165603995 0
vt 0.727931023 0.164852977 0
vt 0.705582023 0.167185009 0
vt 0.652061999 0.170468986 0
vt 0.606070995 0.173657 0
vt 0.579299986 0.177882016 0
vt 0.49959901 0.191591978 0
vt 0.505070984 0.191610992 0
vt 0.50286603 0.183719993 0
vt 0.502811015 0.199486971 0
vt 0.52235198 0.191672027 0
vt 0.521831989 0.180239022 0
vt 0.521752 0.203100979 0
vt 0.536845982 0.191721022 0
vt 0.565144002 0.175601006 0
vt 0.573164999 0.180025995 0
vt 0.567588985 0.183773994 0
vt 0.569467008 0.557704985 0
vt 0.549409986 0.547883987 0
vt 0.54903698 0.552352011 0
vt 0.535192013 0.542840004 0
vt 0.534757018 0.547698975 0
vt 0.518061996 0.539088011 0
vt 0.516425014 0.543380022 0
vt 0.535347998 0.532687008 0
vt 0.549521029 0.52867496 0
vt 0.570581973 0.524026036 0
vt 0.608785987 0.511708975 0
vt 0.63479799 0.503983974 0
vt 0.66268301 0.492706001 0
vt 0.680238008 0.484227002 0
vt 0.706232011 0.472667992 0
vt 0.722009003 0.466968 0
vt 0.775201976 0.465122998 0
vt 0.847856998 0.467642009 0
vt 0.906464994 0.472011983 0
vt 0.925426006 0.617923975 0
vt 0.925530016 0.601534963 0
vt 0.847728014 0.619055986 0
vt 0.847674012 0.656639993 0
vt 0.774811983 0.621623039 0
vt 0.773759007 0.657894015 0
vt 0.721644998 0.622887015 0
vt 0.719924986 0.655071974 0
vt 0.706019998 0.619681001 0
vt 0.703931987 0.651371956 0
vt 0.680266976 0.598683 0
vt 0.678618014 0.616003036 0
vt 0.662837029 0.587759972 0
vt 0.661812007 0.599521041 0
vt 0.634876013 0.575111985 0
vt 0.634070992 0.583272994 0
vt 0.607652009 0.571812034 0
vt 0.906493008 0.600136995 0
vt 0.847869992 0.60451901 0
vt 0.775222003 0.606996 0
vt 0.722034991 0.605057001 0
vt 0.706259012 0.599331021 0
vt 0.680284023 0.587707996 0
vt 0.662720978 0.579183996 0
vt 0.634806991 0.567875028 0
vt 0.848402977 0.501848996 0
vt 0.776251972 0.499957979 0
vt 0.722301006 0.500342011 0
vt 0.706332982 0.503875971 0
vt 0.680177987 0.509907961 0
vt 0.662355006 0.514196992 0
vt 0.634626985 0.519922972 0
vt 0.608787 0.523787022 0
vt 0.570609987 0.529945016 0
vt 0.925571978 0.503471017 0
vt 0.925571978 0.584324956 0
vt 0.614748001 0.155224025 0
vt 0.623225987 0.133446991 0
vt 0.652200997 0.148802996 0
vt 0.653916001 0.125819027 0
vt 0.70322597 0.143379986 0
vt 0.701355994 0.123930991 0
vt 0.725391984 0.245700002 0
vt 0.702857971 0.241180003 0
vt 0.700869977 0.260636985 0
vt 0.722452998 0.266928017 0
vt 0.725739002 0.139002025 0
vt 0.722961009 0.11778599 0
vt 0.778402984 0.110936999 0
vt 0.780771017 0.139090002 0
vt 0.844034016 0.138388991 0
vt 0.845480025 0.107021987 0
vt 0.899942994 0.137854993 0
vt 0.901740015 0.104188025 0
vt 0.925563991 0.567561984 0
vt 0.597680986 0.239435971 0
vt 0.622771025 0.250681996 0
vt 0.614427984 0.228855014 0
vt 0.653419971 0.258487999 0
vt 0.651834011 0.235499978 0
vt 0.78046 0.246107996 0
vt 0.777866006 0.274227977 0
vt 0.701201975 0.279977024 0
vt 0.720423996 0.28601402 0
vt 0.844906986 0.278676987 0
vt 0.843704998 0.247304976 0
vt 0.901139021 0.281939983 0
vt 0.899600983 0.248261988 0
vt 0.92534399 0.45422101 0
vt 0.566438019 0.213892996 0
vt 0.581330001 0.226983011 0
vt 0.581610024 0.156868994 0
vt 0.566596985 0.169808984 0
vt 0.576047003 0.167903006 0
vt 0.562938988 0.168527007 0
vt 0.587153018 0.230108976 0
vt 0.561300993 0.187979996 0
vt 0.561315 0.195567012 0
vt 0.560495973 0.191770971 0
vt 0.596311986 0.501258969 0
vt 0.606652021 0.497057021 0
vt 0.596300006 0.570590019 0
vt 0.606643021 0.574797034 0
vt 0.588554025 0.236752987 0
vt 0.606001973 0.252703011 0
vt 0.562766016 0.215138972 0
vt 0.579851985 0.22992599 0
vt 0.925548971 0.470610023 0
vt 0.844062984 0.304548025 0
vt 0.899251997 0.310823023 0
vt 0.775703013 0.296747983 0
vt 0.721069992 0.0986949801 0
vt 0.701807022 0.104601026 0
vt 0.656462014 0.278298974 0
vt 0.631844997 0.271632016 0
vt 0.580159009 0.153913021 0
vt 0.925568998 0.48715502 0
vt 0.844835997 0.0811449885 0
vt 0.77642101 0.0884029865 0
vt 0.657069027 0.106029987 0
vt 0.63242501 0.112555027 0
vt 0.606473982 0.131321013 0
vt 0.588913023 0.147153974 0
vt 0.656579018 0.470655024 0
vt 0.628829002 0.486679971 0
vt 0.673983991 0.452313006 0
vt 0.698752999 0.416308999 0
vt 0.717709005 0.411017001 0
vt 0.773613989 0.408765972 0
vt 0.844865978 0.41000402 0
vt 0.902410984 0.41178602 0
vt 0.925373018 0.416898012 0
vt 0.92335999 0.411765993 0
vt 0.575387001 0.510563016 0
vt 0.628825009 0.585188031 0
vt 0.656581998 0.60125196 0
vt 0.673967004 0.619630992 0
vt 0.698683977 0.655694008 0
vt 0.717639029 0.661020041 0
vt 0.773564994 0.663354993 0
vt 0.844851017 0.662180007 0
vt 0.902447999 0.660430014 0
vt 0.923424006 0.660461009 0
vt 0.575371981 0.561278999 0
vt 0.041788999 0.871472001 0
vt 0.0486430004 0.871693969 0
vt 0.0488310009 0.865702987 0
vt 0.0419679992 0.865526021 0
vt 0.0422560014 0.841675997 0
vt 0.049093999 0.841629028 0
vt 0.0490109995 0.835613012 0
vt 0.042165 0.835726023 0
vt 0.0361989997 0.765882015 0
vt 0.0429099984 0.764029026 0
vt 0.0412800014 0.757767022 0
vt 0.0343240015 0.760218024 0
vt 0.0415779985 0.877413988 0
vt 0.0484200008 0.877668977 0
vt 0.0422200002 0.847633004 0
vt 0.0491060019 0.847653031 0
vt 0.0375760011 0.771506011 0
vt 0.0442019999 0.770110011 0
vt 0.0413339995 0.883342028 0
vt 0.0481659994 0.883621991 0
vt 0.0385960005 0.777167022 0
vt 0.0452190004 0.77610302 0
vt 0.0411049984 0.889243007 0
vt 0.0478920005 0.889548004 0
vt 0.0393939987 0.782873034 0
vt 0.0460220017 0.782055974 0
vt 0.0408729985 0.895087004 0
vt 0.0475899987 0.895451009 0
vt 0.0399640016 0.788640976 0
vt 0.0466470011 0.787999988 0
vt 0.0405640006 0.900896013 0
vt 0.0472230017 0.901345015 0
vt 0.0404339992 0.794427037 0
vt 0.0471430011 0.79392302 0
vt 0.0401500016 0.906646013 0
vt 0.0467620008 0.907222986 0
vt 0.0407930017 0.800255001 0
vt 0.0475409999 0.799849033 0
vt 0.0396500006 0.912366986 0
vt 0.0461790003 0.913094997 0
vt 0.0410659984 0.806106985 0
vt 0.0478690006 0.80577302 0
vt 0.0389330015 0.917999029 0
vt 0.0454230011 0.918958008 0
vt 0.0413299985 0.812008977 0
vt 0.0481619984 0.81170702 0
vt 0.0379969999 0.92356199 0
vt 0.0444569997 0.924831986 0
vt 0.0416040011 0.81793201 0
vt 0.0484340005 0.817656994 0
vt 0.0366999991 0.929067016 0
vt 0.0432109982 0.930778027 0
vt 0.0422190018 0.853599012 0
vt 0.0490720011 0.853671014 0
vt 0.0418419987 0.823858976 0
vt 0.0486739986 0.823625982 0
vt 0.0349089988 0.934576988 0
vt 0.0416020006 0.93688798 0
vt 0.0421099998 0.859564006 0
vt 0.0489769988 0.859694004 0
vt 0.0420319997 0.829784989 0
vt 0.0488689989 0.82960999 0
vt 0.0324589983 0.940124989 0
vt 0.0395260006 0.943391025 0
vt 0.0392990001 0.751201034 0
vt 0.0316990018 0.754378021 0
vt 0.201958999 0.804867029 0
vt 0.201757997 0.797707021 0
vt 0.199261993 0.940707028 0
vt 0.199727997 0.933516026 0
vt 0.202125996 0.812018991 0
vt 0.198732004 0.947887003 0
vt 0.202411994 0.85483402 0
vt 0.202450007 0.847703993 0
vt 0.202259004 0.819164991 0
vt 0.198092997 0.955025017 0
vt 0.202340007 0.861963987 0
vt 0.202358007 0.826305032 0
vt 0.197201997 0.962051988 0
vt 0.202234 0.869094968 0
vt 0.202423006 0.833441019 0
vt 0.198581994 0.740051031 0
vt 0.197690994 0.73297596 0
vt 0.202093005 0.876228988 0
vt 0.202454001 0.840573013 0
vt 0.199241996 0.747277021 0
vt 0.201918006 0.883365989 0
vt 0.199765995 0.754513979 0
vt 0.201709002 0.890507996 0
vt 0.200210005 0.761744976 0
vt 0.201467007 0.897656977 0
vt 0.200599998 0.768962979 0
vt 0.201188996 0.904811978 0
vt 0.200945005 0.776167035 0
vt 0.200877994 0.911975026 0
vt 0.201251999 0.783357978 0
vt 0.200532004 0.919147015 0
vt 0.201521993 0.790538013 0
vt 0.200149 0.92632699 0
vt 0.209737003 0.862100005 0
vt 0.209808007 0.85493499 0
vt 0.209763005 0.826267004 0
vt 0.209670007 0.819092035 0
vt 0.204677001 0.963585019 0
vt 0.205555007 0.955932021 0
vt 0.209631994 0.869266033 0
vt 0.209823996 0.833436966 0
vt 0.206291005 0.739226997 0
vt 0.205516994 0.731539011 0
vt 0.209493995 0.876434982 0
vt 0.209851995 0.840605021 0
vt 0.206855997 0.746697009 0
vt 0.209324002 0.88360703 0
vt 0.209847003 0.847769976 0
vt 0.207322001 0.75406003 0
vt 0.209120005 0.890784025 0
vt 0.207729995 0.761363983 0
vt 0.208883002 0.897966981 0
vt 0.208093002 0.768634021 0
vt 0.208614007 0.90515697 0
vt 0.208418995 0.775880992 0
vt 0.208311006 0.912356019 0
vt 0.20871 0.783110023 0
vt 0.207974002 0.919565022 0
vt 0.208967999 0.790325999 0
vt 0.207600996 0.926786005 0
vt 0.209191993 0.797529995 0
vt 0.207187995 0.934023023 0
vt 0.209383994 0.804724991 0
vt 0.206726998 0.941281021 0
vt 0.209543005 0.811912 0
vt 0.206198007 0.948572993 0
vt 0.578787982 0.888269007 0
vt 0.578878999 0.880518019 0
vt 0.579144001 0.849515021 0
vt 0.579186022 0.84176302 0
vt 0.578864992 0.748515964 0
vt 0.578707993 0.74072504 0
vt 0.578687012 0.896021008 0
vt 0.578972995 0.756307006 0
vt 0.578576028 0.903774023 0
vt 0.579056025 0.764093995 0
vt 0.578453004 0.911527991 0
vt 0.579122007 0.771876991 0
vt 0.578319013 0.919283986 0
vt 0.579173982 0.779655993 0
vt 0.578172982 0.927040994 0
vt 0.579213023 0.787431002 0
vt 0.57801199 0.934799016 0
vt 0.579240024 0.795202017 0
vt 0.57783699 0.942556024 0
vt 0.579257011 0.802969992 0
vt 0.577642024 0.950304985 0
vt 0.579262018 0.810734034 0
vt 0.577414989 0.958027005 0
vt 0.579092026 0.857267022 0
vt 0.579258025 0.818495035 0
vt 0.577112973 0.965668976 0
vt 0.579029977 0.865016997 0
vt 0.579244018 0.826252997 0
vt 0.576555014 0.973116994 0
vt 0.578958988 0.872767985 0
vt 0.579219997 0.834008992 0
vt 0.57843399 0.732949018 0
vt 0.577888012 0.725383043 0
vt 0.583410978 0.911643028 0
vt 0.583532989 0.903881013 0
vt 0.584097981 0.771875024 0
vt 0.584035993 0.764082015 0
vt 0.583278 0.919405997 0
vt 0.584146023 0.779662013 0
vt 0.583132029 0.927172005 0
vt 0.584182978 0.787445009 0
vt 0.58297199 0.934939981 0
vt 0.584206998 0.795222998 0
vt 0.582794011 0.942709982 0
vt 0.584221005 0.802996993 0
vt 0.582589984 0.950482011 0
vt 0.584224999 0.810766995 0
vt 0.582333028 0.95825702 0
vt 0.584046006 0.857335985 0
vt 0.584098995 0.849578977 0
vt 0.584218025 0.81853497 0
vt 0.581947982 0.966041982 0
vt 0.583984017 0.865092993 0
vt 0.584201992 0.826299012 0
vt 0.581270993 0.973963022 0
vt 0.583913028 0.872848988 0
vt 0.584177017 0.834061027 0
vt 0.583498001 0.73268199 0
vt 0.582951009 0.724536002 0
vt 0.583832979 0.880605996 0
vt 0.584142029 0.841821015 0
vt 0.583724976 0.740619004 0
vt 0.583742976 0.888363004 0
vt 0.583860993 0.748466015 0
vt 0.583643019 0.896121979 0
vt 0.583958983 0.756281018 0
vt 0.637883008 0.935958028 0
vt 0.692794025 0.936976016 0
vt 0.692770004 0.92900902 0
vt 0.637951016 0.92809099 0
vt 0.63894099 0.795261025 0
vt 0.693674982 0.795300007 0
vt 0.693823993 0.78738898 0
vt 0.639002979 0.787416995 0
vt 0.637808025 0.943840027 0
vt 0.69282198 0.944968998 0
vt 0.638877988 0.803094029 0
vt 0.69353497 0.803192019 0
vt 0.637719989 0.951738 0
vt 0.692849994 0.952992976 0
vt 0.638814986 0.810917974 0
vt 0.693404973 0.811067998 0
vt 0.637605011 0.959653974 0
vt 0.692876995 0.961050987 0
vt 0.638455987 0.857725024 0
vt 0.692866027 0.858114004 0
vt 0.69292599 0.850286007 0
vt 0.638512015 0.849932015 0
vt 0.638751984 0.818732977 0
vt 0.693286002 0.818931997 0
vt 0.637425005 0.967594028 0
vt 0.692902029 0.969145 0
vt 0.638400972 0.86552 0
vt 0.692817986 0.865948021 0
vt 0.638689995 0.82654202 0
vt 0.693177998 0.826784968 0
vt 0.637095988 0.975619972 0
vt 0.692920983 0.977276027 0
vt 0.63834703 0.87331903 0
vt 0.692780972 0.873789012 0
vt 0.638629019 0.834342003 0
vt 0.693081021 0.834623992 0
vt 0.639267981 0.731974959 0
vt 0.695037007 0.731267989 0
vt 0.69520998 0.723228991 0
vt 0.639079988 0.723883033 0
vt 0.638293028 0.881121993 0
vt 0.692753017 0.88163799 0
vt 0.638570011 0.842137992 0
vt 0.692996979 0.842455983 0
vt 0.639289975 0.74000299 0
vt 0.694855988 0.739387035 0
vt 0.638239026 0.888929009 0
vt 0.692735016 0.889495969 0
vt 0.639267027 0.747967005 0
vt 0.694674015 0.747467041 0
vt 0.638185024 0.896743 0
vt 0.692727029 0.897364974 0
vt 0.639226973 0.755895972 0
vt 0.694494009 0.755510986 0
vt 0.638130009 0.904564977 0
vt 0.692727029 0.905247986 0
vt 0.639177024 0.763801992 0
vt 0.694317997 0.763522029 0
vt 0.638073027 0.912396014 0
vt 0.692735016 0.913148999 0
vt 0.639122009 0.771688998 0
vt 0.694145977 0.771502972 0
vt 0.638014019 0.920237005 0
vt 0.692749023 0.921068013 0
vt 0.639064014 0.77955997 0
vt 0.693980992 0.779457986 0
vt 0.775245011 0.958694994 0
vt 0.774766982 0.950809002 0
vt 0.772190988 0.858595014 0
vt 0.772208989 0.851013005 0
vt 0.772826016 0.820625007 0
vt 0.773082018 0.813013017 0
vt 0.775763988 0.966628015 0
vt 0.772229016 0.866208017 0
vt 0.772614002 0.828236997 0
vt 0.776320994 0.974532008 0
vt 0.77226299 0.873742998 0
vt 0.77244103 0.835797012 0
vt 0.777996004 0.735445976 0
vt 0.778725982 0.727473974 0
vt 0.772328019 0.881356001 0
vt 0.772283971 0.843424022 0
vt 0.777310014 0.743369997 0
vt 0.772433996 0.888980985 0
vt 0.776669025 0.751248002 0
vt 0.772580981 0.896619976 0
vt 0.776069999 0.759083986 0
vt 0.772768974 0.904276967 0
vt 0.77551502 0.766879022 0
vt 0.772998989 0.911957026 0
vt 0.775002003 0.77463901 0
vt 0.773271024 0.919661999 0
vt 0.774532974 0.782365978 0
vt 0.773582995 0.927397013 0
vt 0.774106979 0.790063024 0
vt 0.773936987 0.935163975 0
vt 0.773723006 0.797734976 0
vt 0.774330974 0.942965984 0
vt 0.773380995 0.80538398 0
vt 0.891206026 0.750459015 0
vt 0.89268899 0.743301034 0
vt 0.880779028 0.878812015 0
vt 0.880478978 0.872249007 0
vt 0.780451 0.85098201 0
vt 0.784713984 0.860626996 0
vt 0.889810026 0.75752002 0
vt 0.881048977 0.885384023 0
vt 0.341437012 0.65564096 0
vt 0.888495982 0.764505982 0
vt 0.881434023 0.892008007 0
vt 0.887272 0.771425009 0
vt 0.881847978 0.89872998 0
vt 0.886144996 0.778290033 0
vt 0.882449985 0.905490994 0
vt 0.885113001 0.78511101 0
vt 0.883150995 0.91227001 0
vt 0.884171009 0.791902006 0
vt 0.883947015 0.919068992 0
vt 0.883311987 0.798691988 0
vt 0.884827018 0.925885022 0
vt 0.882681012 0.805409014 0
vt 0.885730982 0.932815015 0
vt 0.881994009 0.812049031 0
vt 0.886824012 0.939804018 0
vt 0.881406009 0.818710983 0
vt 0.888006985 0.946847022 0
vt 0.170209005 0.708299041 0
vt 0.880888999 0.825372994 0
vt 0.88925302 0.953972995 0
vt 0.880182028 0.845870018 0
vt 0.884407997 0.845889986 0
vt 0.884468973 0.839253008 0
vt 0.880212009 0.839792967 0
vt 0.880397022 0.832037985 0
vt 0.890622973 0.961256981 0
vt 0.884760976 0.832388997 0
vt 0.784732997 0.84146297 0
vt 0.891676009 0.772229016 0
vt 0.892939985 0.765375018 0
vt 0.886119008 0.898423016 0
vt 0.885737002 0.891764998 0
vt 0.890516996 0.779027998 0
vt 0.886780977 0.905106008 0
vt 0.889465988 0.785784006 0
vt 0.887498975 0.911822021 0
vt 0.888523996 0.792509019 0
vt 0.888311982 0.918558002 0
vt 0.887722015 0.799206018 0
vt 0.889266014 0.925323009 0
vt 0.886861026 0.805853009 0
vt 0.890143991 0.932190001 0
vt 0.886242986 0.812479973 0
vt 0.891322017 0.939094007 0
vt 0.885675013 0.819094002 0
vt 0.892567992 0.946075022 0
vt 0.880185008 0.858987987 0
vt 0.884501994 0.858961999 0
vt 0.884422004 0.852432013 0
vt 0.880183995 0.852412999 0
vt 0.88518101 0.825720012 0
vt 0.893926978 0.953116 0
vt 0.880357027 0.865061998 0
vt 0.879221976 0.865631998 0
vt 0.795665979 0.865731001 0
vt 0.895294011 0.960047007 0
vt 0.113264002 0.707391977 0
vt 0.895712018 0.751434982 0
vt 0.897107005 0.744500995 0
vt 0.884873986 0.878632009 0
vt 0.884678006 0.872079968 0
vt 0.878862023 0.838957012 0
vt 0.795858979 0.836795986 0
vt 0.894302011 0.758448005 0
vt 0.885263979 0.88518399 0
vt 0.893073022 0.793161035 0
vt 0.894034028 0.786507964 0
vt 0.892871022 0.91800797 0
vt 0.892067015 0.911336005 0
vt 0.892214 0.799793005 0
vt 0.893747985 0.924682975 0
vt 0.891394019 0.806387007 0
vt 0.894930005 0.931412995 0
vt 0.890734017 0.812932014 0
vt 0.896070004 0.938300014 0
vt 0.890170991 0.819490016 0
vt 0.89734 0.945223987 0
vt 0.888921022 0.858959019 0
vt 0.888873994 0.852455974 0
vt 0.889698029 0.826063991 0
vt 0.89872098 0.95224601 0
vt 0.884516001 0.86551398 0
vt 0.888978004 0.865476966 0
vt 0.889317989 0.832682014 0
vt 0.900174022 0.959502995 0
vt 0.889123976 0.871978998 0
vt 0.88902998 0.839385033 0
vt 0.900627971 0.752485991 0
vt 0.902262986 0.745164037 0
vt 0.88934499 0.878470004 0
vt 0.888898015 0.845951021 0
vt 0.899052024 0.759473979 0
vt 0.889693975 0.884956002 0
vt 0.897611976 0.76632899 0
vt 0.890092015 0.891453028 0
vt 0.896300018 0.773105979 0
vt 0.890761018 0.898010969 0
vt 0.895108998 0.779826999 0
vt 0.891359985 0.904677987 0
vt 0.939002991 0.818203986 0
vt 0.939647019 0.812498987 0
vt 0.944948018 0.926762998 0
vt 0.943681002 0.921114981 0
vt 0.938458025 0.823921978 0
vt 0.946353018 0.932395995 0
vt 0.937162995 0.858354986 0
vt 0.937151015 0.852618992 0
vt 0.938009977 0.829652011 0
vt 0.947903991 0.938010991 0
vt 0.937264025 0.864086986 0
vt 0.937656999 0.835390985 0
vt 0.949615002 0.943603992 0
vt 0.937454998 0.869814992 0
vt 0.93739599 0.841135025 0
vt 0.949002028 0.76751101 0
vt 0.950779974 0.762136996 0
vt 0.937738001 0.875540018 0
vt 0.937228024 0.846877992 0
vt 0.947356999 0.77305603 0
vt 0.938116014 0.881259978 0
vt 0.945867002 0.778626978 0
vt 0.938591003 0.886976004 0
vt 0.944519997 0.784222007 0
vt 0.939167976 0.89268899 0
vt 0.943306029 0.789839029 0
vt 0.939846992 0.898391008 0
vt 0.942219019 0.795477986 0
vt 0.940631986 0.904085994 0
vt 0.94125098 0.801136017 0
vt 0.941528976 0.909771979 0
vt 0.940394998 0.806810021 0
vt 0.94254303 0.91544801 0
vt 0.951641977 0.862465978 0
vt 0.951588988 0.859468997 0
vt 0.952161014 0.834910035 0
vt 0.952346027 0.831910014 0
vt 0.963261008 0.937972009 0
vt 0.962365985 0.935047984 0
vt 0.951803029 0.867969036 0
vt 0.951703012 0.864974022 0
vt 0.951892018 0.840420008 0
vt 0.952027977 0.837415993 0
vt 0.962930024 0.770696998 0
vt 0.963859975 0.767886996 0
vt 0.952054024 0.873463035 0
vt 0.951906025 0.870469987 0
vt 0.951699972 0.84592998 0
vt 0.951786995 0.842926979 0
vt 0.961682022 0.775866985 0
vt 0.962541997 0.772969007 0
vt 0.952400029 0.878946006 0
vt 0.952202022 0.875954986 0
vt 0.951592982 0.851442993 0
vt 0.95163399 0.848442018 0
vt 0.960219026 0.78104198 0
vt 0.960997999 0.778129995 0
vt 0.952839971 0.884418011 0
vt 0.952591002 0.88143003 0
vt 0.958899021 0.786270976 0
vt 0.959604025 0.783345997 0
vt 0.953384995 0.889877975 0
vt 0.953083992 0.886891007 0
vt 0.957710981 0.791547 0
vt 0.958346009 0.788609982 0
vt 0.95401299 0.895325005 0
vt 0.953657985 0.892343998 0
vt 0.956646025 0.796864986 0
vt 0.957215011 0.793917 0
vt 0.954755008 0.900753021 0
vt 0.954343975 0.897776008 0
vt 0.955697 0.802219033 0
vt 0.956203997 0.799260974 0
vt 0.95560199 0.906162024 0
vt 0.955133021 0.903189003 0
vt 0.954856992 0.807605982 0
vt 0.955304027 0.804638982 0
vt 0.956562996 0.911545992 0
vt 0.956031978 0.908578992 0
vt 0.95411998 0.813021004 0
vt 0.954510987 0.81004703 0
vt 0.957647026 0.916903019 0
vt 0.957051992 0.913941026 0
vt 0.953490973 0.818462014 0
vt 0.953827977 0.815478981 0
vt 0.958837986 0.922232032 0
vt 0.958176017 0.919278979 0
vt 0.952956021 0.823925972 0
vt 0.953240991 0.820936978 0
vt 0.960171998 0.927523017 0
vt 0.959438026 0.924578011 0
vt 0.951574028 0.856956005 0
vt 0.951568007 0.853956997 0
vt 0.952513993 0.829410017 0
vt 0.952748001 0.826413989 0
vt 0.961642027 0.932771981 0
vt 0.960830986 0.929836988 0
vt 0.969413996 0.813519001 0
vt 0.972388029 0.912401021 0
vt 0.968798995 0.818681002 0
vt 0.973497987 0.917392015 0
vt 0.968273997 0.823876977 0
vt 0.974754989 0.922321975 0
vt 0.966795027 0.855423987 0
vt 0.967837989 0.829100966 0
vt 0.976137996 0.927187026 0
vt 0.966826975 0.860700011 0
vt 0.967485011 0.834347963 0
vt 0.977657974 0.93197 0
vt 0.966956019 0.865963995 0
vt 0.967204988 0.839609981 0
vt 0.977657974 0.774011016 0
vt 0.967172027 0.871214986 0
vt 0.966987014 0.844874024 0
vt 0.976827979 0.77878499 0
vt 0.967482984 0.876447022 0
vt 0.966849029 0.850147009 0
vt 0.975392997 0.783540964 0
vt 0.967885017 0.881662011 0
vt 0.974101007 0.788383007 0
vt 0.968396008 0.886856019 0
vt 0.972938001 0.793298006 0
vt 0.968968987 0.892032027 0
vt 0.971895993 0.798276007 0
vt 0.969663978 0.897180021 0
vt 0.970965981 0.803310037 0
vt 0.970457971 0.902294993 0
vt 0.97013998 0.808393002 0
vt 0.971360981 0.907370985 0
vt 0.925611019 0.535724044 0
vt 0.925682008 0.551849961 0
vt 0.0315000005 0.847640991 0
vt 0.0317079984 0.853761017 0
vt 0.0314490013 0.841515005 0
vt 0.0313870013 0.835355997 0
vt 0.0317800008 0.859755993 0
vt 0.0317559987 0.829234004 0
vt 0.0319069996 0.823049009 0
vt 0.0323100016 0.816987991 0
vt 0.0320199989 0.866052985 0
vt 0.0319989994 0.872500002 0
vt 0.032455001 0.878534019 0
vt 0.0321759991 0.810075998 0
vt 0.031626001 0.803088009 0
vt 0.0310570002 0.801322997 0
vt 0.0308539998 0.795753002 0
vt 0.0304119997 0.790547967 0
vt 0.0292799994 0.784466028 0
vt 0.0277779996 0.778311014 0
vt 0.0262279995 0.768401027 0
vt 0.0273340009 0.773149014 0
vt 0.0254660007 0.930442989 0
vt 0.0234159995 0.934332013 0
vt 0.0247530006 0.764167011 0
vt 0.0223420002 0.760309994 0
vt 0.0268830005 0.926236033 0
vt 0.0279549994 0.921763003 0
vt 0.0284519996 0.916944027 0
vt 0.0298430007 0.910878003 0
vt 0.0308379997 0.904820979 0
vt 0.0312120002 0.899654984 0
vt 0.0313519984 0.894120991 0
vt 0.0319040008 0.892363012 0
vt 0.0323849991 0.885411978 0
vt 0.924503982 0.102343023 0
vt 0.925903022 0.119109988 0
vt 0.927097976 0.136533976 0
vt 0.927625 0.150870025 0
vt 0.928692997 0.164906979 0
vt 0.928650022 0.178862989 0
vt 0.92959398 0.192879975 0
vt 0.928884029 0.20678401 0
vt 0.928601027 0.220404983 0
vt 0.927555978 0.234856009 0
vt 0.926747024 0.24980998 0
vt 0.925404012 0.267237008 0
vt 0.923888028 0.283950984 0
vt 0.921698987 0.297966003 0
vt 0.919339001 0.312884986 0
vt 0.924703002 0.435756981 0
vt 0.329194993 0.706140041 0
vt 0.199172005 0.698439002 0
vt 0.197293997 0.703230977 0

# 909 vertex normals
vn -0.307712257 0.872711837 -0.379061073
vn -0.320863187 0.860296011 -0.396153569
vn -0.349327356 0.854529142 -0.384383082
vn -0.339108765 0.865325868 -0.369075239
vn -0.482790589 0.819266498 -0.309379637
vn -0.524300158 0.806516528 -0.273204148
vn 0.581018388 0.757914722 0.296619415
vn 0.72604847 0.658501327 0.198064655
vn 0.351130754 0.691325247 0.631487727
vn 0.314178407 0.782126665 0.538117051
vn 0.861267626 0.503350735 -0.0696859434
vn -0.404273242 0.91203481 -0.0689625442
vn -0.592404723 0.804430306 0.0441423394
vn -0.456336975 0.83984375 0.29397127
vn -0.279522151 0.943102896 0.180067539
vn -0.104348756 0.91203481 0.396615714
vn -0.285114944 0.804430306 0.521153867
vn 0.340760767 0.740405917 0.579379976
vn 0.279798657 0.836224139 0.471637666
vn 0.257934719 0.860390484 0.439542919
vn 0.660799503 0.297811389 0.6889503
vn 0.732504487 0.323511928 0.59898001
vn 0.770066977 0.636699796 -0.0401272178
vn 0.858539462 0.485120982 0.166035131
vn -0.124925569 0.948231101 -0.291978478
vn 0.00933174603 0.999938488 -0.00601148978
vn 0.0622964688 0.997250557 -0.0401312448
vn 0.167867273 0.946701586 -0.274912655
vn -0.161639988 0.959837973 -0.229311407
vn -0.00294231134 0.99999392 0.00189543038
vn -0.000840665132 0.999999523 0.000541554589
vn -0.180438161 0.948557973 -0.260153651
vn 0.216791958 0.954713404 -0.203773677
vn 0.132830292 0.987438142 -0.0855689719
vn 0.0112902792 0.962281764 -0.271820486
vn 0.0726421699 0.970165074 0.231307074
vn -0.0479166955 0.998374283 0.0308678299
vn 0.0849706382 0.972584188 0.216471434
vn -0.0363994315 0.999062181 0.0234484337
vn 0.23715958 0.635019243 -0.735191107
vn 0.763591945 0.640107989 0.0847890228
vn 0.610211611 0.687902808 -0.392977983
vn -0.503563821 0.830038249 -0.23970829
vn 0.319719493 0.946701586 -0.0391896442
vn 0.457963198 0.888869166 -0.0134659633
vn 0.201600045 0.888869166 -0.411423177
vn 0.217927977 0.872711837 0.4368999
vn 0.183761597 0.908018053 0.376477152
vn 0.168427274 0.900519967 0.40086925
vn 0.195855096 0.865325868 0.461358935
vn 0.0100704534 0.830038249 0.557615638
vn 0.0319963656 0.806516528 0.590345144
vn -0.029867338 0.757914722 -0.651669681
vn -0.0606143549 0.864340186 -0.499241441
vn -0.293578535 0.860390484 -0.416581243
vn -0.360080302 0.782126665 -0.508547127
vn 0.188019797 0.715397656 -0.672944903
vn -0.313762516 0.836224139 -0.449758202
vn -0.38666147 0.740405917 -0.549810827
vn -0.246046767 0.760465145 -0.600960732
vn -0.193670452 0.856693029 -0.478088796
vn 0.243690923 0.81976068 -0.518273354
vn 0.214207172 0.948231101 0.234463483
vn 0.355245054 0.856693029 0.374002814
vn 0.141967639 0.959837973 0.241984278
vn 0.162278667 0.948557973 0.271851957
vn 0.472366601 0.876339555 0.0943332985
vn 0.429515511 0.864340186 0.261596143
vn 0.252169281 0.962281764 0.102100417
vn -0.180579737 0.970165074 -0.161773935
vn -0.295370579 0.900519967 -0.319092661
vn -0.161974356 0.972584188 -0.166865811
vn -0.266820997 0.908018053 -0.32297045
vn -0.356749892 0.277991831 -0.891880095
vn -0.317505866 0.51350677 -0.797183156
vn 0.204380527 0.474496841 -0.856201708
vn 0.572655678 0.81976068 -0.00761535019
vn 0.445469707 0.760465145 0.472492933
vn 0.591388702 0.521987617 0.614644945
vn 0.45067814 0.226110563 0.863575935
vn 0.37462008 0.188411921 0.90783304
vn 0.457075804 0.212306336 0.863717437
vn -0.603639185 0.203505903 -0.770847142
vn -0.601545632 0.18701227 -0.776639819
vn -0.675094306 0.168805584 -0.718159139
vn 0.275172383 0.954713404 -0.113148659
vn 0.109400183 0.876339555 -0.469106138
vn -0.430459529 0.690399766 -0.581423104
vn -0.540318012 0.437606812 -0.718718946
vn 0.419531047 0.503350735 -0.755401731
vn 0.11983078 0.658501327 -0.742978156
vn 0.205568641 0.854529142 0.47699213
vn 0.0820969045 0.819266498 0.567505598
vn 0.228054166 0.860296011 0.455940932
vn 0.429182291 0.44680804 0.784961879
vn 0.690472722 0.715397656 0.107021995
vn -0.0355528183 -0.94773078 0.317084312
vn 0.0262099225 -0.895200253 0.444892794
vn 0.806636691 -0.590230525 -0.0310667399
vn 0.392050475 -0.919454992 -0.0299829543
vn 0.547731221 -0.304711819 -0.779192686
vn 0.361780554 -0.590230525 -0.72162509
vn 0.189388543 -0.919454992 -0.344578773
vn -0.24048686 -0.939994931 -0.242024228
vn -0.296362847 -0.892920136 -0.338914037
vn -0.246299922 -0.909771919 -0.334142804
vn -0.160370171 -0.961898744 -0.221432209
vn -0.378500074 -0.908398688 -0.177622348
vn -0.434642285 -0.859263003 -0.269728303
vn -0.345765769 -0.911500096 0.222741529
vn -0.154945329 -0.982867718 0.0998154283
vn -0.118038818 -0.793292284 0.597289026
vn -0.117965028 -0.794312537 0.595946252
vn -0.0639964119 -0.71559155 0.695581257
vn -0.155853748 -0.982664466 0.100400634
vn -0.301561624 -0.933446169 0.194265321
vn 0.00524511281 -0.908398688 0.418072343
vn -0.032787241 -0.999239147 0.0211214665
vn 0.12094488 -0.939994931 0.319032907
vn -0.00294231134 -0.99999392 0.00189543038
vn 0.135318369 -0.961898744 0.237570524
vn 0.44003275 -0.8160128 -0.374825776
vn 0.296761423 -0.935620487 -0.191173032
vn -0.3040604 -0.947418272 -0.0997298509
vn -0.39534843 -0.894152999 -0.210214794
vn 0.935932815 -0.304711819 -0.17658031
vn 0.186065048 -0.892920136 0.409967631
vn 0.202418536 -0.909771919 0.362411082
vn 0.0658993721 -0.859263003 0.507271647
vn -0.201649085 -0.845452964 0.494516879
vn -0.477662414 -0.82289362 0.307709038
vn -0.601202726 -0.783533454 -0.156941503
vn -0.533643007 -0.845452964 -0.0208433513
vn 0.523216903 -0.8160128 -0.245697513
vn 0.541843772 -0.0624031089 0.838159382
vn 0.524917126 -0.159504876 0.836074233
vn 0.506831527 -0.179805368 0.843084872
vn -0.455022454 0.54441154 -0.704677761
vn -0.546411097 0.250207633 -0.799269259
vn -0.47973454 0.296597809 -0.825762987
vn -0.435914546 0.486180574 -0.757368505
vn -0.456172764 0.289090276 -0.841625392
vn -0.424341828 0.468828559 -0.774683058
vn -0.570313752 0.269401819 -0.77599287
vn -0.52730608 0.469307601 -0.708306909
vn -0.711382151 0.263103783 -0.651699245
vn -0.636517942 0.481730103 -0.602313161
vn -0.736143529 0.337116629 -0.586894572
vn -0.535873413 0.652318299 -0.536022902
vn -0.691794991 0.498400599 -0.522509933
vn -0.481289655 0.776943505 -0.405855924
vn -0.6780321 0.574808657 -0.458113045
vn -0.491405725 0.80153358 -0.340682507
vn -0.701332629 0.510375679 -0.497643739
vn -0.532153249 0.760902822 -0.371267915
vn -0.694301546 0.445825517 -0.564964771
vn -0.544721305 0.718819797 -0.431945562
vn -0.62416327 -0.435704619 -0.648522854
vn -0.481790185 0.714133024 -0.507831037
vn -0.711633146 -0.115003839 -0.693074703
vn -0.422474891 0.754416585 -0.502365112
vn -0.889203787 -0.0964035019 -0.44723925
vn -0.725879371 0.667116106 -0.167497635
vn 0.169101998 0.936625361 0.306818187
vn 0.00282833632 0.999994636 -0.00170305523
vn -0.412461013 0.871364474 0.26570645
vn -0.255097598 0.797138035 0.547262549
vn -0.840316772 -0.028799573 0.541330159
vn -0.603767216 0.797138035 0.00601627911
vn 0.178127334 0.926803768 0.33061403
vn 0.101372942 0.985414445 0.136681587
vn 0.00261830282 0.999215603 -0.0395144746
vn 0.014101902 0.985249221 0.170544162
vn -0.0771355405 0.996997833 0.00674846489
vn 0.0446577594 0.95114249 0.305505484
vn 0.0764481425 0.934576392 0.347451776
vn 0.168092772 0.718819797 0.674568772
vn 0.118039884 0.760902822 0.638038754
vn -0.0052935537 0.987339735 0.158531576
vn -0.0707569942 0.996944606 0.0330908336
vn -0.0667780265 0.997293472 0.0307661369
vn -0.00548014417 0.987415433 0.158053145
vn 0.0167778339 0.983481824 0.180227369
vn -0.0721184611 0.996891916 0.0317084529
vn 0.0617086925 0.975612581 0.210647509
vn -0.0585519448 0.99810046 0.0191622954
vn 0.0849766061 0.964533448 0.249908447
vn -0.0489686131 0.998757064 0.00929991901
vn 0.1336153 0.952434063 0.273891121
vn -0.0344369113 0.999403358 -0.00267715962
vn 0.179486692 0.947149992 0.265878707
vn -0.0200988166 0.999712169 -0.0131034954
vn 0.20203191 0.936995149 0.284996688
vn -0.0142973512 0.999756038 -0.0168393236
vn 0.16100724 0.931618214 0.325828552
vn -0.0450485684 0.998982966 0.00189927616
vn -0.174051747 0.976358891 -0.1281766
vn -0.231497556 0.92903167 -0.288633168
vn 0.537071884 0.128402859 0.833706498
vn 0.450908452 0.288306952 0.844725311
vn 0.501769006 0.250206947 0.828024387
vn -0.264279127 -0.944195032 -0.196602315
vn -0.26565212 -0.931320965 -0.249139279
vn -0.0709851459 -0.994856894 0.0722565949
vn -0.110559225 -0.989385605 0.0943009555
vn -0.273911893 -0.957374275 -0.0916883126
vn -0.167541146 -0.977390945 0.128984183
vn -0.372843206 -0.924985588 0.0734147057
vn -0.2938402 -0.932929814 0.208086431
vn -0.492620498 -0.853104889 0.171864197
vn -0.397267133 -0.875881612 0.273880184
vn -0.573642671 -0.814185202 0.0896470994
vn -0.415115237 -0.862743258 0.288709998
vn -0.693651915 -0.720034182 -0.0199462455
vn -0.475720406 -0.81649214 0.327155679
vn -0.674000502 -0.73512274 -0.0729243681
vn -0.478780299 -0.812503695 0.332576841
vn -0.67296046 -0.728751421 -0.126671404
vn -0.366114169 -0.928948402 0.0549123958
vn -0.531891584 -0.832023501 -0.157569766
vn -0.581441998 -0.812214553 -0.0472526439
vn -0.683018386 -0.650059044 -0.333030373
vn -0.80790472 -0.483117402 -0.33747229
vn -0.591681063 -0.802930236 0.072226055
vn -0.231182262 -0.960446715 0.155231938
vn -0.0764310956 -0.832023501 0.549449921
vn 0.332449257 -0.435704619 0.836444378
vn -0.194336832 -0.932334185 0.304936498
vn 0.0896283016 0.0439003482 0.995007396
vn 0.151160493 -0.34249723 0.927278936
vn -0.0318619758 -0.493105322 0.869385958
vn 0.446772397 0.535097003 0.716983855
vn 0.0725871921 -0.942846656 0.325225145
vn 0.123213083 -0.930106461 0.346006662
vn -0.0279776528 -0.956992924 0.288759023
vn -0.219052225 -0.926100254 0.307171911
vn -0.35732305 -0.854626179 0.376741797
vn -0.316536218 -0.814144969 0.486798704
vn -0.261137724 -0.721386194 0.641411841
vn -0.205100715 -0.737124503 0.64387989
vn -0.397390753 -0.881218195 0.255998224
vn 0.0395964645 -0.0964035019 0.99455446
vn -0.066243805 -0.996890485 0.0426741131
vn 0.336851954 -0.115003839 0.934507906
vn 0.0970975906 -0.993307471 -0.062550053
vn -0.165557295 -0.739577174 0.652392924
vn -0.19476977 -0.811228156 0.551338136
vn -0.307417065 -0.803245008 0.51018858
vn 0.227369189 0.445825517 0.865761518
vn 0.263207048 0.714133024 0.648641825
vn 0.282753229 0.754416585 0.59237349
vn -0.147593156 0.667116106 0.730186641
vn -0.20392561 0.936701775 -0.284612358
vn -0.203112245 0.939733505 -0.275038958
vn -0.265157402 0.945445061 -0.189275265
vn -0.252264351 0.954240978 -0.160583124
vn -0.233993471 0.959025919 -0.159738675
vn -0.22831817 0.948704779 -0.218701452
vn -0.256362647 0.90660733 -0.335173726
vn -0.357863307 0.832781136 -0.422385573
vn -0.372650713 0.780452907 -0.502020776
vn -0.320512056 0.758962512 -0.566787481
vn -0.320076853 0.761434913 -0.563708842
vn -0.356762141 0.777316689 -0.518169522
vn 0.451366186 0.574996948 0.682383418
vn 0.319837898 0.738011956 0.594173551
vn 0.509385765 0.486180574 0.710038483
vn 0.553544402 0.296597809 0.778214872
vn 0.529935837 0.468828559 0.706659615
vn 0.577728927 0.289090276 0.763319194
vn 0.426928997 0.469307601 0.772969604
vn 0.470778286 0.269401819 0.840113401
vn 0.285265952 0.481730103 0.828588903
vn 0.299281985 0.263103783 0.917173266
vn 0.266516656 0.652318299 0.709541917
vn 0.230037987 0.337116629 0.912926674
vn 0.170562282 0.776943505 0.606025815
vn 0.189748973 0.498400599 0.845926881
vn 0.107037395 0.80153358 0.588291705
vn 0.136803567 0.574808657 0.806771278
vn 0.163164243 0.510375679 0.844330609
vn 0.317478806 0.7730757 0.549145758
vn 0.388552099 0.751108348 0.533726096
vn 0.390811294 0.747960925 0.536489487
vn 0.306640029 0.770713925 0.558544576
vn 0.236819521 0.823384047 0.515708566
vn 0.199042231 0.900303781 0.387085676
vn 0.104779817 0.944333851 0.311857015
vn 0.0504754782 0.955704451 0.289967954
vn -0.180352598 0.93491292 -0.305631846
vn -0.170688584 0.945651948 -0.276781499
vn -0.189883903 0.952135265 -0.239546806
vn -0.184538901 0.964415967 -0.189333767
vn -0.158157855 0.975833714 -0.150780797
vn -0.150901362 0.983936489 -0.0953823552
vn -0.143373564 0.987600744 -0.06394393
vn -0.143792436 0.987640381 -0.0623718426
vn -0.148300663 0.985678971 -0.0802743882
vn -0.241117403 0.92372191 -0.297657937
vn 0.207446188 0.824041426 0.527182877
vn -0.0859315842 -0.488794565 0.868156433
vn 0.0658156201 -0.103903033 0.992407441
vn -0.181267828 -0.619928956 0.763433158
vn -0.0414378457 -0.27770257 0.959773064
vn -0.231320649 -0.738226652 0.633649886
vn -0.0798134804 -0.5246135 0.847591102
vn -0.510062218 -0.833889723 -0.210866064
vn -0.67944181 -0.731010616 -0.0631061271
vn -0.804757357 -0.5246135 -0.277752578
vn -0.606288254 -0.63062495 -0.484486163
vn -0.0258407071 -0.840621471 0.541006446
vn 0.190478668 -0.63062495 0.752349734
vn 0.42669484 -0.55902338 0.710932136
vn 0.187508702 -0.851987004 0.488834113
vn 0.27486369 -0.803619862 0.527868569
vn 0.479681343 -0.482607424 0.732800126
vn 0.292490453 -0.768504739 0.569078147
vn 0.458304733 -0.437817425 0.773480892
vn 0.168713272 0.924416602 0.342037767
vn -0.868931234 0.0439003482 -0.492982149
vn -0.876408935 -0.103903033 -0.470225006
vn -0.828583896 -0.478023589 -0.291448444
vn -0.891036808 -0.27770257 -0.35907501
vn -0.774021864 -0.611814916 -0.16301173
vn -0.373713255 -0.843893409 -0.384944707
vn -0.470915675 -0.55902338 -0.682445168
vn -0.820602 -0.422098607 -0.385285795
vn -0.614710033 -0.479001015 -0.626649618
vn -0.468920648 -0.482607424 -0.739732146
vn -0.372695267 -0.794540882 -0.479377687
vn -0.514041603 -0.438511342 -0.737203598
vn -0.403753132 -0.758000672 -0.512268066
vn -0.447998226 0.594078541 -0.668108106
vn -0.759060204 -0.591813743 -0.271263868
vn -0.753464699 -0.424510956 -0.502077281
vn 0.145647824 -0.424510956 0.893631577
vn -0.0668287426 -0.591813743 0.803299725
vn 0.0170286093 -0.656844676 0.753833532
vn -0.0236908048 -0.544628322 0.838342786
vn -0.781822562 -0.34249723 -0.521007836
vn -0.428602278 -0.808502614 0.403266191
vn -0.541988969 -0.803424895 0.246488139
vn -0.490165174 -0.80069077 0.344430745
vn -0.731004715 0.429813266 -0.529993117
vn -0.771686554 -0.114406653 -0.625628591
vn -0.763093948 -0.164303184 -0.625053704
vn 0.180351868 0.429813266 0.884722471
vn 0.253640801 -0.164303184 0.953242302
vn 0.250611752 -0.114406653 0.961303771
vn -0.801798165 0.208806902 -0.559928119
vn -0.822623074 0.18830283 -0.536501169
vn -0.773133278 -0.544628322 -0.325030506
vn -0.746141374 -0.341114849 -0.571763813
vn -0.43193385 0.732300162 -0.526469052
vn -0.500631154 -0.211000323 -0.839551926
vn -0.544252992 -0.159504876 -0.823618114
vn -0.500994802 -0.312014073 -0.807249367
vn 0.316441327 -0.479001015 0.818793714
vn 0.0115483105 -0.422098607 0.906476438
vn -0.906201124 -0.133507565 -0.401217163
vn -0.855919421 0.0514989607 -0.514538407
vn 0.212127402 -0.341114849 0.915774405
vn -0.374336094 0.840789378 -0.391082734
vn 0.557460248 -0.211000323 0.802942753
vn 0.527897298 -0.312014073 0.78991878
vn -0.00933546852 -0.133507565 0.991003811
vn 0.114635527 0.0514989607 0.992071807
vn 0.148399293 0.18830283 0.970834613
vn 0.178430766 0.208814636 0.961539924
vn -0.855790138 -0.260611504 -0.446883827
vn -0.903463364 -0.24599807 -0.351053864
vn -0.884234548 -0.260203004 -0.38784495
vn -0.835170865 -0.237299621 -0.496163934
vn -0.935413241 -0.177194804 -0.305948257
vn -0.934837401 -0.179302901 -0.306479484
vn -0.822948039 -0.337213904 -0.457212508
vn -0.873717606 -0.268402785 -0.40568158
vn -0.535103202 -0.523790002 -0.66280365
vn -0.573344469 -0.513387918 -0.638520956
vn -0.43361339 -0.457800984 -0.776142895
vn -0.43307358 -0.460028619 -0.775126517
vn -0.48265487 -0.271401227 -0.832697809
vn -0.469700366 -0.315806538 -0.824407697
vn -0.523578644 -0.174110442 -0.83399713
vn -0.507168412 -0.202596232 -0.837696314
vn -0.534463763 -0.154498875 -0.830950499
vn -0.723324597 0.474731684 -0.501429439
vn 0.0530872643 -0.260611504 0.963983178
vn 0.106483169 -0.237299621 0.965582907
vn -0.0124295456 -0.260203004 0.96547395
vn -0.0538789369 -0.24599807 0.967771649
vn -0.107436575 -0.179302901 0.977910042
vn -0.108158357 -0.177194804 0.978214681
vn 0.00815939624 -0.268402785 0.963272274
vn 0.0760699958 -0.337213904 0.938349664
vn 0.344352603 -0.513387918 0.786037028
vn 0.382273138 -0.523790002 0.761256456
vn 0.526729524 -0.460028619 0.714793503
vn 0.527455986 -0.457721949 0.715737998
vn 0.556458831 -0.315806538 0.76851809
vn 0.558651388 -0.271401227 0.783740997
vn 0.553067923 -0.202596232 0.808127999
vn 0.542915106 -0.174110442 0.821540594
vn 0.535640717 -0.154498875 0.830192327
vn 0.157518968 0.474731684 0.865920126
vn -0.567247748 0.328917146 0.755012333
vn -0.431403965 0.432123125 0.79193455
vn -0.481553406 0.508125901 0.714083016
vn -0.606347024 0.38401553 0.696329951
vn -0.796581566 0.446526408 0.407519221
vn -0.729954183 0.599411607 0.328439683
vn -0.792038798 0.564626038 0.23210375
vn -0.842321455 0.421806335 0.335520655
vn -0.842265368 -0.420808971 0.336910665
vn -0.792038798 -0.564626038 0.23210375
vn -0.729997933 -0.599347591 0.328459352
vn -0.795185864 -0.443818212 0.413164705
vn -0.532566488 0.266204387 0.803435326
vn -0.390242636 0.339517325 0.855826378
vn -0.74887526 0.456508875 0.480401516
vn -0.66541487 0.611125886 0.428658754
vn -0.886196613 -0.376290053 0.27029863
vn -0.849287868 -0.508125901 0.143242016
vn -0.501079798 0.179697469 0.846538842
vn -0.359641492 0.233810782 0.903321981
vn -0.922255635 -0.322303206 0.213460386
vn -0.899440706 -0.432123125 0.0653925687
vn -0.482655823 0.0951050445 0.870631158
vn -0.340785384 0.119202316 0.932553589
vn -0.951531112 -0.259710252 0.16474016
vn -0.940598667 -0.339517325 0.00149861444
vn -0.477694809 0.00810028799 0.878488541
vn -0.334456712 -2.09257319e-16 0.942411184
vn -0.975589097 -0.18450807 0.119091608
vn -0.971193373 -0.233810782 -0.0460012145
vn -0.485273689 -0.1021033 0.868380368
vn -0.340785384 -0.119202316 0.932553589
vn -0.991136551 -0.101700254 0.0854722932
vn -0.990019083 -0.119209461 -0.0751761794
vn -0.509765506 -0.185205266 0.840141773
vn -0.359641492 -0.233810782 0.903321981
vn -0.997179627 0.00810002256 0.0746147931
vn -0.996373057 1.88945902e-17 -0.0850936696
vn -0.541876256 -0.260806382 0.798968136
vn -0.390242636 -0.339517325 0.855826378
vn -0.992081642 0.0948024243 0.0823807046
vn -0.990019083 0.119209461 -0.0751761794
vn -0.574822843 -0.32361728 0.751565516
vn -0.431403965 -0.432123125 0.79193455
vn -0.977881968 0.178705558 0.108679429
vn -0.971200526 0.233792275 -0.0459434278
vn -0.61359942 -0.3771137 0.693744302
vn -0.481553406 -0.508125901 0.714083016
vn -0.951779127 0.265008241 0.154554412
vn -0.940598667 0.339517325 0.00149861444
vn -0.655910015 -0.419392914 0.627607882
vn -0.538796067 -0.564626038 0.625217021
vn -0.699978173 0.450315416 0.554298401
vn -0.600845039 0.599411607 0.528858244
vn -0.921639681 0.327995867 0.207362488
vn -0.899440706 0.432123125 0.0653925687
vn -0.704616368 -0.442111522 0.555025339
vn -0.60088104 -0.599347591 0.528889894
vn -0.650643766 0.426387399 0.628376067
vn -0.538796067 0.564626038 0.625217021
vn -0.884445786 0.38162443 0.268548757
vn -0.849287868 0.508125901 0.143242016
vn -0.750178099 -0.450810045 0.483738869
vn -0.66541487 -0.611125886 0.428658754
vn -0.518948376 0.382615894 -0.764393687
vn -0.54976815 0.1950095 -0.812235415
vn 0.282052487 -0.831258237 0.479015857
vn 0.364094198 -0.706930935 0.606369615
vn -0.468920052 0.555438936 -0.68673259
vn 0.188459858 -0.923638344 0.333729148
vn 0.0868605748 0.980547786 0.176015005
vn -0.0187478028 0.999751389 0.0120772924
vn -0.401589513 0.706930935 -0.58221519
vn 0.0868605748 -0.980547786 0.176015005
vn 0.188459858 0.923638344 0.333729148
vn -0.319548786 0.831258237 -0.454860806
vn -0.0187478028 -0.999751389 0.0120772924
vn 0.282052487 0.831258237 0.479015857
vn -0.225955099 0.923638344 -0.309574783
vn -0.124356084 -0.980547786 -0.15186049
vn 0.364094198 0.706930935 0.606369615
vn -0.124356084 0.980547786 -0.15186049
vn -0.225955099 -0.923638344 -0.309574783
vn 0.431423753 0.555438936 0.710887611
vn -0.319548786 -0.831258237 -0.454860806
vn 0.48145318 0.382615894 0.788548052
vn -0.401589513 -0.706930935 -0.58221519
vn 0.512272596 0.1950095 0.836389899
vn -0.468920052 -0.555438936 -0.68673259
vn 0.522672355 -1.89300521e-16 0.852533758
vn -0.518948376 -0.382615894 -0.764393687
vn 0.512272596 -0.1950095 0.836389899
vn -0.54976815 -0.1950095 -0.812235415
vn 0.48145318 -0.382615894 0.788548052
vn -0.560167968 1.83937122e-16 -0.828379154
vn 0.431423753 -0.555438936 0.710887611
vn -0.501835346 0.602806389 0.620310962
vn -0.56813395 0.639919877 0.517422974
vn -0.833381057 0.542507291 0.105650418
vn -0.886939347 0.461333215 0.0225928631
vn -0.637050867 -0.652494431 0.410386741
vn -0.56813395 -0.639919877 0.517422974
vn -0.440748572 0.542507291 0.715140998
vn -0.772290707 0.602806389 0.200478181
vn -0.70601809 -0.639919877 0.303382933
vn -0.387264907 0.461333215 0.798246682
vn -0.70601809 0.639919877 0.303382933
vn -0.772290707 -0.602806389 0.200478181
vn -0.343267381 0.36250484 0.866462827
vn -0.637050867 0.652494431 0.410386741
vn -0.833381057 -0.542507291 0.105650418
vn -0.310610324 0.249702647 0.91715306
vn -0.886939347 -0.461333215 0.0225928631
vn -0.290524334 0.127303943 0.948361516
vn -0.930862248 -0.36250484 -0.0456714295
vn -0.28368938 -2.12922179e-16 0.958916247
vn -0.963515699 -0.249702647 -0.0963639319
vn -0.290524334 -0.127303943 0.948361516
vn -0.983627737 -0.127303943 -0.127555579
vn -0.310610324 -0.249702647 0.91715306
vn -0.990412354 3.06738622e-17 -0.138142794
vn -0.343267381 -0.36250484 0.866462827
vn -0.983627737 0.127303943 -0.127555579
vn -0.387264907 -0.461333215 0.798246682
vn -0.963515699 0.249702647 -0.0963639319
vn -0.440748572 -0.542507291 0.715140998
vn -0.930862248 0.36250484 -0.0456714295
vn -0.501835346 -0.602806389 0.620310962
vn 0.450267285 0.555622995 0.698958158
vn 0.382937104 0.707106829 0.594440281
vn 0 1 2.22044605e-16
vn -0.105655611 0.980783939 -0.164011151
vn -0.30090031 -0.831434369 -0.46709305
vn -0.207247779 -0.923876643 -0.32171452
vn 0.500329852 0.38269031 0.776671171
vn -0.382937104 -0.707106829 -0.594440281
vn 0.531148255 0.195096806 0.82451117
vn -0.450267285 -0.555622995 -0.698958158
vn 0.541554809 -1.8666523e-16 0.84066546
vn -0.500329852 -0.38269031 -0.776671171
vn 0.531148255 -0.195096806 0.82451117
vn -0.531148255 -0.195096806 -0.82451117
vn 0.500329852 -0.38269031 0.776671171
vn -0.541554809 1.8666523e-16 -0.84066546
vn 0.450267285 -0.555622995 0.698958158
vn -0.531148255 0.195096806 -0.82451117
vn 0.382937104 -0.707106829 0.594440281
vn -0.500329852 0.38269031 -0.776671171
vn 0.30090031 -0.831434369 0.46709305
vn -0.450267285 0.555622995 -0.698958158
vn 0.207247779 -0.923876643 0.32171452
vn 0.105655611 0.980783939 0.164011151
vn -0.382937104 0.707106829 -0.594440281
vn 0.105655611 -0.980783939 0.164011151
vn 0.207247779 0.923876643 0.32171452
vn -0.30090031 0.831434369 -0.46709305
vn 0 -1 -2.22044605e-16
vn 0.30090031 0.831434369 0.46709305
vn -0.207247779 0.923876643 -0.32171452
vn -0.105655611 -0.980783939 -0.164011151
vn -0.84066546 -1.20249324e-16 0.541554809
vn 0.453878134 -0.555617869 0.696622968
vn 0.503939986 -0.382686824 0.774335444
vn -0.527528644 0.195095018 -0.826832235
vn -0.537935019 1.87180583e-16 -0.842986405
vn 0.38654837 -0.707100213 0.592106044
vn -0.496710509 0.382686824 -0.778992653
vn 0.304512501 -0.83142674 0.464759976
vn -0.44664818 0.555617869 -0.701280475
vn 0.210860625 -0.923868179 0.319382995
vn 0.109269418 0.980774939 0.161681011
vn 0.00361482822 0.999990821 -0.0023286643
vn -0.379318655 0.707100213 -0.596763432
vn 0.109269418 -0.980774939 0.161681011
vn 0.210860625 0.923868179 0.319382995
vn -0.297282547 0.83142674 -0.469417512
vn 0.00361482822 -0.999990821 -0.0023286643
vn 0.304512501 0.83142674 0.464759976
vn -0.203631148 0.923868179 -0.324040204
vn -0.102039874 -0.980774939 -0.166338265
vn 0.38654837 0.707100213 0.592106044
vn -0.102039874 0.980774939 -0.166338265
vn -0.203631148 -0.923868179 -0.324040204
vn 0.453878134 0.555617869 0.696622968
vn -0.297282547 -0.83142674 -0.469417512
vn 0.503939986 0.382686824 0.774335444
vn -0.379318655 -0.707100213 -0.596763432
vn 0.534758151 0.195095018 0.822174966
vn -0.44664818 -0.555617869 -0.701280475
vn 0.545164645 -1.86146449e-16 0.838329077
vn -0.496710509 -0.382686824 -0.778992653
vn 0.534758151 -0.195095018 0.822174966
vn -0.527528644 -0.195095018 -0.826832235
vn 0.223426297 -0.923710644 0.311190188
vn 0.317020029 -0.831341028 0.456476122
vn 0.0902464837 0.981525064 0.168713301
vn -0.00745812152 0.999959469 0.00504242629
vn -0.366641462 0.706975043 -0.604781151
vn -0.433966994 0.555496514 -0.709292829
vn 0.121829629 -0.980612874 0.15347977
vn 0.215888023 0.920033813 0.327001899
vn -0.282138824 0.834007442 -0.474161655
vn 0.016225066 -0.999813735 -0.0104521513
vn 0.315093189 0.834007442 0.452932537
vn -0.209645614 0.919790208 -0.331714869
vn -0.0893795118 -0.980612874 -0.174384058
vn 0.399089992 0.706975043 0.583877861
vn -0.117242441 0.981560528 -0.150973886
vn -0.190976232 -0.923710644 -0.332094461
vn 0.466442376 0.555427432 0.68842715
vn -0.284568757 -0.831341028 -0.47738117
vn 0.516464949 0.38260442 0.766079485
vn -0.366641462 -0.706975043 -0.604781151
vn 0.547280669 0.195002556 0.813915253
vn -0.433991075 -0.555427432 -0.709332228
vn 0.557678998 -1.84309618e-16 0.830056727
vn -0.484014899 -0.38260442 -0.786983788
vn 0.547280669 -0.195002556 0.813915253
vn -0.514830589 -0.195002556 -0.834819496
vn 0.516464949 -0.38260442 0.766079485
vn -0.525228858 1.88951306e-16 -0.85096103
vn 0.466442376 -0.555427432 0.68842715
vn -0.514830589 0.195002556 -0.834819496
vn 0.399089992 -0.706975043 0.583877861
vn -0.484014899 0.38260442 -0.786983788
vn -0.0804710239 -0.980345607 -0.180130616
vn 0.025137227 -0.999552906 -0.0161933452
vn 0.407901436 0.706790626 0.577982187
vn 0.322011113 0.836505473 0.443359405
vn -0.0227959901 0.999645889 0.013733455
vn 0.208777651 0.928980947 0.305624396
vn -0.182004035 -0.923475802 -0.337738156
vn 0.475227028 0.555305779 0.68249166
vn -0.59610343 -0.789441645 -0.146432653
vn -0.275592357 -0.83110863 -0.483019054
vn 0.525247991 0.382489949 0.760142148
vn -0.357630283 -0.706790626 -0.610366762
vn 0.556047916 0.195009053 0.807949424
vn -0.424954712 -0.555305779 -0.71487695
vn 0.566449881 -1.82986129e-16 0.824096262
vn -0.474977523 -0.382489949 -0.792526245
vn 0.556047916 -0.195009053 0.807949424
vn -0.505773783 -0.195009053 -0.840335906
vn 0.525247991 -0.382489949 0.760142148
vn -0.516175449 1.90177412e-16 -0.856482923
vn 0.475227028 -0.555305779 0.68249166
vn -0.505773783 0.195009053 -0.840335906
vn 0.407901436 -0.706790626 0.577982187
vn -0.474977523 0.382489949 -0.792526245
vn 0.325864673 -0.83110863 0.450633734
vn -0.424954712 0.555305779 -0.71487695
vn 0.232274503 -0.923475802 0.305354029
vn 0.551389456 0.65323782 -0.518893182
vn -0.357630283 0.706790626 -0.610366762
vn 0.130745158 -0.980345607 0.147744134
vn -0.162764534 0.977859795 -0.131522268
vn -0.268752635 0.9207142 -0.282944441
vn 0.357350677 0.63401264 -0.685805023
vn -0.270562053 0.836505473 -0.476502776
vn -0.3543185 0.832961261 -0.425010473
vn 0.34357214 0.621509373 -0.704048514
vn -0.19878903 0.92431885 -0.325756967
vn 0.289268911 -0.519340754 -0.804119766
vn -0.433917999 -0.705768049 -0.560005963
vn -0.351995438 -0.829905689 -0.432846308
vn 0.349535823 -0.610725582 -0.710520327
vn 0.960622489 0.143309683 0.238048315
vn 0.47844255 0.194706291 0.856260717
vn 0.447689533 0.381919444 0.80852437
vn 0.938004375 0.281025112 0.202910572
vn 0.239758044 -0.408017069 -0.880930364
vn -0.501140714 -0.554503739 -0.664367199
vn 0.968253314 -5.55047422e-17 0.249971136
vn 0.488828421 -1.9370729e-16 0.872380078
vn 0.20304881 -0.281025112 -0.937974453
vn -0.551096678 -0.381919444 -0.741909742
vn 0.960622489 -0.143309683 0.238048315
vn 0.47844255 -0.194706291 0.856260717
vn 0.180405885 -0.143309683 -0.973096251
vn -0.581847727 -0.194706291 -0.789647341
vn 0.938004375 -0.281025112 0.202910572
vn 0.447689533 -0.381919444 0.80852437
vn 0.172704622 2.18708102e-16 -0.984973729
vn -0.592231035 1.78916506e-16 -0.805768311
vn 0.901240766 -0.408017069 0.145901442
vn 0.397738129 -0.554503739 0.730978906
vn 0.180405885 0.143309683 -0.973096251
vn -0.581847727 0.194706291 -0.789647341
vn 0.851771891 -0.519340754 0.0690638721
vn 0.330506176 -0.705768049 0.626623631
vn 0.20304881 0.281025112 -0.937974453
vn -0.551096678 0.381919444 -0.741909742
vn 0.791463017 -0.610725582 -0.0245086048
vn 0.248592883 -0.829905689 0.499457985
vn 0.239758044 0.408017069 -0.880930364
vn -0.501140714 0.554503739 -0.664367199
vn 0.722717106 -0.678560674 -0.131283849
vn 0.15512675 -0.922146916 0.354373813
vn 0.700079083 0.654031098 -0.286587983
vn 0.0524624921 0.977859795 0.202578604
vn -0.0517012961 0.998107135 0.0333058611
vn 0.289268911 0.519340754 -0.804119766
vn -0.433917999 0.705768049 -0.560005963
vn 0.648124278 -0.720348716 -0.247048467
vn 0.0537415333 -0.978931665 0.196989551
vn 0.27187556 0.890510499 0.364794165
vn 0.276227862 0.887524545 0.36877954
vn 0.570478976 -0.734504342 -0.367501289
vn -0.0517012961 -0.998107135 0.0333058611
vn 0.492904156 -0.720348716 -0.487999469
vn -0.157146722 -0.978931665 -0.13037616
vn 0.851771891 0.519340754 0.0690638721
vn 0.330506176 0.705768049 0.626623631
vn 0.240517691 0.832930684 0.498375058
vn 0.783104658 0.621509373 -0.0217541382
vn -0.219753698 0.890510499 -0.398370981
vn -0.222551137 0.886597455 -0.405482411
vn 0.418336093 -0.678560674 -0.603780031
vn -0.258533865 -0.922146916 -0.287759155
vn 0.901240766 0.408017069 0.145901442
vn 0.397738129 0.554503739 0.730978906
vn -0.984113991 -0.126802742 -0.1242612
vn -0.964088082 -0.248708472 -0.0931570008
vn -0.313766956 -0.248708472 0.916348398
vn -0.293725044 -0.126802742 0.947442234
vn -0.990877151 2.99247046e-17 -0.134768888
vn -0.34624514 -0.361095428 0.865866303
vn -0.984113991 0.126802742 -0.1242612
vn -0.390084594 -0.459527463 0.797915101
vn -0.964088082 0.248708472 -0.0931570008
vn -0.443344682 -0.540393174 0.715136886
vn -0.931550205 0.361095428 -0.0427134261
vn -0.504238248 -0.600420415 0.620676339
vn -0.570248902 0.63741374 0.518189192
vn -0.63891536 0.649909794 0.411587834
vn -0.887803197 0.459527463 0.0252973866
vn -0.570248902 -0.63741374 0.518189192
vn 0.146517977 0.9207142 0.36168772
vn -0.504238248 0.600420415 0.620676339
vn -0.834450603 0.540393174 0.108015999
vn -0.63891536 -0.649909794 0.411587834
vn -0.443344682 0.540393174 0.715136886
vn -0.773616791 0.600420415 0.202515081
vn -0.707590163 -0.63741374 0.304991841
vn -0.390084594 0.459527463 0.797915101
vn -0.707590163 0.63741374 0.304991841
vn -0.773616791 -0.600420415 0.202515081
vn -0.34624514 0.361095428 0.865866303
vn -0.834450603 -0.540393174 0.108015999
vn -0.313766956 0.248708472 0.916348398
vn -0.887803197 -0.459527463 0.0252973866
vn -0.293725044 0.126802742 0.947442234
vn -0.931550205 -0.361095428 -0.0427134261
vn -0.286953598 -2.12706424e-16 0.957944572
vn -0.347072601 0.376899123 -0.858770967
vn -0.37741974 0.192109808 -0.905896425
vn 0.441983312 -0.818921089 0.366086036
vn 0.522831619 -0.696407378 0.491593182
vn -0.297799587 0.547114074 -0.782292545
vn 0.34979853 -0.909897923 0.222994834
vn 0.249732733 0.965949297 0.067643851
vn 0.145682886 0.984870076 -0.0938485935
vn -0.231453896 0.696407378 -0.679298043
vn 0.249732733 -0.965949297 0.067643851
vn 0.34979853 0.909897923 0.222994834
vn -0.150601193 0.818921089 -0.553793788
vn 0.145682886 -0.984870076 -0.0938485935
vn 0.441983312 0.818921089 0.366086036
vn -0.0584245324 0.909897923 -0.410697311
vn 0.0416567586 -0.965949297 -0.255356312
vn 0.522831619 0.696407378 0.491593182
vn 0.0416567586 0.965949297 -0.255356312
vn -0.0584245324 -0.909897923 -0.410697311
vn 0.589181721 0.547114074 0.594584823
vn -0.150601193 -0.818921089 -0.553793788
vn 0.638446569 0.376899123 0.67106849
vn -0.231453896 -0.696407378 -0.679298043
vn 0.668809235 0.192109808 0.718183994
vn -0.297799587 -0.547114074 -0.782292545
vn 0.679044008 -1.63002425e-16 0.73409766
vn -0.347072601 -0.376899123 -0.858770967
vn 0.668809235 -0.192109808 0.718183994
vn -0.37741974 -0.192109808 -0.905896425
vn 0.638446569 -0.376899123 0.67106849
vn -0.387678236 2.04679569e-16 -0.921794832
vn 0.589181721 -0.547114074 0.594584823
vn 0.865565538 0.243997887 -0.437334508
vn 0.861522317 0.130607516 -0.490633279
vn 0.847163498 0.138706833 -0.512908101
vn 0.838714719 0.259000868 -0.479036927
vn 0.731373847 0.219599426 -0.645653546
vn 0.789644182 0.117605314 -0.602188647
vn 0.778057456 0.100004911 -0.620182097
vn 0.709722757 0.18670243 -0.679290712
vn 0.810818195 -0.264098793 -0.522327244
vn 0.832218051 -0.141407356 -0.536113024
vn 0.847163498 -0.138706833 -0.512908101
vn 0.838714719 -0.259000868 -0.479036927
vn 0.890265644 0.219599426 -0.399002969
vn 0.874780476 0.117605314 -0.47003004
vn 0.756064057 0.243997887 -0.6073156
vn 0.802922726 0.130607516 -0.58159852
vn 0.782934427 -0.259000868 -0.565625787
vn 0.817268193 -0.138706833 -0.559315085
vn 0.911979198 0.186698958 -0.365291268
vn 0.886373758 0.100004911 -0.452040732
vn 0.782934427 0.259000868 -0.565625787
vn 0.817268193 0.138706833 -0.559315085
vn 0.756064057 -0.243997887 -0.6073156
vn 0.802922726 -0.130607516 -0.58159852
vn 0.929744899 0.146699607 -0.337718606
vn 0.895902038 0.0786035508 -0.437242597
vn 0.810818195 0.264098793 -0.522327244
vn 0.832218051 0.141407356 -0.536113024
vn 0.731373847 -0.219599426 -0.645653546
vn 0.789644182 -0.117605314 -0.602188647
vn 0.94295305 0.101099119 -0.317204446
vn 0.902953625 0.0541031063 -0.426318645
vn 0.709722757 -0.18670243 -0.679290712
vn 0.778057456 -0.100004911 -0.620182097
vn 0.951087713 0.0515001714 -0.304598272
vn 0.907333195 0.0276013613 -0.419505537
vn 0.691894591 -0.146699607 -0.706937909
vn 0.76852262 -0.0786035508 -0.634976029
vn 0.953842163 6.66818879e-17 -0.300308526
vn 0.90879786 9.26451683e-17 -0.417236745
vn 0.678676546 -0.101099119 -0.727445662
vn 0.761491418 -0.0541031063 -0.645913124
vn 0.951087713 -0.0515001714 -0.304598272
vn 0.907333195 -0.0276013613 -0.419505537
vn 0.670561433 -0.0515001714 -0.740064442
vn 0.757098496 -0.0276013613 -0.65271765
vn 0.94295305 -0.101099119 -0.317204446
vn 0.902953625 -0.0541031063 -0.426318645
vn 0.667794228 1.65278005e-16 -0.744345963
vn 0.755638242 1.45436841e-16 -0.654989302
vn 0.929744899 -0.146699607 -0.337718606
vn 0.895902038 -0.0786035508 -0.437242597
vn 0.670561433 0.0515001714 -0.740064442
vn 0.757098496 0.0276013613 -0.65271765
vn 0.911942005 -0.18670243 -0.365382135
vn 0.886373758 -0.100004911 -0.452040732
vn 0.678676546 0.101099119 -0.727445662
vn 0.761491418 0.0541031063 -0.645913124
vn 0.890265644 -0.219599426 -0.399002969
vn 0.874780476 -0.117605314 -0.47003004
vn 0.691894591 0.146699607 -0.706937909
vn 0.76852262 0.0786035508 -0.634976029
vn 0.86552012 -0.244000345 -0.437423021
vn 0.861522317 -0.130607516 -0.490633279
vn 0.84066546 1.20249324e-16 -0.541554809
vn -0.0263748486 0.999520957 -0.0161980707
vn 0.0195464864 0.983690858 0.178802416
vn -0.812432468 0.265991181 0.518847048
vn -0.783296406 0.266604215 0.56157732
vn -0.839236677 0.258009732 0.478657335
vn -0.86556232 0.245508656 0.436494499
vn -0.750507951 0.256113291 0.609215796
vn -0.890329301 0.224613249 0.396059155
vn -0.913271427 0.198216617 0.355873019
vn -0.933249712 0.170497268 0.316189617
vn -0.72174418 0.229805976 0.652897239
vn -0.696899891 0.200298011 0.688630044
vn -0.6703614 0.172809586 0.721631825
vn -0.958132684 0.0936009809 0.270593137
vn -0.963460982 0.0742020309 0.257365763
vn -0.968063354 0.0156004122 0.250219703
vn -0.962729454 -0.0758028403 0.259626895
vn -0.947160542 -0.121306695 0.296937108
vn -0.92634201 -0.160802826 0.340636283
vn -0.909761548 -0.187193677 0.370530099
vn -0.863583267 -0.243892327 0.441294104
vn -0.889812946 -0.215211347 0.402389407
vn -0.790352404 -0.247813553 0.560295999
vn -0.81287837 -0.253016114 0.524606109
vn -0.833217502 -0.251603007 0.492386729
vn -0.759641051 -0.240412846 0.604274213
vn -0.736266315 -0.216298684 0.641191721
vn -0.712083936 -0.189895168 0.675926268
vn -0.690244734 -0.163203955 0.704930365
vn -0.657941937 -0.122797251 0.74298948
vn -0.629912674 -0.076600194 0.772879362
vn -0.623307645 0.0153999077 0.781825066
vn -0.627981305 0.0749014989 0.774615526
vn -0.637995303 0.094997406 0.76415813
vn 0.488743186 -0.411293149 0.769394755
vn 0.359500706 -0.655778825 0.663862586
vn 0.328947902 -0.764217913 0.554765105
vn 0.25241074 -0.840436876 0.479536086
vn 0.166061521 -0.9321118 0.321855932
vn 0.0604698397 -0.981446326 0.181952327
vn -0.0106269466 -0.99853164 0.0531201847
vn -0.121237434 -0.988317132 -0.0923622549
vn -0.22976625 -0.929148793 -0.289637625
vn -0.347357184 -0.82420224 -0.447251201
vn -0.377379566 -0.750710726 -0.542234361
vn -0.454583645 -0.655731678 -0.602801561
vn -0.497825503 -0.414022028 -0.762073219
vn -0.558113635 -0.179805368 -0.810049057
vn -0.539153516 -0.0624031089 -0.839892447
vn -0.582648456 0.288309216 -0.759867609
vn -0.537051201 0.128697917 -0.833674431
vn -0.670351267 -0.697291195 -0.253799886
vn -0.243708491 0.30449152 -0.920810044

# Mesh 'Object_0' with 1598 faces
g Object_0
usemtl None
f  1/1/1 2/2/2 3/3/3
f  1/1/1 3/3/3 4/4/4
f  4/4/4 3/3/3 5/5/5
f  4/4/4 5/5/5 6/6/6
f  7/7/7 8/8/8 9/9/9
f  7/7/7 9/9/9 10/10/10
f  11/11/11 12/12/11 8/8/8
f  11/11/11 8/8/8 7/7/7
f  13/13/12 14/14/13 15/15/14
f  13/13/12 15/15/14 16/16/15
f  17/17/16 16/16/15 15/15/14
f  17/17/16 15/15/14 18/18/17
f  19/19/18 20/20/19 21/21/20
f  19/19/18 21/21/20 10/10/10
f  22/22/21 23/23/22 24/24/23
f  22/22/21 24/24/23 25/25/24
f  26/26/25 27/27/26 28/28/27
f  26/26/25 28/28/27 29/29/28
f  30/30/29 31/31/30 32/32/31
f  30/30/29 32/32/31 33/33/32
f  34/34/33 35/35/33 36/36/34
f  34/34/33 36/36/34 37/37/35
f  37/37/35 36/36/34 31/31/30
f  37/37/35 31/31/30 30/30/29
f  38/38/36 39/39/37 16/16/15
f  38/38/36 16/16/15 17/17/16
f  40/40/38 41/35/39 39/39/37
f  40/40/38 39/39/37 38/38/36
f  42/41/40 43/42/41 44/43/42
f  14/14/13 13/13/12 45/44/43
f  46/45/44 47/46/45 48/47/46
f  46/45/44 48/47/46 29/29/28
f  49/11/47 50/48/48 51/49/49
f  49/11/47 51/49/49 52/50/50
f  52/50/50 51/49/49 53/51/51
f  52/50/50 53/51/51 54/52/52
f  55/53/53 56/54/54 57/55/55
f  55/53/53 57/55/55 58/56/56
f  59/1/57 60/57/57 56/54/54
f  59/1/57 56/54/54 55/53/53
f  6/6/6 14/14/13 45/44/43
f  58/56/56 57/55/55 61/58/58
f  58/56/56 61/58/58 62/59/59
f  63/60/60 64/61/61 48/47/46
f  63/60/60 48/47/46 65/62/62
f  66/63/63 67/64/64 47/46/45
f  66/63/63 47/46/45 46/45/44
f  68/65/65 21/21/20 20/20/19
f  68/65/65 20/20/19 69/66/66
f  14/14/13 6/6/6 5/5/5
f  70/40/67 71/48/67 72/67/68
f  70/40/67 72/67/68 73/68/69
f  73/68/69 72/67/68 21/21/20
f  73/68/69 21/21/20 68/65/65
f  74/69/70 75/70/71 45/44/43
f  74/69/70 45/44/43 13/13/12
f  76/34/72 77/57/73 75/70/71
f  76/34/72 75/70/71 74/69/70
f  78/71/74 79/72/75 42/41/40
f  78/71/74 42/41/40 80/73/76
f  81/74/77 43/42/41 42/41/40
f  81/74/77 42/41/40 65/62/62
f  82/75/78 83/76/79 43/42/41
f  82/75/78 43/42/41 81/74/77
f  84/77/80 85/78/81 86/79/82
f  87/80/83 88/81/84 89/82/85
f  41/35/39 76/34/72 74/69/70
f  41/35/39 74/69/70 39/39/37
f  39/39/37 74/69/70 13/13/12
f  39/39/37 13/13/12 16/16/15
f  36/36/34 73/68/69 68/65/65
f  36/36/34 68/65/65 31/31/30
f  90/35/86 91/40/86 73/68/69
f  90/35/86 73/68/69 36/36/34
f  31/31/30 68/65/65 69/66/66
f  31/31/30 69/66/66 32/32/31
f  27/27/26 66/63/63 46/45/44
f  27/27/26 46/45/44 28/28/27
f  28/28/27 46/45/44 29/29/28
f  50/48/48 40/40/38 38/38/36
f  50/48/48 38/38/36 51/49/49
f  51/49/49 38/38/36 17/17/16
f  51/49/49 17/17/16 53/51/51
f  56/54/54 37/37/35 30/30/29
f  56/54/54 30/30/29 57/55/55
f  92/57/87 93/34/87 37/37/35
f  92/57/87 37/37/35 56/54/54
f  57/55/55 30/30/29 33/33/32
f  57/55/55 33/33/32 61/58/58
f  64/61/61 26/26/25 29/29/28
f  64/61/61 29/29/28 48/47/46
f  67/64/64 82/75/78 81/74/77
f  67/64/64 81/74/77 47/46/45
f  47/46/45 81/74/77 65/62/62
f  47/46/45 65/62/62 48/47/46
f  79/72/75 63/60/60 65/62/62
f  79/72/75 65/62/62 42/41/40
f  94/83/88 58/56/56 62/59/59
f  94/83/88 62/59/59 95/84/89
f  96/2/90 97/1/90 55/53/53
f  96/2/90 55/53/53 98/85/91
f  98/85/91 55/53/53 58/56/56
f  98/85/91 58/56/56 94/83/88
f  99/86/92 52/50/50 54/52/52
f  99/86/92 54/52/52 100/87/93
f  101/12/94 49/11/47 52/50/50
f  101/12/94 52/50/50 99/86/92
f  102/88/95 19/19/18 10/10/10
f  102/88/95 10/10/10 9/9/9
f  103/48/96 104/11/96 7/7/7
f  103/48/96 7/7/7 72/67/68
f  72/67/68 7/7/7 10/10/10
f  72/67/68 10/10/10 21/21/20
f  75/70/71 4/4/4 6/6/6
f  75/70/71 6/6/6 45/44/43
f  77/57/73 1/1/1 4/4/4
f  77/57/73 4/4/4 75/70/71
f  53/51/51 17/17/16 18/18/17
f  18/18/17 54/52/52 53/51/51
f  54/52/52 18/18/17 100/87/93
f  105/89/97 106/90/98 107/91/99
f  105/89/97 107/91/99 108/92/100
f  109/93/101 110/94/101 111/95/102
f  109/93/101 111/95/102 112/96/103
f  113/97/104 114/98/105 115/94/106
f  113/97/104 115/94/106 116/93/107
f  117/99/108 118/100/109 114/98/105
f  117/99/108 114/98/105 113/97/104
f  119/101/110 117/99/108 120/102/111
f  121/103/112 122/104/113 123/105/114
f  105/89/97 124/106/115 125/107/116
f  105/89/97 125/107/116 122/104/113
f  126/108/117 119/101/110 120/102/111
f  126/108/117 120/102/111 127/109/118
f  126/108/117 127/109/118 128/110/119
f  128/110/119 127/109/118 129/111/120
f  128/110/119 129/111/120 130/112/121
f  131/112/122 132/111/122 133/113/123
f  131/112/122 133/113/123 108/92/100
f  134/114/124 124/106/115 133/113/123
f  134/114/124 133/113/123 112/96/103
f  135/115/125 134/114/124 112/96/103
f  135/115/125 112/96/103 111/95/102
f  136/116/126 137/112/126 108/92/100
f  136/116/126 108/92/100 107/91/99
f  138/117/127 128/110/119 130/112/121
f  138/117/127 130/112/121 139/116/128
f  140/118/129 126/108/117 128/110/119
f  140/118/129 128/110/119 138/117/127
f  141/119/130 142/120/131 119/101/110
f  106/90/98 105/89/97 122/104/113
f  106/90/98 122/104/113 121/103/112
f  124/106/115 134/114/124 143/121/132
f  124/106/115 143/121/132 125/107/116
f  144/122/133 119/101/110 142/120/131
f  120/102/111 117/99/108 113/97/104
f  120/102/111 113/97/104 127/109/118
f  127/109/118 113/97/104 116/93/107
f  127/109/118 116/93/107 129/111/120
f  145/111/134 146/93/134 112/96/103
f  145/111/134 112/96/103 133/113/123
f  124/106/115 105/89/97 108/92/100
f  124/106/115 108/92/100 133/113/123
f  117/99/108 119/101/110 144/122/133
f  118/100/109 117/99/108 144/122/133
f  119/101/110 126/108/117 141/119/130
f  141/119/130 126/108/117 140/118/129
f  147/123/135 148/124/136 149/125/137
f  150/126/138 151/127/139 152/128/140
f  150/126/138 152/128/140 153/129/141
f  153/129/141 152/128/140 154/130/142
f  153/129/141 154/130/142 155/131/143
f  155/131/143 154/130/142 156/132/144
f  155/131/143 156/132/144 157/133/145
f  157/133/145 156/132/144 158/134/146
f  157/133/145 158/134/146 159/135/147
f  159/135/147 158/134/146 160/136/148
f  159/135/147 160/136/148 161/137/149
f  161/137/149 160/136/148 162/138/150
f  161/137/149 162/138/150 163/139/151
f  163/139/151 162/138/150 164/140/152
f  163/139/151 164/140/152 165/141/153
f  165/141/153 164/140/152 166/142/154
f  165/141/153 166/142/154 167/143/155
f  167/143/155 166/142/154 168/144/156
f  167/143/155 168/144/156 169/145/157
f  169/145/157 168/144/156 170/146/158
f  169/145/157 170/146/158 171/147/159
f  171/147/159 170/146/158 172/148/160
f  171/147/159 172/148/160 173/149/161
f  173/149/161 172/148/160 174/150/162
f  173/149/161 174/150/162 175/151/163
f  176/152/164 177/153/165 178/154/166
f  176/152/164 178/154/166 179/155/167
f  175/151/163 180/156/168 181/157/169
f  176/152/164 182/158/170 183/159/171
f  176/152/164 183/159/171 184/160/172
f  176/152/164 184/160/172 177/153/165
f  185/161/173 186/162/174 184/160/172
f  185/161/173 184/160/172 183/159/171
f  187/163/175 188/164/176 189/165/177
f  187/163/175 189/165/177 190/166/178
f  191/167/179 192/168/180 193/169/181
f  191/167/179 193/169/181 194/170/182
f  195/171/183 196/172/184 192/168/180
f  195/171/183 192/168/180 191/167/179
f  197/173/185 198/174/186 196/172/184
f  197/173/185 196/172/184 195/171/183
f  199/175/187 200/176/188 198/174/186
f  199/175/187 198/174/186 197/173/185
f  201/177/189 202/178/190 200/176/188
f  201/177/189 200/176/188 199/175/187
f  203/179/191 204/180/192 202/178/190
f  203/179/191 202/178/190 201/177/189
f  205/181/193 206/182/194 204/180/192
f  205/181/193 204/180/192 203/179/191
f  207/183/195 208/184/196 206/182/194
f  207/183/195 206/182/194 205/181/193
f  208/184/196 209/185/197 210/186/198
f  211/187/199 212/188/200 213/189/201
f  214/190/202 215/191/203 216/192/204
f  214/190/202 216/192/204 217/193/205
f  218/194/206 214/190/202 217/193/205
f  218/194/206 217/193/205 219/195/207
f  220/196/208 218/194/206 219/195/207
f  220/196/208 219/195/207 221/197/209
f  222/198/210 220/196/208 221/197/209
f  222/198/210 221/197/209 223/199/211
f  224/200/212 222/198/210 223/199/211
f  224/200/212 223/199/211 225/201/213
f  226/202/214 224/200/212 225/201/213
f  226/202/214 225/201/213 227/203/215
f  228/204/216 226/202/214 227/203/215
f  228/204/216 227/203/215 229/205/217
f  230/206/218 231/207/219 232/208/220
f  233/209/221 234/210/222 235/211/223
f  233/209/221 235/211/223 228/204/216
f  236/212/224 233/209/221 229/205/217
f  180/156/168 175/151/163 174/150/162
f  232/208/220 231/207/219 237/213/225
f  232/208/220 237/213/225 238/214/158
f  239/215/226 240/216/227 237/213/225
f  239/215/226 237/213/225 241/217/228
f  242/218/229 243/219/230 244/220/231
f  213/189/201 212/188/200 245/221/232
f  246/222/233 217/193/205 216/192/204
f  246/222/233 216/192/204 247/223/234
f  248/224/235 219/195/207 217/193/205
f  248/224/235 217/193/205 246/222/233
f  249/225/236 221/197/209 219/195/207
f  249/225/236 219/195/207 248/224/235
f  250/226/237 223/199/211 221/197/209
f  250/226/237 221/197/209 249/225/236
f  251/227/238 225/201/213 223/199/211
f  251/227/238 223/199/211 250/226/237
f  252/228/239 227/203/215 225/201/213
f  252/228/239 225/201/213 251/227/238
f  253/229/240 229/205/217 227/203/215
f  253/229/240 227/203/215 252/228/239
f  254/230/168 255/231/241 256/232/242
f  254/230/168 257/233/162 255/231/241
f  256/232/242 255/231/241 258/234/243
f  256/232/242 258/234/243 259/235/244
f  257/233/162 260/236/160 258/234/243
f  257/233/162 258/234/243 255/231/241
f  260/236/160 238/214/158 258/234/243
f  240/216/227 259/235/244 258/234/243
f  237/213/225 240/216/227 261/237/245
f  258/234/243 261/237/245 240/216/227
f  237/213/225 261/237/245 238/214/158
f  258/234/243 238/214/158 261/237/245
f  241/217/228 262/238/246 239/215/226
f  263/239/247 264/240/248 229/205/217
f  265/241/249 189/165/177 266/242/250
f  265/241/249 266/242/250 267/243/227
f  267/243/227 266/242/250 268/244/251
f  267/243/227 268/244/251 269/245/244
f  269/245/244 268/244/251 270/246/252
f  269/245/244 270/246/252 271/247/242
f  272/248/253 173/149/161 175/151/163
f  272/248/253 175/151/163 181/157/169
f  273/249/254 171/147/159 173/149/161
f  273/249/254 173/149/161 272/248/253
f  274/250/255 169/145/157 171/147/159
f  274/250/255 171/147/159 273/249/254
f  275/251/256 167/143/155 169/145/157
f  275/251/256 169/145/157 274/250/255
f  276/252/257 165/141/153 167/143/155
f  276/252/257 167/143/155 275/251/256
f  277/253/258 163/139/151 165/141/153
f  277/253/258 165/141/153 276/252/257
f  278/254/259 161/137/149 163/139/151
f  278/254/259 163/139/151 277/253/258
f  279/255/260 159/135/147 161/137/149
f  279/255/260 161/137/149 278/254/259
f  280/256/261 157/133/145 159/135/147
f  280/256/261 159/135/147 279/255/260
f  281/257/262 155/131/143 157/133/145
f  281/257/262 157/133/145 280/256/261
f  282/258/263 153/129/141 155/131/143
f  282/258/263 155/131/143 281/257/262
f  283/259/264 150/126/138 153/129/141
f  283/259/264 153/129/141 282/258/263
f  212/188/200 284/260/265 245/221/232
f  285/261/266 245/221/232 284/260/265
f  213/189/201 245/221/232 286/262/267
f  213/189/201 286/262/267 287/263/268
f  287/263/268 286/262/267 288/264/269
f  287/263/268 288/264/269 289/265/270
f  289/265/270 288/264/269 290/266/271
f  289/265/270 290/266/271 291/267/272
f  291/267/272 290/266/271 292/268/273
f  291/267/272 292/268/273 293/269/274
f  293/269/274 292/268/273 294/270/275
f  293/269/274 294/270/275 295/271/276
f  295/271/276 294/270/275 296/272/277
f  295/271/276 296/272/277 297/273/278
f  297/273/278 296/272/277 298/274/279
f  297/273/278 298/274/279 299/275/280
f  299/275/280 298/274/279 190/166/178
f  299/275/280 190/166/178 300/276/281
f  300/276/281 190/166/178 189/165/177
f  300/276/281 189/165/177 265/241/249
f  301/277/282 245/221/232 285/261/266
f  245/221/232 301/277/282 302/278/283
f  245/221/232 302/278/283 286/262/267
f  286/262/267 302/278/283 303/279/284
f  286/262/267 303/279/284 288/264/269
f  288/264/269 303/279/284 304/280/285
f  288/264/269 304/280/285 290/266/271
f  290/266/271 304/280/285 305/281/286
f  290/266/271 305/281/286 292/268/273
f  292/268/273 305/281/286 306/282/287
f  292/268/273 306/282/287 294/270/275
f  294/270/275 306/282/287 307/283/288
f  294/270/275 307/283/288 296/272/277
f  296/272/277 307/283/288 308/284/289
f  296/272/277 308/284/289 298/274/279
f  298/274/279 308/284/289 187/163/175
f  298/274/279 187/163/175 190/166/178
f  194/170/182 185/161/173 188/164/176
f  194/170/182 188/164/176 187/163/175
f  189/165/177 188/164/176 182/158/170
f  189/165/177 182/158/170 266/242/250
f  266/242/250 182/158/170 176/152/164
f  266/242/250 176/152/164 268/244/251
f  268/244/251 176/152/164 179/155/167
f  268/244/251 179/155/167 270/246/252
f  210/186/198 283/259/264 282/258/263
f  210/186/198 282/258/263 309/285/290
f  309/285/290 282/258/263 281/257/262
f  309/285/290 281/257/262 310/286/291
f  310/286/291 281/257/262 280/256/261
f  310/286/291 280/256/261 311/287/292
f  311/287/292 280/256/261 279/255/260
f  311/287/292 279/255/260 312/288/293
f  312/288/293 279/255/260 278/254/259
f  312/288/293 278/254/259 313/289/294
f  313/289/294 278/254/259 277/253/258
f  313/289/294 277/253/258 314/290/295
f  314/290/295 277/253/258 276/252/257
f  314/290/295 276/252/257 315/291/296
f  315/291/296 276/252/257 275/251/256
f  315/291/296 275/251/256 316/292/297
f  316/292/297 275/251/256 274/250/255
f  316/292/297 274/250/255 317/293/298
f  317/293/298 274/250/255 273/249/254
f  317/293/298 273/249/254 184/160/172
f  317/293/298 184/160/172 186/162/174
f  184/160/172 273/249/254 272/248/253
f  184/160/172 272/248/253 177/153/165
f  177/153/165 272/248/253 181/157/169
f  177/153/165 181/157/169 178/154/166
f  318/294/299 210/186/198 209/185/197
f  193/169/181 186/162/174 185/161/173
f  193/169/181 185/161/173 194/170/182
f  301/277/282 285/261/266 319/295/300
f  301/277/282 207/183/195 205/181/193
f  301/277/282 205/181/193 302/278/283
f  302/278/283 205/181/193 203/179/191
f  302/278/283 203/179/191 303/279/284
f  303/279/284 203/179/191 201/177/189
f  303/279/284 201/177/189 304/280/285
f  304/280/285 201/177/189 199/175/187
f  304/280/285 199/175/187 305/281/286
f  305/281/286 199/175/187 197/173/185
f  305/281/286 197/173/185 306/282/287
f  306/282/287 197/173/185 195/171/183
f  306/282/287 195/171/183 307/283/288
f  307/283/288 195/171/183 191/167/179
f  307/283/288 191/167/179 308/284/289
f  308/284/289 191/167/179 194/170/182
f  308/284/289 194/170/182 187/163/175
f  188/164/176 185/161/173 183/159/171
f  188/164/176 183/159/171 182/158/170
f  301/277/282 319/295/300 207/183/195
f  193/169/181 316/292/297 317/293/298
f  193/169/181 317/293/298 186/162/174
f  192/168/180 315/291/296 316/292/297
f  192/168/180 316/292/297 193/169/181
f  196/172/184 314/290/295 315/291/296
f  196/172/184 315/291/296 192/168/180
f  198/174/186 313/289/294 314/290/295
f  198/174/186 314/290/295 196/172/184
f  200/176/188 312/288/293 313/289/294
f  200/176/188 313/289/294 198/174/186
f  202/178/190 311/287/292 312/288/293
f  202/178/190 312/288/293 200/176/188
f  204/180/192 310/286/291 311/287/292
f  204/180/192 311/287/292 202/178/190
f  206/182/194 309/285/290 310/286/291
f  206/182/194 310/286/291 204/180/192
f  208/184/196 210/186/198 309/285/290
f  208/184/196 309/285/290 206/182/194
f  242/218/229 244/220/231 320/296/301
f  242/218/229 320/296/301 321/297/302
f  321/297/302 320/296/301 322/298/303
f  321/297/302 322/298/303 323/299/304
f  323/299/304 322/298/303 324/300/305
f  323/299/304 324/300/305 325/301/306
f  326/302/307 327/303/308 328/304/309
f  326/302/307 328/304/309 329/305/310
f  330/306/311 331/307/312 325/301/306
f  330/306/311 325/301/306 324/300/305
f  332/308/313 333/309/314 334/310/315
f  332/308/313 334/310/315 335/311/316
f  335/311/316 334/310/315 336/312/317
f  335/311/316 336/312/317 337/313/318
f  319/295/300 338/314/319 207/183/195
f  339/315/320 340/316/321 341/317/322
f  339/315/320 341/317/322 235/211/223
f  340/316/321 342/318/323 343/319/324
f  340/316/321 343/319/324 341/317/322
f  342/318/323 328/304/309 327/303/308
f  342/318/323 327/303/308 343/319/324
f  344/320/325 326/302/307 329/305/310
f  344/320/325 329/305/310 345/321/326
f  329/305/310 328/304/309 346/322/327
f  329/305/310 346/322/327 347/323/328
f  345/321/326 348/324/329 349/325/330
f  345/321/326 349/325/330 344/320/325
f  348/324/329 350/326/331 351/327/332
f  348/324/329 351/327/332 349/325/330
f  283/259/264 352/328/333 150/126/138
f  353/329/334 354/330/335 234/210/222
f  355/331/336 356/332/337 357/333/338
f  358/334/339 262/238/246 356/332/337
f  357/333/338 356/332/337 262/238/246
f  263/239/247 229/205/217 253/229/240
f  359/335/340 339/315/320 235/211/223
f  264/240/248 262/238/246 241/217/228
f  264/240/248 241/217/228 360/336/341
f  236/212/224 229/205/217 361/337/342
f  361/337/342 229/205/217 362/338/343
f  229/205/217 360/336/341 362/338/343
f  363/339/344 364/142/345 365/340/346
f  366/341/347 367/342/348 368/276/349
f  234/210/222 354/330/335 359/335/340
f  234/210/222 359/335/340 235/211/223
f  369/343/350 370/344/351 339/315/320
f  369/343/350 339/315/320 359/335/340
f  371/345/352 372/346/353 354/330/335
f  371/345/352 354/330/335 353/329/334
f  373/347/354 352/328/333 283/259/264
f  374/348/355 375/349/356 350/326/331
f  374/348/355 350/326/331 348/324/329
f  376/350/357 374/348/355 348/324/329
f  376/350/357 348/324/329 345/321/326
f  347/323/328 376/350/357 345/321/326
f  347/323/328 345/321/326 329/305/310
f  331/307/312 377/351/358 378/352/359
f  331/307/312 378/352/359 325/301/306
f  379/353/360 346/322/327 328/304/309
f  379/353/360 328/304/309 342/318/323
f  380/354/361 379/353/360 342/318/323
f  380/354/361 342/318/323 340/316/321
f  370/344/351 380/354/361 340/316/321
f  370/344/351 340/316/321 339/315/320
f  357/333/338 244/220/231 243/219/230
f  357/333/338 243/219/230 355/331/336
f  381/355/362 358/334/339 356/332/337
f  381/355/362 356/332/337 355/331/336
f  382/356/363 373/347/354 283/259/264
f  383/357/364 335/311/316 337/313/318
f  383/357/364 337/313/318 148/124/136
f  384/358/365 332/308/313 335/311/316
f  384/358/365 335/311/316 383/357/364
f  377/351/358 331/307/312 332/308/313
f  377/351/358 332/308/313 384/358/365
f  333/309/314 332/308/313 331/307/312
f  333/309/314 331/307/312 330/306/311
f  385/359/366 323/299/304 325/301/306
f  385/359/366 325/301/306 378/352/359
f  386/360/367 321/297/302 323/299/304
f  386/360/367 323/299/304 385/359/366
f  387/361/368 242/218/229 321/297/302
f  387/361/368 321/297/302 386/360/367
f  387/361/368 388/362/369 243/219/230
f  387/361/368 243/219/230 242/218/229
f  231/207/219 361/337/342 362/338/343
f  231/207/219 362/338/343 237/213/225
f  230/206/218 236/212/224 361/337/342
f  230/206/218 361/337/342 231/207/219
f  230/206/218 234/210/222 233/209/221
f  230/206/218 233/209/221 236/212/224
f  229/205/217 233/209/221 228/204/216
f  235/211/223 341/317/322 226/202/214
f  235/211/223 226/202/214 228/204/216
f  341/317/322 343/319/324 224/200/212
f  341/317/322 224/200/212 226/202/214
f  343/319/324 327/303/308 222/198/210
f  343/319/324 222/198/210 224/200/212
f  327/303/308 326/302/307 220/196/208
f  327/303/308 220/196/208 222/198/210
f  326/302/307 344/320/325 218/194/206
f  326/302/307 218/194/206 220/196/208
f  344/320/325 349/325/330 214/190/202
f  344/320/325 214/190/202 218/194/206
f  349/325/330 351/327/332 215/191/203
f  349/325/330 215/191/203 214/190/202
f  210/186/198 382/356/363 283/259/264
f  229/205/217 264/240/248 360/336/341
f  357/333/338 263/239/247 253/229/240
f  357/333/338 253/229/240 244/220/231
f  357/333/338 262/238/246 264/240/248
f  357/333/338 264/240/248 263/239/247
f  244/220/231 253/229/240 252/228/239
f  244/220/231 252/228/239 320/296/301
f  320/296/301 252/228/239 251/227/238
f  320/296/301 251/227/238 322/298/303
f  322/298/303 251/227/238 250/226/237
f  322/298/303 250/226/237 324/300/305
f  324/300/305 250/226/237 249/225/236
f  324/300/305 249/225/236 330/306/311
f  330/306/311 249/225/236 248/224/235
f  330/306/311 248/224/235 333/309/314
f  333/309/314 248/224/235 246/222/233
f  333/309/314 246/222/233 334/310/315
f  334/310/315 246/222/233 247/223/234
f  334/310/315 247/223/234 336/312/317
f  318/294/299 382/356/363 210/186/198
f  241/217/228 237/213/225 362/338/343
f  241/217/228 362/338/343 360/336/341
f  389/140/370 390/138/371 391/363/372
f  389/140/370 391/363/372 392/364/373
f  390/138/371 393/136/374 394/365/375
f  390/138/371 394/365/375 391/363/372
f  393/136/374 395/134/376 396/366/377
f  393/136/374 396/366/377 394/365/375
f  395/134/376 397/132/378 398/367/379
f  395/134/376 398/367/379 396/366/377
f  397/132/378 399/130/380 400/368/381
f  397/132/378 400/368/381 398/367/379
f  399/130/380 401/128/382 402/369/383
f  399/130/380 402/369/383 400/368/381
f  401/128/382 403/127/384 404/370/385
f  401/128/382 404/370/385 402/369/383
f  403/127/384 405/371/386 406/372/386
f  403/127/384 406/372/386 404/370/385
f  407/144/387 364/142/345 363/339/344
f  407/144/387 363/339/344 408/373/387
f  364/142/345 389/140/370 392/364/373
f  364/142/345 392/364/373 365/340/346
f  354/330/335 372/346/353 369/343/350
f  354/330/335 369/343/350 359/335/340
f  409/275/388 368/276/349 367/342/348
f  409/275/388 367/342/348 410/374/389
f  409/275/388 410/374/389 411/375/390
f  409/275/388 411/375/390 412/273/391
f  412/273/391 411/375/390 413/376/392
f  412/273/391 413/376/392 414/271/393
f  414/271/393 413/376/392 415/377/394
f  414/271/393 415/377/394 416/269/395
f  416/269/395 415/377/394 417/378/396
f  416/269/395 417/378/396 418/267/397
f  418/267/397 417/378/396 419/379/398
f  418/267/397 419/379/398 420/265/399
f  420/265/399 419/379/398 421/380/400
f  420/265/399 421/380/400 422/263/401
f  422/263/401 421/380/400 423/381/402
f  422/263/401 423/381/402 424/189/403
f  424/189/403 423/381/402 425/382/404
f  424/189/403 425/382/404 426/187/404
f  368/276/349 427/241/405 428/383/405
f  368/276/349 428/383/405 366/341/347
f  355/331/336 243/219/230 388/362/369
f  355/331/336 388/362/369 381/355/362
f  262/238/246 358/334/339 239/215/226
f  230/206/218 232/208/220 371/345/352
f  371/345/352 353/329/334 230/206/218
f  353/329/334 234/210/222 230/206/218
f  429/384/406 430/385/407 431/386/408
f  429/384/406 431/386/408 432/387/409
f  433/388/410 434/389/411 435/390/412
f  433/388/410 435/390/412 436/391/413
f  437/392/414 438/393/415 439/394/416
f  437/392/414 439/394/416 440/395/417
f  441/396/418 442/397/419 430/385/407
f  441/396/418 430/385/407 429/384/406
f  443/398/420 444/399/421 434/389/411
f  443/398/420 434/389/411 433/388/410
f  445/400/422 446/401/423 438/393/415
f  445/400/422 438/393/415 437/392/414
f  447/402/424 448/403/425 442/397/419
f  447/402/424 442/397/419 441/396/418
f  449/404/426 450/405/427 446/401/423
f  449/404/426 446/401/423 445/400/422
f  451/406/428 452/407/429 448/403/425
f  451/406/428 448/403/425 447/402/424
f  453/408/430 454/409/431 450/405/427
f  453/408/430 450/405/427 449/404/426
f  455/410/432 456/411/433 452/407/429
f  455/410/432 452/407/429 451/406/428
f  457/412/434 458/413/435 454/409/431
f  457/412/434 454/409/431 453/408/430
f  459/414/436 460/415/437 456/411/433
f  459/414/436 456/411/433 455/410/432
f  461/416/438 462/417/439 458/413/435
f  461/416/438 458/413/435 457/412/434
f  463/418/440 464/419/441 460/415/437
f  463/418/440 460/415/437 459/414/436
f  465/420/442 466/421/443 462/417/439
f  465/420/442 462/417/439 461/416/438
f  467/422/444 468/423/445 464/419/441
f  467/422/444 464/419/441 463/418/440
f  469/424/446 470/425/447 466/421/443
f  469/424/446 466/421/443 465/420/442
f  471/426/448 472/427/449 468/423/445
f  471/426/448 468/423/445 467/422/444
f  473/428/450 474/429/451 470/425/447
f  473/428/450 470/425/447 469/424/446
f  475/430/452 476/431/453 472/427/449
f  475/430/452 472/427/449 471/426/448
f  477/432/454 478/433/455 474/429/451
f  477/432/454 474/429/451 473/428/450
f  479/434/456 480/435/457 476/431/453
f  479/434/456 476/431/453 475/430/452
f  481/436/458 482/437/459 444/399/421
f  481/436/458 444/399/421 443/398/420
f  483/438/460 484/439/461 478/433/455
f  483/438/460 478/433/455 477/432/454
f  485/440/462 486/441/463 480/435/457
f  485/440/462 480/435/457 479/434/456
f  487/442/464 488/443/465 482/437/459
f  487/442/464 482/437/459 481/436/458
f  489/444/466 490/445/467 484/439/461
f  489/444/466 484/439/461 483/438/460
f  491/446/468 492/447/469 486/441/463
f  491/446/468 486/441/463 485/440/462
f  432/387/409 431/386/408 488/443/465
f  432/387/409 488/443/465 487/442/464
f  436/391/413 435/390/412 490/445/467
f  436/391/413 490/445/467 489/444/466
f  440/395/417 439/394/416 493/448/469
f  440/395/417 493/448/469 494/449/468
f  495/429/470 496/450/470 497/451/471
f  495/429/470 497/451/471 498/425/471
f  499/431/472 500/452/472 501/453/473
f  499/431/472 501/453/473 502/427/473
f  503/433/474 504/454/474 496/450/470
f  503/433/474 496/450/470 495/429/470
f  505/435/475 506/455/475 500/452/472
f  505/435/475 500/452/472 499/431/472
f  507/437/476 508/456/476 509/457/477
f  507/437/476 509/457/477 510/399/477
f  511/439/478 512/458/478 504/454/474
f  511/439/478 504/454/474 503/433/474
f  513/441/479 514/459/479 506/455/475
f  513/441/479 506/455/475 505/435/475
f  515/443/480 516/460/480 508/456/476
f  515/443/480 508/456/476 507/437/476
f  517/445/481 518/461/481 512/458/478
f  517/445/481 512/458/478 511/439/478
f  519/447/482 520/462/482 514/459/479
f  519/447/482 514/459/479 513/441/479
f  521/386/483 522/463/483 516/460/480
f  521/386/483 516/460/480 515/443/480
f  523/390/484 524/464/484 518/461/481
f  523/390/484 518/461/481 517/445/481
f  525/394/485 526/465/485 527/466/482
f  525/394/485 527/466/482 528/448/482
f  529/385/486 530/467/486 522/463/483
f  529/385/486 522/463/483 521/386/483
f  531/389/487 532/468/487 524/464/484
f  531/389/487 524/464/484 523/390/484
f  533/393/488 534/469/488 526/465/485
f  533/393/488 526/465/485 525/394/485
f  535/397/489 536/470/489 530/467/486
f  535/397/489 530/467/486 529/385/486
f  510/399/477 509/457/477 532/468/487
f  510/399/477 532/468/487 531/389/487
f  537/401/490 538/471/490 534/469/488
f  537/401/490 534/469/488 533/393/488
f  539/403/491 540/472/491 536/470/489
f  539/403/491 536/470/489 535/397/489
f  541/405/492 542/473/492 538/471/490
f  541/405/492 538/471/490 537/401/490
f  543/407/493 544/474/493 540/472/491
f  543/407/493 540/472/491 539/403/491
f  545/409/494 546/475/494 542/473/492
f  545/409/494 542/473/492 541/405/492
f  547/411/495 548/476/495 544/474/493
f  547/411/495 544/474/493 543/407/493
f  549/413/496 550/477/496 546/475/494
f  549/413/496 546/475/494 545/409/494
f  551/415/497 552/478/497 548/476/495
f  551/415/497 548/476/495 547/411/495
f  553/417/498 554/479/498 550/477/496
f  553/417/498 550/477/496 549/413/496
f  555/419/499 556/480/499 552/478/497
f  555/419/499 552/478/497 551/415/497
f  557/421/500 558/481/500 554/479/498
f  557/421/500 554/479/498 553/417/498
f  559/423/501 560/482/501 556/480/499
f  559/423/501 556/480/499 555/419/499
f  498/425/471 497/451/471 558/481/500
f  498/425/471 558/481/500 557/421/500
f  502/427/473 501/453/473 560/482/501
f  502/427/473 560/482/501 559/423/501
f  561/460/502 562/483/502 563/484/503
f  561/460/502 563/484/503 564/456/503
f  565/461/504 566/485/504 567/486/505
f  565/461/504 567/486/505 568/458/505
f  569/462/506 570/487/506 571/488/507
f  569/462/506 571/488/507 572/459/507
f  573/463/508 574/489/508 562/483/502
f  573/463/508 562/483/502 561/460/502
f  575/464/509 576/490/509 566/485/504
f  575/464/509 566/485/504 565/461/504
f  577/465/510 578/491/510 579/492/506
f  577/465/510 579/492/506 580/466/506
f  581/467/511 582/493/511 574/489/508
f  581/467/511 574/489/508 573/463/508
f  583/468/512 584/494/512 576/490/509
f  583/468/512 576/490/509 575/464/509
f  585/469/513 586/495/513 578/491/510
f  585/469/513 578/491/510 577/465/510
f  587/470/514 588/496/514 582/493/511
f  587/470/514 582/493/511 581/467/511
f  589/457/515 590/497/515 584/494/512
f  589/457/515 584/494/512 583/468/512
f  591/471/516 592/498/516 586/495/513
f  591/471/516 586/495/513 585/469/513
f  593/472/517 594/499/517 588/496/514
f  593/472/517 588/496/514 587/470/514
f  595/473/518 596/500/518 592/498/516
f  595/473/518 592/498/516 591/471/516
f  597/474/519 598/501/519 594/499/517
f  597/474/519 594/499/517 593/472/517
f  599/475/520 600/502/520 596/500/518
f  599/475/520 596/500/518 595/473/518
f  601/476/521 602/503/521 598/501/519
f  601/476/521 598/501/519 597/474/519
f  603/477/522 604/504/522 600/502/520
f  603/477/522 600/502/520 599/475/520
f  605/478/523 606/505/523 602/503/521
f  605/478/523 602/503/521 601/476/521
f  607/479/524 608/506/524 604/504/522
f  607/479/524 604/504/522 603/477/522
f  609/480/525 610/507/525 606/505/523
f  609/480/525 606/505/523 605/478/523
f  611/481/526 612/508/526 608/506/524
f  611/481/526 608/506/524 607/479/524
f  613/482/527 614/509/527 610/507/525
f  613/482/527 610/507/525 609/480/525
f  615/451/528 616/510/528 612/508/526
f  615/451/528 612/508/526 611/481/526
f  617/453/529 618/511/529 614/509/527
f  617/453/529 614/509/527 613/482/527
f  619/450/530 620/512/530 616/510/528
f  619/450/530 616/510/528 615/451/528
f  621/452/531 622/513/531 618/511/529
f  621/452/531 618/511/529 617/453/529
f  623/454/532 624/514/532 620/512/530
f  623/454/532 620/512/530 619/450/530
f  625/455/533 626/515/533 622/513/531
f  625/455/533 622/513/531 621/452/531
f  564/456/503 563/484/503 590/497/515
f  564/456/503 590/497/515 589/457/515
f  568/458/505 567/486/505 624/514/532
f  568/458/505 624/514/532 623/454/532
f  572/459/507 571/488/507 626/515/533
f  572/459/507 626/515/533 625/455/533
f  627/496/534 628/516/534 629/517/535
f  627/496/534 629/517/535 630/493/535
f  631/497/536 632/518/536 633/519/537
f  631/497/536 633/519/537 634/494/537
f  635/498/538 636/520/538 637/521/539
f  635/498/538 637/521/539 638/495/539
f  639/499/540 640/522/540 628/516/534
f  639/499/540 628/516/534 627/496/534
f  641/500/541 642/523/541 636/520/538
f  641/500/541 636/520/538 635/498/538
f  643/501/542 644/524/542 640/522/540
f  643/501/542 640/522/540 639/499/540
f  645/502/543 646/525/543 642/523/541
f  645/502/543 642/523/541 641/500/541
f  647/503/544 648/526/544 644/524/542
f  647/503/544 644/524/542 643/501/542
f  649/504/545 650/527/545 646/525/543
f  649/504/545 646/525/543 645/502/543
f  651/505/546 652/528/546 648/526/544
f  651/505/546 648/526/544 647/503/544
f  653/506/547 654/529/547 650/527/545
f  653/506/547 650/527/545 649/504/545
f  655/507/548 656/530/548 652/528/546
f  655/507/548 652/528/546 651/505/546
f  657/508/549 658/531/549 654/529/547
f  657/508/549 654/529/547 653/506/547
f  659/509/550 660/532/550 656/530/548
f  659/509/550 656/530/548 655/507/548
f  661/510/551 662/533/551 658/531/549
f  661/510/551 658/531/549 657/508/549
f  663/511/552 664/534/552 660/532/550
f  663/511/552 660/532/550 659/509/550
f  665/512/553 666/535/553 662/533/551
f  665/512/553 662/533/551 661/510/551
f  667/513/554 668/536/554 664/534/552
f  667/513/554 664/534/552 663/511/552
f  669/514/555 670/537/555 666/535/553
f  669/514/555 666/535/553 665/512/553
f  671/515/556 672/538/556 668/536/554
f  671/515/556 668/536/554 667/513/554
f  673/484/557 674/539/557 632/518/536
f  673/484/557 632/518/536 631/497/536
f  675/486/558 676/540/558 670/537/555
f  675/486/558 670/537/555 669/514/555
f  677/488/559 678/541/559 672/538/556
f  677/488/559 672/538/556 671/515/556
f  679/483/560 680/542/560 674/539/557
f  679/483/560 674/539/557 673/484/557
f  681/485/561 682/543/561 676/540/558
f  681/485/561 676/540/558 675/486/558
f  683/487/562 684/544/562 678/541/559
f  683/487/562 678/541/559 677/488/559
f  685/489/563 686/545/563 680/542/560
f  685/489/563 680/542/560 679/483/560
f  687/490/564 688/546/564 682/543/561
f  687/490/564 682/543/561 681/485/561
f  689/491/565 690/547/565 691/548/562
f  689/491/565 691/548/562 692/492/562
f  630/493/535 629/517/535 686/545/563
f  630/493/535 686/545/563 685/489/563
f  634/494/537 633/519/537 688/546/564
f  634/494/537 688/546/564 687/490/564
f  638/495/539 637/521/539 690/547/565
f  638/495/539 690/547/565 689/491/565
f  693/526/566 694/549/566 695/550/566
f  693/526/566 695/550/566 696/524/566
f  697/527/566 698/551/566 699/552/566
f  697/527/566 699/552/566 700/525/566
f  701/528/566 702/553/566 694/549/566
f  701/528/566 694/549/566 693/526/566
f  703/529/566 704/554/566 698/551/566
f  703/529/566 698/551/566 697/527/566
f  705/530/566 706/555/566 702/553/566
f  705/530/566 702/553/566 701/528/566
f  707/531/566 708/556/566 704/554/566
f  707/531/566 704/554/566 703/529/566
f  709/532/566 710/557/566 706/555/566
f  709/532/566 706/555/566 705/530/566
f  711/533/566 712/558/566 708/556/566
f  711/533/566 708/556/566 707/531/566
f  713/534/566 714/559/566 710/557/566
f  713/534/566 710/557/566 709/532/566
f  715/535/566 716/560/566 712/558/566
f  715/535/566 712/558/566 711/533/566
f  717/536/566 718/561/566 714/559/566
f  717/536/566 714/559/566 713/534/566
f  719/537/566 720/562/566 716/560/566
f  719/537/566 716/560/566 715/535/566
f  721/538/566 722/563/566 718/561/566
f  721/538/566 718/561/566 717/536/566
f  723/539/566 724/564/566 725/565/566
f  723/539/566 725/565/566 726/518/566
f  727/540/566 728/566/566 720/562/566
f  727/540/566 720/562/566 719/537/566
f  729/541/566 730/567/566 722/563/566
f  729/541/566 722/563/566 721/538/566
f  731/542/566 732/568/566 724/564/566
f  731/542/566 724/564/566 723/539/566
f  733/543/566 734/569/566 728/566/566
f  733/543/566 728/566/566 727/540/566
f  735/544/566 736/570/566 730/567/566
f  735/544/566 730/567/566 729/541/566
f  737/545/566 738/571/566 732/568/566
f  737/545/566 732/568/566 731/542/566
f  739/546/566 740/572/566 734/569/566
f  739/546/566 734/569/566 733/543/566
f  741/547/566 742/573/566 743/574/566
f  741/547/566 743/574/566 744/548/566
f  745/517/566 746/575/566 738/571/566
f  745/517/566 738/571/566 737/545/566
f  747/519/566 748/576/566 740/572/566
f  747/519/566 740/572/566 739/546/566
f  749/521/566 750/577/566 742/573/566
f  749/521/566 742/573/566 741/547/566
f  751/516/566 752/578/566 746/575/566
f  751/516/566 746/575/566 745/517/566
f  726/518/566 725/565/566 748/576/566
f  726/518/566 748/576/566 747/519/566
f  753/520/566 754/579/566 750/577/566
f  753/520/566 750/577/566 749/521/566
f  755/522/566 756/580/566 752/578/566
f  755/522/566 752/578/566 751/516/566
f  757/523/566 758/581/566 754/579/566
f  757/523/566 754/579/566 753/520/566
f  696/524/566 695/550/566 756/580/566
f  696/524/566 756/580/566 755/522/566
f  700/525/566 699/552/566 758/581/566
f  700/525/566 758/581/566 757/523/566
f  759/582/550 760/583/567 761/584/568
f  759/582/550 761/584/568 762/585/548
f  763/586/551 764/587/569 765/588/570
f  763/586/551 765/588/570 766/589/549
f  767/590/552 768/591/571 760/583/567
f  767/590/552 760/583/567 759/582/550
f  769/592/553 770/593/572 764/587/569
f  769/592/553 764/587/569 763/586/551
f  771/594/554 772/595/573 768/591/571
f  771/594/554 768/591/571 767/590/552
f  773/596/555 774/597/574 770/593/572
f  773/596/555 770/593/572 769/592/553
f  775/598/556 776/599/575 772/595/573
f  775/598/556 772/595/573 771/594/554
f  777/600/557 778/601/576 779/602/577
f  777/600/557 779/602/577 780/603/536
f  781/604/558 782/605/578 774/597/574
f  781/604/558 774/597/574 773/596/555
f  783/606/559 784/607/579 776/599/575
f  783/606/559 776/599/575 775/598/556
f  785/608/560 786/609/580 778/601/576
f  785/608/560 778/601/576 777/600/557
f  787/610/561 788/611/581 782/605/578
f  787/610/561 782/605/578 781/604/558
f  789/612/562 790/613/582 784/607/579
f  789/612/562 784/607/579 783/606/559
f  791/614/563 792/615/583 786/609/580
f  791/614/563 786/609/580 785/608/560
f  793/616/564 794/617/584 788/611/581
f  793/616/564 788/611/581 787/610/561
f  795/618/565 796/619/585 797/620/582
f  795/618/565 797/620/582 798/621/562
f  799/622/535 800/623/586 792/615/583
f  799/622/535 792/615/583 791/614/563
f  801/624/537 802/625/587 794/617/584
f  801/624/537 794/617/584 793/616/564
f  803/626/539 804/627/588 796/619/585
f  803/626/539 796/619/585 795/618/565
f  805/628/534 806/629/589 800/623/586
f  805/628/534 800/623/586 799/622/535
f  780/603/536 779/602/577 802/625/587
f  780/603/536 802/625/587 801/624/537
f  807/630/538 808/631/590 804/627/588
f  807/630/538 804/627/588 803/626/539
f  809/632/540 810/633/591 806/629/589
f  809/632/540 806/629/589 805/628/534
f  811/634/541 812/635/592 808/631/590
f  811/634/541 808/631/590 807/630/538
f  813/636/542 814/637/593 810/633/591
f  813/636/542 810/633/591 809/632/540
f  815/638/543 816/639/594 812/635/592
f  815/638/543 812/635/592 811/634/541
f  817/640/544 818/641/595 814/637/593
f  817/640/544 814/637/593 813/636/542
f  819/642/545 820/643/596 816/639/594
f  819/642/545 816/639/594 815/638/543
f  821/644/546 822/645/597 818/641/595
f  821/644/546 818/641/595 817/640/544
f  823/646/547 824/647/598 820/643/596
f  823/646/547 820/643/596 819/642/545
f  762/585/548 761/584/568 822/645/597
f  762/585/548 822/645/597 821/644/546
f  766/589/549 765/588/570 824/647/598
f  766/589/549 824/647/598 823/646/547
f  776/599/575 825/648/599 826/649/600
f  776/599/575 826/649/600 772/595/573
f  778/601/576 827/650/601 828/651/602
f  778/601/576 828/651/602 779/602/577
f  782/605/578 829/652/603 830/653/604
f  782/605/578 830/653/604 774/597/574
f  784/607/579 831/654/605 825/648/599
f  784/607/579 825/648/599 776/599/575
f  786/609/580 832/655/606 827/650/601
f  786/609/580 827/650/601 778/601/576
f  788/611/581 833/656/607 829/652/603
f  788/611/581 829/652/603 782/605/578
f  790/613/582 834/657/608 831/654/605
f  790/613/582 831/654/605 784/607/579
f  792/615/583 835/658/609 832/655/606
f  792/615/583 832/655/606 786/609/580
f  794/617/584 836/659/610 833/656/607
f  794/617/584 833/656/607 788/611/581
f  796/619/585 837/660/611 838/661/608
f  796/619/585 838/661/608 797/620/582
f  800/623/586 839/662/612 835/658/609
f  800/623/586 835/658/609 792/615/583
f  802/625/587 840/663/613 836/659/610
f  802/625/587 836/659/610 794/617/584
f  804/627/588 841/664/614 837/660/611
f  804/627/588 837/660/611 796/619/585
f  806/629/589 842/665/615 839/662/612
f  806/629/589 839/662/612 800/623/586
f  779/602/577 828/651/602 840/663/613
f  779/602/577 840/663/613 802/625/587
f  808/631/590 843/666/616 841/664/614
f  808/631/590 841/664/614 804/627/588
f  810/633/591 844/667/617 842/665/615
f  810/633/591 842/665/615 806/629/589
f  812/635/592 845/668/618 843/666/616
f  812/635/592 843/666/616 808/631/590
f  814/637/593 846/669/619 844/667/617
f  814/637/593 844/667/617 810/633/591
f  816/639/594 847/670/620 845/668/618
f  816/639/594 845/668/618 812/635/592
f  818/641/595 848/671/621 846/669/619
f  818/641/595 846/669/619 814/637/593
f  820/643/596 849/672/622 847/670/620
f  820/643/596 847/670/620 816/639/594
f  822/645/597 850/673/623 848/671/621
f  822/645/597 848/671/621 818/641/595
f  824/647/598 851/674/624 849/672/622
f  824/647/598 849/672/622 820/643/596
f  761/584/568 852/675/625 850/673/623
f  761/584/568 850/673/623 822/645/597
f  765/588/570 853/676/626 851/674/624
f  765/588/570 851/674/624 824/647/598
f  760/583/567 854/677/627 852/675/625
f  760/583/567 852/675/625 761/584/568
f  764/587/569 855/678/628 853/676/626
f  764/587/569 853/676/626 765/588/570
f  768/591/571 856/679/629 854/677/627
f  768/591/571 854/677/627 760/583/567
f  770/593/572 857/680/630 855/678/628
f  770/593/572 855/678/628 764/587/569
f  772/595/573 826/649/600 856/679/629
f  772/595/573 856/679/629 768/591/571
f  774/597/574 830/653/604 857/680/630
f  774/597/574 857/680/630 770/593/572
f  837/660/611 858/681/631 859/682/632
f  837/660/611 859/682/632 838/661/608
f  839/662/612 860/683/633 861/684/634
f  839/662/612 861/684/634 835/658/609
f  862/685/635 828/651/602 827/650/601
f  862/685/635 827/650/601 863/686/636
f  841/664/614 864/687/637 858/681/631
f  841/664/614 858/681/631 837/660/611
f  842/665/615 865/688/638 860/683/633
f  842/665/615 860/683/633 839/662/612
f  866/689/639 143/121/132 134/114/124
f  866/689/639 134/114/124 135/115/125
f  843/666/616 867/690/640 864/687/637
f  843/666/616 864/687/637 841/664/614
f  844/667/617 868/691/641 865/688/638
f  844/667/617 865/688/638 842/665/615
f  845/668/618 869/692/642 867/690/640
f  845/668/618 867/690/640 843/666/616
f  846/669/619 870/693/643 868/691/641
f  846/669/619 868/691/641 844/667/617
f  847/670/620 871/694/644 869/692/642
f  847/670/620 869/692/642 845/668/618
f  848/671/621 872/695/645 870/693/643
f  848/671/621 870/693/643 846/669/619
f  849/672/622 873/696/646 871/694/644
f  849/672/622 871/694/644 847/670/620
f  850/673/623 874/697/647 872/695/645
f  850/673/623 872/695/645 848/671/621
f  851/674/624 875/698/648 873/696/646
f  851/674/624 873/696/646 849/672/622
f  852/675/625 876/699/649 874/697/647
f  852/675/625 874/697/647 850/673/623
f  853/676/626 877/700/650 875/698/648
f  853/676/626 875/698/648 851/674/624
f  854/677/627 878/701/651 876/699/649
f  854/677/627 876/699/649 852/675/625
f  855/678/628 879/702/652 877/700/650
f  855/678/628 877/700/650 853/676/626
f  856/679/629 880/703/653 878/701/651
f  856/679/629 878/701/651 854/677/627
f  857/680/630 881/704/654 879/702/652
f  857/680/630 879/702/652 855/678/628
f  826/649/600 882/705/655 880/703/653
f  826/649/600 880/703/653 856/679/629
f  830/653/604 883/706/656 881/704/654
f  830/653/604 881/704/654 857/680/630
f  825/648/599 884/707/657 882/705/655
f  825/648/599 882/705/655 826/649/600
f  44/43/42 885/708/658 42/41/40
f  829/652/603 886/709/659 883/706/656
f  829/652/603 883/706/656 830/653/604
f  831/654/605 887/710/660 884/707/657
f  831/654/605 884/707/657 825/648/599
f  888/711/658 889/712/661 890/713/662
f  888/711/658 890/713/662 891/714/663
f  833/656/607 892/715/664 886/709/659
f  833/656/607 886/709/659 829/652/603
f  834/657/608 893/716/632 887/710/660
f  834/657/608 887/710/660 831/654/605
f  891/714/663 890/713/662 894/717/665
f  891/714/663 894/717/665 895/715/666
f  896/718/667 840/663/613 828/651/602
f  896/718/667 828/651/602 862/685/635
f  897/692/668 898/719/669 899/720/670
f  897/692/668 899/720/670 900/690/671
f  901/693/672 902/721/673 903/722/674
f  901/693/672 903/722/674 904/691/675
f  905/694/676 906/723/677 898/719/669
f  905/694/676 898/719/669 897/692/668
f  907/695/678 908/724/679 902/721/673
f  907/695/678 902/721/673 901/693/672
f  909/696/680 910/725/681 906/723/677
f  909/696/680 906/723/677 905/694/676
f  911/697/682 912/726/683 908/724/679
f  911/697/682 908/724/679 907/695/678
f  913/698/684 914/727/685 910/725/681
f  913/698/684 910/725/681 909/696/680
f  915/699/686 916/728/687 912/726/683
f  915/699/686 912/726/683 911/697/682
f  917/700/688 918/729/689 914/727/685
f  917/700/688 914/727/685 913/698/684
f  919/701/690 920/730/691 916/728/687
f  919/701/690 916/728/687 915/699/686
f  921/702/692 922/731/693 918/729/689
f  921/702/692 918/729/689 917/700/688
f  923/703/694 924/732/695 920/730/691
f  923/703/694 920/730/691 919/701/690
f  925/704/696 926/733/697 922/731/693
f  925/704/696 922/731/693 921/702/692
f  927/705/698 928/734/699 924/732/695
f  927/705/698 924/732/695 923/703/694
f  929/706/700 930/735/701 926/733/697
f  929/706/700 926/733/697 925/704/696
f  931/707/702 932/736/703 928/734/699
f  931/707/702 928/734/699 927/705/698
f  933/737/704 934/738/705 935/739/706
f  933/737/704 935/739/706 936/740/42
f  937/709/707 938/741/708 930/735/701
f  937/709/707 930/735/701 929/706/700
f  939/710/709 940/742/710 932/736/703
f  939/710/709 932/736/703 931/707/702
f  861/684/634 941/743/711 942/744/711
f  861/684/634 942/744/711 943/745/712
f  861/684/634 943/745/712 832/655/606
f  861/684/634 832/655/606 835/658/609
f  895/715/666 894/717/665 938/741/708
f  895/715/666 938/741/708 937/709/707
f  944/716/713 945/746/714 940/742/710
f  944/716/713 940/742/710 939/710/709
f  946/747/704 44/43/42 43/42/41
f  840/663/613 896/718/667 836/659/610
f  947/681/715 948/748/716 949/749/714
f  947/681/715 949/749/714 950/682/713
f  951/683/717 952/750/718 953/751/719
f  951/683/717 953/751/719 954/684/720
f  955/752/721 956/714/721 892/715/664
f  955/752/721 892/715/664 836/659/610
f  955/752/721 836/659/610 957/753/722
f  836/659/610 892/715/664 833/656/607
f  958/687/723 959/754/724 948/748/716
f  958/687/723 948/748/716 947/681/715
f  960/688/725 961/755/726 952/750/718
f  960/688/725 952/750/718 951/683/717
f  936/740/42 935/739/706 889/712/661
f  936/740/42 889/712/661 888/711/658
f  900/690/671 899/720/670 959/754/724
f  900/690/671 959/754/724 958/687/723
f  904/691/675 903/722/674 961/755/726
f  904/691/675 961/755/726 960/688/725
f  914/727/685 962/756/727 963/757/728
f  914/727/685 963/757/728 910/725/681
f  916/728/687 964/758/729 965/759/730
f  916/728/687 965/759/730 912/726/683
f  918/729/689 966/760/731 962/756/727
f  918/729/689 962/756/727 914/727/685
f  920/730/691 967/761/732 964/758/729
f  920/730/691 964/758/729 916/728/687
f  922/731/693 968/762/733 966/760/731
f  922/731/693 966/760/731 918/729/689
f  924/732/695 969/763/734 967/761/732
f  924/732/695 967/761/732 920/730/691
f  926/733/697 970/764/735 968/762/733
f  926/733/697 968/762/733 922/731/693
f  928/734/699 971/765/736 969/763/734
f  928/734/699 969/763/734 924/732/695
f  930/735/701 972/766/737 970/764/735
f  930/735/701 970/764/735 926/733/697
f  932/736/703 973/767/738 971/765/736
f  932/736/703 971/765/736 928/734/699
f  934/738/705 974/768/739 975/769/740
f  934/738/705 975/769/740 935/739/706
f  938/741/708 976/770/741 972/766/737
f  938/741/708 972/766/737 930/735/701
f  940/742/710 977/771/742 973/767/738
f  940/742/710 973/767/738 932/736/703
f  978/772/743 979/773/744 974/768/739
f  978/772/743 974/768/739 934/738/705
f  894/717/665 980/774/745 976/770/741
f  894/717/665 976/770/741 938/741/708
f  945/746/714 981/775/746 977/771/742
f  945/746/714 977/771/742 940/742/710
f  953/751/719 982/776/747 979/773/744
f  953/751/719 979/773/744 978/772/743
f  890/713/662 983/777/748 980/774/745
f  890/713/662 980/774/745 894/717/665
f  948/748/716 984/778/749 985/779/746
f  948/748/716 985/779/746 949/749/714
f  952/750/718 986/780/750 982/776/747
f  952/750/718 982/776/747 953/751/719
f  889/712/661 987/781/751 983/777/748
f  889/712/661 983/777/748 890/713/662
f  959/754/724 988/782/752 984/778/749
f  959/754/724 984/778/749 948/748/716
f  961/755/726 989/783/753 986/780/750
f  961/755/726 986/780/750 952/750/718
f  935/739/706 975/769/740 987/781/751
f  935/739/706 987/781/751 889/712/661
f  899/720/670 990/784/754 988/782/752
f  899/720/670 988/782/752 959/754/724
f  903/722/674 991/785/755 989/783/753
f  903/722/674 989/783/753 961/755/726
f  898/719/669 992/786/756 990/784/754
f  898/719/669 990/784/754 899/720/670
f  902/721/673 993/787/757 991/785/755
f  902/721/673 991/785/755 903/722/674
f  906/723/677 994/788/758 992/786/756
f  906/723/677 992/786/756 898/719/669
f  908/724/679 995/789/759 993/787/757
f  908/724/679 993/787/757 902/721/673
f  910/725/681 963/757/728 994/788/758
f  910/725/681 994/788/758 906/723/677
f  912/726/683 965/759/730 995/789/759
f  912/726/683 995/789/759 908/724/679
f  996/764/760 997/790/760 998/791/761
f  996/764/760 998/791/761 999/762/761
f  1000/765/762 1001/792/762 1002/793/763
f  1000/765/762 1002/793/763 1003/763/763
f  1004/766/764 1005/794/764 997/790/760
f  1004/766/764 997/790/760 996/764/760
f  1006/767/765 1007/795/765 1001/792/762
f  1006/767/765 1001/792/762 1000/765/762
f  1008/768/766 1009/796/766 1010/797/767
f  1008/768/766 1010/797/767 1011/769/767
f  1012/770/768 1013/798/768 1005/794/764
f  1012/770/768 1005/794/764 1004/766/764
f  1014/771/769 1015/799/769 1007/795/765
f  1014/771/769 1007/795/765 1006/767/765
f  1016/773/770 1017/800/770 1009/796/766
f  1016/773/770 1009/796/766 1008/768/766
f  1018/774/771 1019/801/771 1013/798/768
f  1018/774/771 1013/798/768 1012/770/768
f  1020/775/772 1021/802/772 1015/799/769
f  1020/775/772 1015/799/769 1014/771/769
f  1022/776/773 1023/803/773 1017/800/770
f  1022/776/773 1017/800/770 1016/773/770
f  1024/777/774 1025/804/774 1019/801/771
f  1024/777/774 1019/801/771 1018/774/771
f  1026/778/775 1027/805/775 1028/806/772
f  1026/778/775 1028/806/772 1029/779/772
f  1030/780/776 1031/807/776 1023/803/773
f  1030/780/776 1023/803/773 1022/776/773
f  1032/781/777 1033/808/777 1025/804/774
f  1032/781/777 1025/804/774 1024/777/774
f  1034/782/778 1035/809/778 1027/805/775
f  1034/782/778 1027/805/775 1026/778/775
f  1036/783/779 1037/810/779 1031/807/776
f  1036/783/779 1031/807/776 1030/780/776
f  1011/769/767 1010/797/767 1033/808/777
f  1011/769/767 1033/808/777 1032/781/777
f  1038/784/780 1039/811/780 1035/809/778
f  1038/784/780 1035/809/778 1034/782/778
f  1040/785/781 1041/812/781 1037/810/779
f  1040/785/781 1037/810/779 1036/783/779
f  1042/786/782 1043/813/782 1039/811/780
f  1042/786/782 1039/811/780 1038/784/780
f  1044/787/783 1045/814/783 1041/812/781
f  1044/787/783 1041/812/781 1040/785/781
f  1046/788/784 1047/815/784 1043/813/782
f  1046/788/784 1043/813/782 1042/786/782
f  1048/789/785 1049/816/785 1045/814/783
f  1048/789/785 1045/814/783 1044/787/783
f  1050/757/786 1051/817/786 1047/815/784
f  1050/757/786 1047/815/784 1046/788/784
f  1052/759/787 1053/818/787 1049/816/785
f  1052/759/787 1049/816/785 1048/789/785
f  1054/756/788 1055/819/788 1051/817/786
f  1054/756/788 1051/817/786 1050/757/786
f  1056/758/789 1057/820/789 1053/818/787
f  1056/758/789 1053/818/787 1052/759/787
f  1058/760/790 1059/821/790 1055/819/788
f  1058/760/790 1055/819/788 1054/756/788
f  1060/761/791 1061/822/791 1057/820/789
f  1060/761/791 1057/820/789 1056/758/789
f  999/762/761 998/791/761 1059/821/790
f  999/762/761 1059/821/790 1058/760/790
f  1003/763/763 1002/793/763 1061/822/791
f  1003/763/763 1061/822/791 1060/761/791
f  1062/800/792 1063/823/793 1064/824/794
f  1062/800/792 1064/824/794 1065/796/795
f  1066/801/796 1067/825/797 1068/826/798
f  1066/801/796 1068/826/798 1069/798/799
f  1070/802/800 1071/827/801 1072/828/802
f  1070/802/800 1072/828/802 1073/799/803
f  1074/803/804 1075/829/805 1076/830/793
f  1074/803/804 1076/830/793 1062/800/792
f  1077/804/806 1078/831/807 1079/832/797
f  1077/804/806 1079/832/797 1066/801/796
f  1080/805/808 1081/833/809 1082/834/801
f  1080/805/808 1082/834/801 1083/806/800
f  1084/807/810 1085/835/811 1086/836/805
f  1084/807/810 1086/836/805 1074/803/804
f  1087/808/812 1088/837/813 1089/838/807
f  1087/808/812 1089/838/807 1077/804/806
f  1090/809/814 1091/839/815 1092/840/809
f  1090/809/814 1092/840/809 1080/805/808
f  1093/810/816 1094/841/817 1095/842/811
f  1093/810/816 1095/842/811 1084/807/810
f  1096/797/818 1097/843/819 1098/844/813
f  1096/797/818 1098/844/813 1087/808/812
f  1099/811/820 1100/845/821 1101/846/815
f  1099/811/820 1101/846/815 1090/809/814
f  1102/812/822 1103/847/823 1104/848/817
f  1102/812/822 1104/848/817 1093/810/816
f  1105/813/824 1106/849/825 1107/850/821
f  1105/813/824 1107/850/821 1099/811/820
f  1108/814/826 1109/851/827 1110/852/823
f  1108/814/826 1110/852/823 1102/812/822
f  1111/815/828 1112/853/829 1113/854/825
f  1111/815/828 1113/854/825 1105/813/824
f  1114/816/830 1115/855/831 1116/856/827
f  1114/816/830 1116/856/827 1108/814/826
f  1117/817/832 1118/857/833 1119/858/829
f  1117/817/832 1119/858/829 1111/815/828
f  1120/818/834 1121/859/835 1122/860/831
f  1120/818/834 1122/860/831 1114/816/830
f  1123/819/836 1124/861/837 1125/862/833
f  1123/819/836 1125/862/833 1117/817/832
f  1126/820/838 1127/863/839 1128/864/835
f  1126/820/838 1128/864/835 1120/818/834
f  1129/821/840 1130/865/841 1131/866/837
f  1129/821/840 1131/866/837 1123/819/836
f  1132/822/842 1133/867/843 1134/868/839
f  1132/822/842 1134/868/839 1126/820/838
f  1135/791/844 1136/869/845 1137/870/841
f  1135/791/844 1137/870/841 1129/821/840
f  1138/793/846 1139/871/847 1140/872/843
f  1138/793/846 1140/872/843 1132/822/842
f  1141/790/848 1142/873/849 1143/874/845
f  1141/790/848 1143/874/845 1135/791/844
f  1144/792/850 1145/875/851 1146/876/847
f  1144/792/850 1146/876/847 1138/793/846
f  1147/794/852 1148/877/853 1149/878/849
f  1147/794/852 1149/878/849 1141/790/848
f  1150/795/854 1151/879/855 1152/880/851
f  1150/795/854 1152/880/851 1144/792/850
f  1065/796/795 1153/881/794 1154/882/819
f  1065/796/795 1154/882/819 1096/797/818
f  1069/798/799 1155/883/798 1156/884/853
f  1069/798/799 1156/884/853 1147/794/852
f  1073/799/803 1157/885/802 1158/886/855
f  1073/799/803 1158/886/855 1150/795/854
f  1136/869/845 1159/887/856 1137/870/841
f  1139/871/847 1160/888/856 1140/872/843
f  1142/873/849 1161/889/856 1143/874/845
f  1145/875/851 1162/890/856 1146/876/847
f  1148/877/853 1163/891/856 1149/878/849
f  1151/879/855 1164/892/856 1152/880/851
f  1153/881/794 1165/893/856 1154/882/819
f  1155/883/798 1166/894/856 1156/884/853
f  1157/885/802 1167/895/856 1158/886/855
f  1063/823/793 1168/896/856 1064/824/794
f  1067/825/797 1169/897/856 1068/826/798
f  1071/827/801 1170/898/856 1072/828/802
f  1075/829/805 1171/899/856 1076/830/793
f  1078/831/807 1172/900/856 1079/832/797
f  1081/833/809 1173/901/856 1082/834/801
f  1085/835/811 1174/902/856 1086/836/805
f  1088/837/813 1175/903/856 1089/838/807
f  1091/839/815 1176/904/856 1092/840/809
f  1094/841/817 1177/905/856 1095/842/811
f  1097/843/819 1178/906/856 1098/844/813
f  1100/845/821 1179/907/856 1101/846/815
f  1103/847/823 1180/908/856 1104/848/817
f  1106/849/825 1181/909/856 1107/850/821
f  1109/851/827 1182/910/856 1110/852/823
f  1112/853/829 1183/911/856 1113/854/825
f  1115/855/831 1184/912/856 1116/856/827
f  1118/857/833 1185/913/856 1119/858/829
f  1121/859/835 1186/914/856 1122/860/831
f  1124/861/837 1187/915/856 1125/862/833
f  1127/863/839 1188/916/856 1128/864/835
f  1130/865/841 1189/917/856 1131/866/837
f  1133/867/843 1190/918/856 1134/868/839
f  208/184/196 1191/919/857 209/185/197
f  207/183/195 1192/920/858 208/184/196
f  207/183/195 338/314/319 1192/920/858
f  208/184/196 1192/920/858 1191/919/857
f  1193/921/859 1194/922/860 481/436/458
f  1193/921/859 481/436/458 443/398/420
f  433/388/410 1195/923/861 1193/921/859
f  433/388/410 1193/921/859 443/398/420
f  433/388/410 436/391/413 1196/924/862
f  433/388/410 1196/924/862 1195/923/861
f  1194/922/860 1197/925/863 487/442/464
f  1194/922/860 487/442/464 481/436/458
f  489/444/466 1198/926/864 1196/924/862
f  489/444/466 1196/924/862 436/391/413
f  1199/927/865 1198/926/864 489/444/466
f  1199/927/865 489/444/466 483/438/460
f  1200/928/866 1199/927/865 483/438/460
f  1200/928/866 483/438/460 477/432/454
f  1197/925/863 1201/929/867 432/387/409
f  1197/925/863 432/387/409 487/442/464
f  432/387/409 1201/929/867 1202/930/868
f  432/387/409 1202/930/868 429/384/406
f  1202/930/868 1203/931/869 441/396/418
f  1202/930/868 441/396/418 429/384/406
f  473/428/450 1204/932/870 1200/928/866
f  473/428/450 1200/928/866 477/432/454
f  1205/933/871 1204/932/870 473/428/450
f  1205/933/871 473/428/450 469/424/446
f  1206/934/872 1205/933/871 469/424/446
f  1206/934/872 469/424/446 465/420/442
f  461/416/438 1207/935/873 1206/934/872
f  461/416/438 1206/934/872 465/420/442
f  1208/936/874 1207/935/873 461/416/438
f  1208/936/874 461/416/438 457/412/434
f  453/408/430 1209/937/875 1208/936/874
f  453/408/430 1208/936/874 457/412/434
f  1210/938/876 1209/937/875 453/408/430
f  1210/938/876 453/408/430 449/404/426
f  1211/939/877 1212/940/878 445/400/422
f  1211/939/877 445/400/422 437/392/414
f  445/400/422 1212/940/878 1210/938/876
f  445/400/422 1210/938/876 449/404/426
f  1213/941/879 1214/942/880 491/446/468
f  1213/941/879 491/446/468 485/440/462
f  440/395/417 1215/943/881 1211/939/877
f  440/395/417 1211/939/877 437/392/414
f  1216/944/880 1215/943/881 440/395/417
f  1216/944/880 440/395/417 494/449/468
f  485/440/462 479/434/456 1217/945/882
f  485/440/462 1217/945/882 1213/941/879
f  1218/946/883 1217/945/882 479/434/456
f  1218/946/883 479/434/456 475/430/452
f  475/430/452 471/426/448 1219/947/884
f  475/430/452 1219/947/884 1218/946/883
f  1220/948/885 1219/947/884 471/426/448
f  1220/948/885 471/426/448 467/422/444
f  467/422/444 463/418/440 1221/949/886
f  467/422/444 1221/949/886 1220/948/885
f  1222/950/887 1221/949/886 463/418/440
f  1222/950/887 463/418/440 459/414/436
f  459/414/436 455/410/432 1223/951/888
f  459/414/436 1223/951/888 1222/950/887
f  1224/952/889 1223/951/888 455/410/432
f  1224/952/889 455/410/432 451/406/428
f  447/402/424 1225/953/890 1224/952/889
f  447/402/424 1224/952/889 451/406/428
f  1203/931/869 1225/953/890 447/402/424
f  1203/931/869 447/402/424 441/396/418
f  1226/954/891 149/125/137 337/313/318
f  337/313/318 149/125/137 148/124/136
f  337/313/318 1227/955/892 1226/954/891
f  336/312/317 1227/955/892 337/313/318
f  1227/955/892 336/312/317 1228/956/893
f  336/312/317 1229/957/894 1228/956/893
f  1230/958/895 1229/957/894 247/223/234
f  247/223/234 1229/957/894 336/312/317
f  247/223/234 1231/959/896 1230/958/895
f  216/192/204 1231/959/896 247/223/234
f  1231/959/896 216/192/204 1232/960/897
f  1233/961/898 1232/960/897 216/192/204
f  216/192/204 215/191/203 1233/961/898
f  215/191/203 1234/962/899 1233/961/898
f  1234/962/899 215/191/203 1235/963/900
f  215/191/203 351/327/332 1235/963/900
f  351/327/332 1236/964/901 1235/963/900
f  1236/964/901 351/327/332 1237/965/902
f  351/327/332 350/326/331 1237/965/902
f  350/326/331 1238/966/903 1237/965/902
f  1238/966/903 350/326/331 1239/967/904
f  350/326/331 375/349/356 1239/967/904
f  375/349/356 1240/968/905 1239/967/904
f  1241/969/906 1242/371/907 151/127/139
f  150/126/138 1241/969/906 151/127/139
f  352/328/333 1241/969/906 150/126/138
f  1243/970/908 143/121/132 866/689/639
f  957/753/722 836/659/610 896/718/667
f  1244/743/23 978/772/743 934/738/705
f  1244/743/23 934/738/705 933/737/704
f  954/684/720 953/751/719 978/772/743
f  954/684/720 978/772/743 1244/743/23
f  832/655/606 863/686/636 827/650/601
f  863/686/636 832/655/606 943/745/712
f  95/84/89 87/80/83 89/82/85
f  95/84/89 89/82/85 94/83/88
f  102/88/95 9/9/9 85/78/81
f  102/88/95 85/78/81 84/77/80
f  1245/971/909 78/71/74 80/73/76
f  1245/971/909 80/73/76 1246/972/663
f  83/76/79 22/22/21 25/25/24
f  83/76/79 25/25/24 43/42/41
f  43/42/41 25/25/24 946/747/704
f  946/747/704 25/25/24 24/24/23
f  885/708/658 80/73/76 42/41/40
f  80/73/76 885/708/658 1246/972/663
f  102/88/95 84/77/80 22/22/21
f  102/88/95 22/22/21 83/76/79
f  88/81/84 87/80/83 78/71/74
f  88/81/84 78/71/74 1245/971/909
f  95/84/89 62/59/59 63/60/60
f  95/84/89 63/60/60 79/72/75
f  20/20/19 19/19/18 82/75/78
f  20/20/19 82/75/78 67/64/64
f  61/58/58 33/33/32 26/26/25
f  61/58/58 26/26/25 64/61/61
f  32/32/31 69/66/66 66/63/63
f  32/32/31 66/63/63 27/27/26
f  19/19/18 102/88/95 83/76/79
f  19/19/18 83/76/79 82/75/78
f  87/80/83 95/84/89 79/72/75
f  87/80/83 79/72/75 78/71/74
f  69/66/66 20/20/19 67/64/64
f  69/66/66 67/64/64 66/63/63
f  62/59/59 61/58/58 64/61/61
f  62/59/59 64/61/61 63/60/60
f  33/33/32 32/32/31 27/27/26
f  33/33/32 27/27/26 26/26/25
f  84/77/80 86/79/82 23/23/22
f  84/77/80 23/23/22 22/22/21
f  181/157/169 180/156/168 178/154/166
f  180/156/168 179/155/167 178/154/166
f  179/155/167 180/156/168 270/246/252
f  270/246/252 180/156/168 271/247/242
f  1247/556/549 766/589/549 823/646/547
f  1247/556/549 823/646/547 1248/554/547
f  1249/555/548 762/585/548 821/644/546
f  1249/555/548 821/644/546 1250/553/546
f  1248/554/547 823/646/547 819/642/545
f  1248/554/547 819/642/545 1251/551/545
f  1250/553/546 821/644/546 817/640/544
f  1250/553/546 817/640/544 1252/549/544
f  1251/551/545 819/642/545 815/638/543
f  1251/551/545 815/638/543 1253/552/543
f  1252/549/544 817/640/544 813/636/542
f  1252/549/544 813/636/542 1254/550/542
f  1253/552/543 815/638/543 811/634/541
f  1253/552/543 811/634/541 1255/581/541
f  1254/550/542 813/636/542 809/632/540
f  1254/550/542 809/632/540 1256/580/540
f  1255/581/541 811/634/541 807/630/538
f  1255/581/541 807/630/538 1257/579/538
f  1256/580/540 809/632/540 805/628/534
f  1256/580/540 805/628/534 1258/578/534
f  1257/579/538 807/630/538 803/626/539
f  1257/579/538 803/626/539 1259/577/539
f  1260/565/536 780/603/536 801/624/537
f  1260/565/536 801/624/537 1261/576/537
f  1258/578/534 805/628/534 799/622/535
f  1258/578/534 799/622/535 1262/575/535
f  1259/577/539 803/626/539 795/618/565
f  1259/577/539 795/618/565 1263/573/565
f  1261/576/537 801/624/537 793/616/564
f  1261/576/537 793/616/564 1264/572/564
f  1262/575/535 799/622/535 791/614/563
f  1262/575/535 791/614/563 1265/571/563
f  1263/573/565 795/618/565 798/621/562
f  1263/573/565 798/621/562 1266/574/562
f  1264/572/564 793/616/564 787/610/561
f  1264/572/564 787/610/561 1267/569/561
f  1265/571/563 791/614/563 785/608/560
f  1265/571/563 785/608/560 1268/568/560
f  1269/570/562 789/612/562 783/606/559
f  1269/570/562 783/606/559 1270/567/559
f  1267/569/561 787/610/561 781/604/558
f  1267/569/561 781/604/558 1271/566/558
f  1268/568/560 785/608/560 777/600/557
f  1268/568/560 777/600/557 1272/564/557
f  1270/567/559 783/606/559 775/598/556
f  1270/567/559 775/598/556 1273/563/556
f  1271/566/558 781/604/558 773/596/555
f  1271/566/558 773/596/555 1274/562/555
f  1272/564/557 777/600/557 780/603/536
f  1272/564/557 780/603/536 1260/565/536
f  1273/563/556 775/598/556 771/594/554
f  1273/563/556 771/594/554 1275/561/554
f  1274/562/555 773/596/555 769/592/553
f  1274/562/555 769/592/553 1276/560/553
f  1275/561/554 771/594/554 767/590/552
f  1275/561/554 767/590/552 1277/559/552
f  1276/560/553 769/592/553 763/586/551
f  1276/560/553 763/586/551 1278/558/551
f  1277/559/552 767/590/552 759/582/550
f  1277/559/552 759/582/550 1279/557/550
f  1278/558/551 763/586/551 766/589/549
f  1278/558/551 766/589/549 1247/556/549
f  1279/557/550 759/582/550 762/585/548
f  1279/557/550 762/585/548 1249/555/548

