# File produced by Open Asset Import Library (http://www.assimp.sf.net)
# (assimp v6.0.0)

mtllib old_nokia_phone.mtl

# 4325 vertex positions
v -59.188015 -208.207413 -21.5162716
v -58.8765907 -208.446289 -21.3746777
v -59.4516258 -208.498199 -21.3746777
v -57.5748672 213.218628 -21.8626289
v -57.8345108 213.508377 -21.7210369
v -57.2611618 213.448883 -21.7210369
v -154.990082 101.749527 21.7209511
v -155.412292 101.795425 21.862545
v -155.426956 101.370995 21.7209511
v -156.814651 99.9832993 21.7209511
v -157.239105 99.9686203 21.862545
v -157.193192 99.5464478 21.7209511
v -153.419006 102.925613 21.7209511
v -152.932739 103.238129 21.7209511
v -153.344055 103.343674 21.862545
v -158.369278 97.9753571 21.7209511
v -158.787323 97.9004288 21.862545
v -158.681793 97.4890747 21.7209511
v -159.62233 95.7666245 21.720953
v -160.025436 95.6329956 21.8625469
v -159.862457 95.2408066 21.720953
v -160.548279 93.4020462 21.720953
v -160.928284 93.2123947 21.8625469
v -160.711151 92.8474121 21.720953
v -161.128296 90.9297562 21.720953
v -161.477448 90.6879578 21.8625469
v -161.210571 90.3575897 21.720953
v -161.350555 88.4000778 21.720953
v -161.660995 88.1214371 21.8625469
v -161.371246 87.8212891 21.720953
v -161.660995 25.4712162 21.8625565
v -161.371246 25.7609768 21.7209625
v -161.660995 26.0507374 21.8625565
v -161.350555 22.1010914 21.7209644
v -161.371246 22.6798763 21.7209644
v -161.660995 22.3797359 21.8625584
v -161.660995 81.8254166 21.8625469
v -161.660995 81.2458801 21.8625469
v -161.371246 81.5356522 21.720953
v -161.211655 20.7368679 21.7209644
v -161.293915 21.3090343 21.7209644
v -161.560791 20.9786587 21.8625584
v -160.880005 19.4063015 21.7209625
v -161.042862 19.9609356 21.7209625
v -161.26001 19.5959568 21.8625565
v -160.362366 18.1364727 21.7209625
v -160.602493 18.6622791 21.7209625
v -160.765472 18.2701092 21.8625565
v -159.981812 17.4395199 21.7209625
v -160.087326 17.0281506 21.8625565
v -159.669296 16.9532375 21.7209625
v -158.253357 15.3191776 21.7209644
v -158.238708 14.8947392 21.8625584
v -157.816498 14.9406376 21.7209644
v -158.81488 15.8806782 21.7209625
v -159.19342 16.3175373 21.7209625
v -159.239319 15.8953457 21.8625565
v -156.694519 14.1522427 21.7209644
v -157.180817 14.4647617 21.7209644
v -157.105896 14.0467243 21.8625584
v -152.825027 12.8401318 21.7209644
v -153.397186 12.9223995 21.7209644
v -153.155396 12.5732632 21.8625584
v -155.997589 13.771677 21.7209644
v -155.863953 13.3685627 21.8625584
v -155.471771 13.5315495 21.7209644
v -154.173126 13.0911922 21.7209644
v -154.727753 13.2540455 21.7209644
v -154.538101 12.874052 21.8625584
v -39.1709671 101.955948 21.7209511
v -38.734108 101.577415 21.7209511
v -38.7487679 102.001854 21.862545
v -37.0531349 99.8381348 21.7209511
v -37.0072212 100.260307 21.862545
v -37.431675 100.274979 21.7209511
v -37.3180199 14.0001202 21.7209663
v -36.9066544 13.894598 21.8625603
v -36.8317337 14.3126354 21.7209663
v -41.1317863 103.372299 21.7209511
v -40.6455002 103.059784 21.7209511
v -40.7204475 103.477829 21.862545
v -37.8949699 13.6850834 21.7209663
v -38.420784 13.444952 21.7209663
v -38.0286102 13.2819653 21.8625603
v -39.0366859 13.2152271 21.7209663
v -39.5913239 13.0523739 21.7209663
v -39.2263374 12.8352337 21.8625603
v -40.233654 12.9126453 21.7209663
v -40.8058205 12.8303776 21.7209663
v -40.4754486 12.5635052 21.8625603
v -42.0402794 12.7628117 21.7209663
v -41.7401733 12.4730511 21.8625603
v -41.4614944 12.7834835 21.7209663
v -43.2742157 104.495163 21.7209511
v -42.7484055 104.25502 21.7209511
v -42.8820457 104.658142 21.862545
v -151.454178 12.7628117 21.7209644
v -152.032959 12.7834835 21.7209644
v -151.754288 12.4730511 21.8625584
v -45.5546341 105.301712 21.7209511
v -45.0000076 105.138855 21.7209511
v -45.1896515 105.51886 21.862545
v -47.9266243 105.775513 21.7209511
v -47.3544655 105.693253 21.7209511
v -47.5962181 106.042374 21.862545
v -49.7638664 105.906906 21.7209511
v -50.0426559 106.217346 21.862545
v -50.3426476 105.927582 21.7209511
v -143.84375 105.906906 21.7209511
v -143.264954 105.927582 21.7209511
v -143.564957 106.217346 21.862545
v -145.801254 105.766907 21.7209511
v -146.131653 106.033768 21.862545
v -146.373413 105.684647 21.7209511
v -148.291077 105.267471 21.7209511
v -148.656052 105.484619 21.862545
v -148.845703 105.104614 21.7209511
v -150.684479 104.418808 21.7209511
v -151.07666 104.581787 21.862545
v -151.210281 104.178665 21.7209511
v -35.6367912 97.8773041 21.7209511
v -35.5312576 98.2886658 21.862545
v -35.9493027 98.3635864 21.7209511
v -34.5139198 95.7348785 21.720953
v -34.3509369 96.1270676 21.8625469
v -34.7540474 96.2606888 21.720953
v -36.3055 14.7065716 21.7209663
v -35.8833008 14.6606731 21.8625603
v -35.8686409 15.0851116 21.7209663
v -34.6313362 16.5130329 21.7209644
v -34.2133064 16.5879383 21.8625584
v -34.3188248 16.9993153 21.7209644
v -35.02528 15.9867878 21.7209644
v -35.40382 15.5499325 21.7209644
v -34.9793663 15.5646076 21.8625584
v -33.7073784 93.4544525 21.720953
v -33.4902344 93.8194351 21.8625469
v -33.8702278 94.0090866 21.720953
v -34.0037842 17.5762615 21.7209644
v -33.600666 17.7099018 21.8625584
v -33.7636566 18.1020718 21.7209644
v -33.2335815 91.0824738 21.720953
v -32.9667091 91.4128342 21.8625469
v -33.3158531 91.6546326 21.720953
v -33.5339317 18.7179852 21.7209644
v -33.1539345 18.9076366 21.8625584
v -33.3710785 19.2726154 21.7209644
v -33.1021843 89.2452316 21.720953
v -33.0815125 88.6664505 21.720953
v -32.7917519 88.9665909 21.8625469
v -32.7917633 81.2458801 21.8625469
v -32.7917633 81.8254166 21.8625469
v -33.0815201 81.5356522 21.720953
v -32.7917519 26.0507374 21.8625565
v -33.0815125 25.7609768 21.7209625
v -32.7917519 25.4712162 21.8625565
v -33.0815125 21.7215748 21.7209644
v -33.1021843 21.1427898 21.7209644
v -32.7917519 21.4214306 21.8625584
v -33.2313499 19.9149456 21.7209644
v -32.8822098 20.1567402 21.8625584
v -33.149086 20.4871082 21.7209644
v -112.023521 -183.213303 -23.2470417
v -111.020622 -181.970978 -22.7646408
v -110.045761 -182.958176 -23.2470417
v -93.0657349 -194.762405 -23.2470398
v -94.0598373 -195.867432 -22.764637
v -95.0409012 -194.880234 -23.2470398
v -112.023521 -194.625107 -23.2470398
v -110.045761 -194.880234 -23.2470398
v -111.020622 -195.867432 -22.764637
v -93.0657349 -183.076004 -23.2470417
v -95.0409012 -182.958176 -23.2470417
v -94.0598373 -181.970978 -22.7646408
v -116.361176 -184.171829 -23.2470398
v -115.340576 -182.959961 -22.7646408
v -114.374596 -183.751556 -23.2470398
v -116.361176 -193.66658 -23.2470398
v -114.374596 -194.086868 -23.2470398
v -115.340576 -194.878448 -22.7646389
v -123.164307 -185.712006 -23.2470398
v -122.115814 -184.320648 -22.7646389
v -121.163078 -185.136215 -23.2470398
v -123.164307 -192.126404 -23.2470398
v -121.163078 -192.702194 -23.2470398
v -122.115814 -193.517761 -22.7646389
v -127.92926 -188.038727 -23.2470379
v -126.67363 -185.844193 -22.7646389
v -125.767365 -186.582138 -23.2470398
v -127.92926 -189.799713 -23.2470379
v -125.767365 -191.256271 -23.2470398
v -126.67363 -191.994232 -22.7646389
v -127.696609 -189.906403 -23.2470398
v -128.683807 -188.91922 -22.7646351
v -127.696609 -187.932007 -23.2470398
v -87.0395508 -194.085739 -23.2470398
v -85.0632248 -193.920532 -23.2470398
v -86.0619812 -194.969376 -22.7646389
v -85.0632248 -183.917892 -23.2470398
v -87.0395508 -183.752686 -23.2470398
v -86.0619812 -182.869049 -22.7646408
v -77.8878555 -193.025253 -23.2470398
v -78.9241943 -194.541428 -22.7646389
v -79.882019 -193.609894 -23.2470398
v -79.882019 -184.2285 -23.2470398
v -78.9241943 -183.296967 -22.7646408
v -77.8878555 -184.813141 -23.2470398
v -75.3403397 -187.932007 -23.2470398
v -74.3531494 -188.919189 -22.7646389
v -75.3403397 -189.906387 -23.2470398
v -62.9280281 133.119705 -18.7530231
v -59.0609322 136.986816 -18.7530231
v -59.0609322 136.986816 -21.8626175
v -62.9280281 133.119705 -21.8626175
v -130.885315 159.079422 -18.753027
v -134.507111 155.457611 -18.7530251
v -134.507111 155.457611 -21.8626194
v -130.885315 159.079422 -21.8626213
v -127.91655 -187.932022 -23.2470379
v -127.696609 -187.932007 -23.2470398
v -127.696609 -187.861862 -23.2470379
v -127.92926 -188.038727 -23.2470379
v -116.463692 -187.932007 -23.2470398
v -121.284378 -187.932007 -23.2470398
v -123.26062 -187.932007 -23.2470398
v -125.928192 -187.932007 -23.2470398
v -86.0619812 -182.869049 -19.8802567
v -78.9241943 -183.296967 -19.8802567
v -111.108017 -181.197556 -19.8802567
v -115.503044 -182.203705 -19.8802567
v -115.503044 -182.203705 -21.862566
v -111.108017 -181.197556 -21.862566
v -122.315338 -183.571838 -19.8802547
v -127.039986 -185.151154 -19.8802547
v -127.039986 -185.151154 -21.8625641
v -122.315338 -183.571838 -21.8625641
v -74.3531494 -185.249542 -19.8802547
v -74.3531494 -185.249557 -22.7646389
v -115.340576 -194.878448 -19.8802547
v -122.115814 -193.517761 -19.8802547
v -128.683807 -188.91922 -19.8802528
v -128.683807 -187.372253 -19.8802528
v -128.683807 -187.372253 -22.7646351
v -129.45723 -190.849777 -19.8802528
v -129.45723 -190.849777 -21.8625641
v -129.45723 -188.91922 -21.8625641
v -129.45723 -188.91922 -19.8802528
v -93.0354843 -189.906403 -23.2470398
v -86.993721 -189.906403 -23.2470398
v -126.67363 -191.994232 -19.8802547
v -128.683807 -190.466187 -19.8802528
v -128.683807 -190.466187 -22.7646351
v -129.45723 -186.988663 -19.8802528
v -129.45723 -186.988678 -21.8625641
v -85.9956436 -195.740219 -19.8802528
v -78.7438583 -195.30545 -19.8802528
v -78.7438583 -195.305466 -21.8625622
v -85.9956436 -195.740219 -21.8625622
v -74.3531494 -188.919189 -19.8802547
v -94.0598373 -181.970978 -19.8802567
v -85.0192108 -189.906403 -23.2470398
v -79.7632294 -189.906387 -23.2470398
v -77.7878189 -189.906387 -23.2470398
v -75.3403397 -191.937057 -23.2470398
v -115.340576 -182.959961 -19.8802567
v -111.020622 -181.970978 -19.8802567
v -73.5797119 -184.738892 -19.8802547
v -70.3933258 -186.896912 -19.8802547
v -70.3933258 -188.919205 -19.8802547
v -73.5797119 -188.919189 -19.8802547
v -70.3933258 -190.941498 -19.8802547
v -73.5797119 -193.099503 -19.8802547
v -33.1021843 89.2452316 16.9019833
v -33.2335815 91.0824661 16.9019833
v -33.2335815 91.0824661 17.7557964
v -33.1021843 89.2452316 17.7557964
v -35.6367912 97.8773041 16.9019814
v -34.7540474 96.2606888 16.9019833
v -50.3426476 105.927582 16.9019814
v -143.264954 105.927582 16.9019814
v -143.264954 105.927582 17.7557945
v -50.3426476 105.927582 17.7557945
v -45.5546341 105.301712 16.9019814
v -47.3544655 105.693253 16.9019814
v -47.3544655 105.693253 17.7557945
v -45.5546341 105.301712 17.7557945
v -43.2742157 104.495163 16.9019814
v -45.0000076 105.138855 16.9019814
v -45.0000076 105.138855 17.7557945
v -43.2742157 104.495163 17.7557945
v -41.1317863 103.372299 16.9019814
v -42.7484055 104.255035 16.9019814
v -42.7484055 104.255035 17.7557945
v -41.1317863 103.372299 17.7557945
v -39.1709671 101.955948 16.9019814
v -40.6455002 103.059784 16.9019814
v -40.6455002 103.059784 17.7557945
v -39.1709671 101.955948 17.7557945
v -37.431675 100.274979 16.9019814
v -38.734108 101.577415 16.9019814
v -38.734108 101.577415 17.7557945
v -37.431675 100.274979 17.7557945
v -35.9493027 98.3635864 16.9019814
v -37.0531349 99.8381271 16.9019814
v -37.0531349 99.8381271 17.7557945
v -35.9493027 98.3635864 17.7557945
v -34.7540474 96.2606888 16.9019833
v -35.6367912 97.8773041 16.9019814
v -35.6367912 97.8773041 17.7557945
v -34.7540474 96.2606888 17.7557964
v -33.8702278 94.0090866 16.9019833
v -34.5139198 95.7348785 16.9019833
v -34.5139198 95.7348785 17.7557964
v -33.8702278 94.0090866 17.7557964
v -33.3158531 91.6546326 16.9019833
v -33.7073784 93.4544525 16.9019833
v -33.7073746 93.4544525 17.7557964
v -33.3158455 91.6546326 17.7557964
v -151.454178 12.7628117 16.9019966
v -42.0402794 12.7628117 16.9019966
v -42.0402794 12.7628117 17.7558098
v -151.454178 12.7628117 17.7558098
v -154.173126 13.0911922 16.9019966
v -153.397186 12.9223995 16.9019966
v -153.397186 12.9223995 17.7558098
v -154.173126 13.0911922 17.7558098
v -155.471771 13.5315495 16.9019966
v -154.727753 13.2540455 16.9019966
v -154.727753 13.2540455 17.7558098
v -155.471771 13.5315495 17.7558098
v -156.694519 14.1522427 16.9019966
v -155.997589 13.771677 16.9019966
v -155.997589 13.7716808 17.7558098
v -156.694519 14.1522465 17.7558098
v -157.816498 14.9406338 16.9019966
v -157.180817 14.4647579 16.9019966
v -157.180817 14.4647579 17.7558098
v -157.816498 14.9406338 17.7558098
v -158.81488 15.8806782 16.9019947
v -158.253357 15.3191738 16.9019966
v -158.253357 15.3191738 17.7558098
v -158.81488 15.8806782 17.7558079
v -159.669296 16.9532375 16.9019947
v -159.19342 16.3175335 16.9019947
v -159.19342 16.3175335 17.7558079
v -159.669296 16.9532375 17.7558079
v -160.362366 18.1364689 16.9019947
v -159.981812 17.4395199 16.9019947
v -159.981812 17.4395199 17.7558079
v -160.362366 18.1364689 17.7558079
v -160.880005 19.4062977 16.9019947
v -160.602509 18.6622791 16.9019947
v -160.602509 18.6622791 17.7558079
v -160.880005 19.4062977 17.7558079
v -161.211655 20.7368679 16.9019947
v -161.042862 19.9609318 16.9019947
v -161.042862 19.9609318 17.7558079
v -161.211655 20.7368679 17.7558079
v -153.397186 12.9223995 16.9019966
v -154.173126 13.0911922 16.9019966
v -33.0815125 21.7215748 16.9019947
v -33.0815125 88.6664429 16.9019833
v -33.0815125 88.6664429 17.7557964
v -33.0815125 21.7215748 17.7558079
v -161.350555 22.1010914 16.9019947
v -161.293915 21.3090343 16.9019947
v -161.293915 21.3090343 17.7558079
v -161.350555 22.1010914 17.7558079
v -14.5388336 -133.639877 21.8625813
v -8.34557343 -44.7392464 21.8625679
v -184.23317 -44.7392464 21.8625679
v -178.039902 -133.639877 21.8625813
v -177.983643 -134.219421 -21.8625736
v -14.5722504 -134.219421 -21.8625736
v -15.439003 -152.669434 -21.8625698
v -175.735199 -152.984818 -21.8625698
v -14.5722504 -134.219406 21.8625813
v -177.983643 -134.219406 21.8625813
v -175.735199 -152.984818 21.8625851
v -15.439003 -152.669418 21.8625851
v -184.259674 -44.1597214 21.8625679
v -8.31906128 -44.1597214 21.8625679
v -7.6816864 -11.6025343 21.8625622
v -184.897064 -11.6025343 21.8625622
v -175.680328 -153.564255 -21.8625698
v -15.4733047 -153.249023 -21.8625698
v -15.9752731 -160.422806 -21.8625679
v -175.150116 -160.73819 -21.8625679
v -8.31906128 -44.159729 -21.862587
v -184.259674 -44.159729 -21.862587
v -184.897064 -11.602541 -21.8625927
v -7.6816864 -11.602541 -21.8625927
v -15.4733047 -153.249023 21.8625851
v -175.680328 -153.56424 21.8625851
v -175.150116 -160.738174 21.862587
v -15.9752731 -160.422806 21.862587
v -17.9485168 -176.506805 21.8625889
v -173.113159 -176.821838 21.8625889
v -171.134308 -187.631454 21.8625908
v -19.8834076 -187.31601 21.8625908
v -16.0324936 -161.002457 21.862587
v -175.090622 -161.317596 21.862587
v -173.205261 -176.242493 21.8625889
v -17.8586884 -175.927094 21.8625889
v -175.090622 -161.317596 -21.8625679
v -16.0324936 -161.002457 -21.8625679
v -17.8586884 -175.927094 -21.862566
v -173.205261 -176.242493 -21.862566
v -20.0960159 -187.895996 21.8625908
v -170.919708 -188.210541 21.8625908
v -168.663788 -193.007416 21.8625908
v -22.3314209 -192.691757 21.8625908
v -165.408813 -196.904938 -21.8625622
v -25.5722046 -196.591751 -21.8625622
v -30.7797127 -201.548203 -21.8625622
v -160.17627 -201.864075 -21.8625622
v -22.7567978 -193.272217 21.8625908
v -168.237457 -193.586029 21.8625908
v -165.996948 -196.326706 21.8625927
v -24.9838486 -196.01088 21.8625927
v -25.5722046 -196.591736 21.8625927
v -165.408813 -196.904922 21.8625927
v -160.17627 -201.864075 21.8625927
v -30.7797127 -201.548187 21.8625927
v -32.0332985 -202.121216 21.8265133
v -158.920349 -202.430954 21.8265133
v -153.941681 -204.54776 21.5523834
v -37.0015984 -204.262283 21.5523834
v -158.920349 -202.430969 -21.8264847
v -32.0332985 -202.121216 -21.8264847
v -37.0015984 -204.262299 -21.5523529
v -153.941681 -204.54776 -21.5523529
v -40.2672539 -204.840225 21.516304
v -150.761887 -205.10994 21.516304
v -131.735657 -208.492966 21.5163059
v -59.188015 -208.207413 21.5163059
v -150.761887 -205.109955 -21.5162735
v -40.2672539 -204.840225 -21.5162735
v -131.735657 -208.492966 -21.5162716
v -178.039902 -133.639877 -21.8625736
v -184.23317 -44.7392502 -21.862587
v -8.34557343 -44.7392502 -21.862587
v -14.5388336 -133.639877 -21.8625736
v -7.18907166 26.0507374 21.8625565
v -7.18907166 81.2458801 21.8625469
v -7.67218018 -11.0230179 -21.8625927
v -184.90657 -11.0230179 -21.8625927
v -185.385864 25.4712086 -21.8625984
v -7.19290161 25.4712086 -21.8625984
v -7.20162201 81.8254089 -21.862608
v -185.377136 81.8254089 -21.862608
v -183.620514 123.240921 -21.8626156
v -8.95822906 123.240921 -21.8626156
v -185.389679 26.0507374 21.8625565
v -185.389679 81.2458801 21.8625469
v -7.18907166 26.0507298 -21.8625984
v -185.389679 26.0507298 -21.8625984
v -185.389679 81.2458725 -21.862608
v -7.18907166 81.2458725 -21.862608
v -179.86586 152.363968 21.8625355
v -12.7128906 152.363968 21.8625355
v -16.9286041 175.078568 21.8625317
v -175.650146 175.078568 21.8625317
v -183.56868 123.82045 21.8625393
v -9.01006317 123.82045 21.8625393
v -12.6191711 151.784439 21.8625355
v -179.959579 151.784439 21.8625355
v -17.0348663 175.658081 -21.8626232
v -175.543884 175.658081 -21.8626232
v -172.54245 192.166397 -21.862627
v -20.036293 192.166397 -21.862627
v -175.543884 175.658081 21.8625317
v -17.0348663 175.658081 21.8625317
v -20.036293 192.166397 21.8625278
v -172.54245 192.166397 21.8625278
v -24.9401703 201.175903 -21.862627
v -167.63858 201.175903 -21.862627
v -158.175171 208.34288 -21.8626289
v -34.4035721 208.34288 -21.8626289
v -172.312057 192.745911 21.8625278
v -20.2666931 192.745911 21.8625278
v -24.2554092 200.596405 21.8625278
v -168.323334 200.596405 21.8625278
v -20.2666931 192.745895 -21.862627
v -172.312057 192.745895 -21.862627
v -168.323334 200.59639 -21.862627
v -24.2554092 200.59639 -21.862627
v -167.63858 201.175903 21.8625278
v -24.9401703 201.175903 21.8625278
v -34.4035721 208.342896 21.8625259
v -158.175171 208.342896 21.8625259
v -155.480377 208.922394 21.8625259
v -37.0983658 208.922394 21.8625259
v -57.5748672 213.218628 21.8625259
v -135.003891 213.218628 21.8625259
v -37.0983658 208.922394 -21.8626289
v -155.480377 208.922394 -21.8626289
v -135.003891 213.218628 -21.8626289
v -40.233654 12.9126415 16.9019966
v -39.5913239 13.0523739 16.9019966
v -39.5913239 13.0523739 17.7558098
v -40.233654 12.9126415 17.7558098
v -143.84375 105.906906 16.9019814
v -145.801254 105.766907 16.9019814
v -145.801254 105.766907 17.7557945
v -143.84375 105.906906 17.7557945
v -34.3188248 16.9993114 16.9019947
v -34.0037842 17.5762615 16.9019947
v -34.0037842 17.5762615 17.7558079
v -34.3188248 16.9993114 17.7558079
v -158.681793 97.4890747 16.9019814
v -159.62233 95.7666168 16.9019833
v -159.62233 95.7666168 17.7557964
v -158.681793 97.4890747 17.7557945
v -148.845703 105.104614 16.9019814
v -150.684479 104.418808 16.9019814
v -150.684479 104.418808 17.7557945
v -148.845703 105.104614 17.7557945
v -146.373413 105.684631 16.9019814
v -148.291077 105.267471 16.9019814
v -148.291077 105.267471 17.7557945
v -146.373413 105.684631 17.7557945
v -152.825027 12.8401318 16.9019966
v -152.032959 12.7834835 16.9019966
v -152.032959 12.7834835 17.7558098
v -152.825027 12.8401318 17.7558098
v -40.8058205 12.8303776 16.9019966
v -41.4614944 12.7834835 16.9019966
v -35.02528 15.9867878 16.9019947
v -34.6313362 16.5130329 16.9019947
v -34.6313362 16.5130329 17.7558079
v -35.02528 15.9867878 17.7558079
v -155.426956 101.370987 16.9019814
v -156.814651 99.983284 16.9019814
v -156.814651 99.983284 17.7557945
v -155.426956 101.370987 17.7557945
v -39.0366859 13.2152271 16.9019966
v -38.420784 13.444952 16.9019966
v -38.420784 13.444952 17.7558098
v -39.0366859 13.2152271 17.7558098
v -153.419022 102.925613 16.9019814
v -154.990082 101.749527 16.9019814
v -154.990082 101.749527 17.7557945
v -153.419022 102.925613 17.7557945
v -36.8317337 14.3126354 16.9019966
v -36.3055 14.7065678 16.9019966
v -36.3055 14.7065678 17.7558098
v -36.8317337 14.3126354 17.7558098
v -145.801254 105.766907 16.9019814
v -143.84375 105.906906 16.9019814
v -35.8686409 15.0851116 16.9019966
v -35.40382 15.5499325 16.9019947
v -35.40382 15.5499325 17.7558079
v -35.8686409 15.0851116 17.7558098
v -157.193192 99.5464325 16.9019814
v -158.369278 97.9753571 16.9019814
v -158.369278 97.9753571 17.7557945
v -157.193192 99.5464325 17.7557945
v -161.371246 87.8212891 16.9019833
v -161.371246 22.6798725 16.9019947
v -161.371246 22.6798725 17.7558079
v -161.371246 87.8212891 17.7557964
v -41.4614944 12.7834835 16.9019966
v -40.8058205 12.8303776 16.9019966
v -40.8058205 12.8303776 17.7558098
v -41.4614944 12.7834835 17.7558098
v -151.210281 104.178665 16.9019814
v -152.932739 103.238129 16.9019814
v -152.932739 103.238129 17.7557945
v -151.210281 104.178665 17.7557945
v -159.862457 95.2408066 16.9019833
v -160.548279 93.4020462 16.9019833
v -160.548279 93.4020462 17.7557964
v -159.862457 95.2408066 17.7557964
v -37.8949699 13.6850796 16.9019966
v -37.3180199 14.0001202 16.9019966
v -37.3180199 14.0001163 17.7558098
v -37.8949699 13.6850796 17.7558098
v -33.7636566 18.1020679 16.9019947
v -33.5339317 18.7179852 16.9019947
v -33.5339317 18.7179852 17.7558079
v -33.7636566 18.1020679 17.7558079
v -45.0000076 105.138855 16.9019814
v -43.2742157 104.495163 16.9019814
v -151.454178 12.7628117 16.9019966
v -42.0402794 12.7628117 16.9019966
v -34.6313362 16.5130329 16.9019947
v -35.02528 15.9867878 16.9019947
v -150.684479 104.418808 16.9019814
v -148.845703 105.104614 16.9019814
v -33.149086 20.4871082 16.9019947
v -33.1021843 21.1427898 16.9019947
v -33.1021843 21.1427898 17.7558079
v -33.149086 20.4871082 17.7558079
v -34.0037842 17.5762615 16.9019947
v -34.3188248 16.9993114 16.9019947
v -152.932739 103.238129 16.9019814
v -151.210281 104.178665 16.9019814
v -34.5139198 95.7348785 16.9019833
v -33.8702278 94.0090866 16.9019833
v -157.180817 14.4647579 16.9019966
v -157.816498 14.9406338 16.9019966
v -33.5339317 18.7179852 16.9019947
v -33.7636566 18.1020679 16.9019947
v -154.990082 101.749527 16.9019814
v -153.419022 102.925613 16.9019814
v -161.293915 21.3090343 16.9019947
v -161.350555 22.1010914 16.9019947
v -33.2313499 19.9149418 16.9019947
v -33.3710785 19.2726154 16.9019947
v -45.5604782 105.28183 18.0386219
v -47.3574104 105.672729 18.0386219
v -47.358593 105.66452 18.0951118
v -45.5628128 105.27388 18.0951118
v -156.814651 99.983284 16.9019814
v -155.426956 101.370987 16.9019814
v -33.7073746 93.4544525 16.9019833
v -33.3158455 91.6546326 16.9019833
v -158.253357 15.3191738 16.9019966
v -158.81488 15.8806782 16.9019947
v -33.1021843 21.1427898 16.9019947
v -33.149086 20.4871082 16.9019947
v -158.369278 97.9753571 16.9019814
v -157.193192 99.5464325 16.9019814
v -33.3710785 19.2726154 16.9019947
v -33.2313499 19.9149418 16.9019947
v -33.2313499 19.9149418 17.7558079
v -33.3710785 19.2726154 17.7558079
v -50.3426476 105.927582 16.9019814
v -143.264954 105.927582 16.9019814
v -159.62233 95.7666168 16.9019833
v -158.681793 97.4890747 16.9019814
v -161.210571 90.3575897 16.9019833
v -161.350555 88.4000702 16.9019833
v -161.350555 88.4000702 17.7557964
v -161.210571 90.3575897 17.7557964
v -159.19342 16.3175335 16.9019947
v -159.669296 16.9532375 16.9019947
v -155.997589 13.7716808 16.9019966
v -156.694519 14.1522427 16.9019966
v -160.548279 93.4020462 16.9019833
v -159.862457 95.2408066 16.9019833
v -152.032959 12.7834835 16.9019966
v -152.825027 12.8401318 16.9019966
v -160.711151 92.8474121 16.9019833
v -161.128296 90.9297485 16.9019833
v -161.128296 90.9297485 17.7557964
v -160.711136 92.8474121 17.7557964
v -40.6455002 103.059784 16.9019814
v -39.1709671 101.955948 16.9019814
v -161.128296 90.9297485 16.9019833
v -160.711136 92.8474121 16.9019833
v -33.2335815 91.0824661 16.9019833
v -33.1021843 89.2452316 16.9019833
v -159.981812 17.4395199 16.9019947
v -160.362366 18.1364689 16.9019947
v -161.350555 88.4000702 16.9019833
v -161.210571 90.3575897 16.9019833
v -39.5913239 13.0523739 16.9019966
v -40.233654 12.9126415 16.9019966
v -38.734108 101.577415 16.9019814
v -37.431675 100.274979 16.9019814
v -38.420784 13.444952 16.9019966
v -39.0366859 13.2152271 16.9019966
v -47.3544655 105.693253 16.9019814
v -45.5546341 105.301712 16.9019814
v -160.602509 18.6622791 16.9019947
v -160.880005 19.4062977 16.9019947
v -42.7484055 104.255035 16.9019814
v -41.1317863 103.372299 16.9019814
v -37.3180199 14.0001163 16.9019966
v -37.8949699 13.6850796 16.9019966
v -37.0531349 99.8381271 16.9019814
v -35.9493027 98.3635864 16.9019814
v -154.727753 13.2540455 16.9019966
v -155.471771 13.5315495 16.9019966
v -36.3055 14.7065678 16.9019966
v -36.8317337 14.3126354 16.9019966
v -161.042862 19.9609318 16.9019947
v -161.211655 20.7368679 16.9019947
v -35.40382 15.5499325 16.9019947
v -35.8686409 15.0851116 16.9019966
v -148.291077 105.267471 16.9019814
v -146.373413 105.684631 16.9019814
v -50.3433876 105.906906 18.0386219
v -143.264221 105.906906 18.0386219
v -143.263916 105.898636 18.0951118
v -50.3436852 105.898636 18.0951118
v -47.9295807 105.75499 18.0386219
v -49.7646027 105.88623 18.0386219
v -49.7648964 105.87796 18.0951118
v -47.9307594 105.746796 18.0951118
v -43.2828293 104.476318 18.0386219
v -45.0058403 105.118958 18.0386219
v -45.0081749 105.111023 18.0951118
v -43.2862701 104.468781 18.0951118
v -41.1920891 103.278519 18.3747025
v -42.794693 104.15361 18.3747025
v -42.8049507 104.131149 18.4300442
v -41.2054443 103.257751 18.4300442
v -41.1429863 103.354858 18.0386219
v -42.7570114 104.236191 18.0386219
v -42.7604599 104.228653 18.0951118
v -41.1474686 103.347885 18.0951118
v -39.2439995 101.871712 18.3747025
v -40.7057495 102.965973 18.3747025
v -40.7191048 102.94519 18.4300442
v -39.2601738 101.85305 18.4300461
v -39.1845398 101.940292 18.0386219
v -40.6567001 103.042343 18.0386219
v -40.6611862 103.03537 18.0951118
v -39.1899643 101.934029 18.0951118
v -37.5159569 100.201996 18.3747025
v -38.8070946 101.493126 18.3747025
v -38.8232651 101.474472 18.4300442
v -37.5346222 100.185814 18.4300442
v -37.4473343 100.261414 18.0386219
v -38.7476807 101.561745 18.0386219
v -38.753109 101.555489 18.0951118
v -37.4536018 100.255981 18.0951118
v -36.0431137 98.3033371 18.3747025
v -37.1373711 99.7650909 18.3747025
v -37.1560402 99.748909 18.4300442
v -36.0638924 98.2899857 18.4300442
v -35.9667358 98.3523865 18.0386219
v -37.0687943 99.8245544 18.0386219
v -37.0750618 99.8191223 18.0951118
v -35.9737129 98.347908 18.0951118
v -34.7728958 96.2520828 18.0386238
v -35.6542206 97.8660965 18.0386219
v -35.66119 97.8616104 18.0951118
v -34.7804451 96.2486343 18.0951138
v -33.8901138 94.0032501 18.0386238
v -34.5327682 95.726265 18.0386238
v -34.5403099 95.7228241 18.0951138
v -33.8980637 94.0009155 18.0951138
v -33.3363686 91.6516876 18.0386238
v -33.7272568 93.448616 18.0386238
v -33.7352142 93.4462814 18.0951138
v -33.3445778 91.6505051 18.0951138
v -146.370468 105.664124 18.0386219
v -148.285233 105.247589 18.0386219
v -148.282898 105.239639 18.0951118
v -146.369293 105.655914 18.0951118
v -143.839783 105.7957 18.3747025
v -145.785355 105.656555 18.3747025
v -145.78183 105.632111 18.4300442
v -143.838898 105.771057 18.4300442
v -143.833099 105.608215 18.7010689
v -145.758545 105.470505 18.7010689
v -145.752762 105.430313 18.7541332
v -143.83165 105.567703 18.7541313
v -143.843002 105.88623 18.0386219
v -145.798294 105.746384 18.0386219
v -145.797119 105.73819 18.0951118
v -143.842712 105.87796 18.0951118
v -146.330887 105.388214 18.7010689
v -148.206635 104.980164 18.7010689
v -148.19519 104.941208 18.7541332
v -146.325104 105.348007 18.7541332
v -148.839874 105.084732 18.0386219
v -150.675858 104.399948 18.0386219
v -150.672424 104.39241 18.0951118
v -148.83754 105.076782 18.0951118
v -146.357574 105.57428 18.3747025
v -148.259644 105.160507 18.3747005
v -148.252686 105.136795 18.4300442
v -146.354065 105.549835 18.4300442
v -148.761429 104.817261 18.7010689
v -150.559998 104.146423 18.7010689
v -150.543121 104.109497 18.7541313
v -148.75 104.77829 18.7541332
v -151.201675 104.159821 18.0386219
v -152.921539 103.220688 18.0386219
v -152.917053 103.213715 18.0951118
v -151.198227 104.152267 18.0951118
v -148.814331 104.997635 18.3747025
v -150.638123 104.317398 18.3747025
v -150.627869 104.294922 18.4300442
v -148.807373 104.973923 18.4300442
v -151.085968 103.906219 18.7010689
v -152.770752 102.986237 18.7010689
v -152.74881 102.952072 18.7541332
v -151.069092 103.869293 18.7541313
v -153.407806 102.908173 18.0386219
v -154.976532 101.733879 18.0386219
v -154.9711 101.727608 18.0951118
v -153.403336 102.901199 18.0951118
v -151.164001 104.07724 18.3747025
v -152.872437 103.144333 18.3747025
v -152.859085 103.12355 18.4300442
v -151.153732 104.054764 18.4300442
v -153.257187 102.673615 18.7010689
v -154.793915 101.52327 18.7010708
v -154.767334 101.492584 18.7541332
v -153.235229 102.639465 18.7541332
v -155.413391 101.355331 18.0386219
v -156.798996 99.9697189 18.0386219
v -156.792725 99.9642868 18.0951118
v -155.407959 101.34906 18.0951118
v -153.358765 102.831787 18.3747025
v -154.917053 101.665291 18.3747025
v -154.900879 101.646622 18.4300442
v -153.345413 102.811005 18.4300442
v -155.230911 101.144608 18.7010689
v -156.588287 99.7872467 18.7010689
v -156.557587 99.7606583 18.7541332
v -155.204315 101.113922 18.7541313
v -155.046722 100.931931 19.0110722
v -156.375595 99.6030579 19.0110722
v -156.333511 99.5665817 19.0607796
v -155.010254 100.889839 19.0607815
v -157.177551 99.5328522 18.0386219
v -158.351837 97.9641571 18.0386219
v -158.344879 97.959671 18.0951118
v -157.171265 99.5274353 18.0951118
v -155.353973 101.286713 18.3747025
v -156.730377 99.9103165 18.3747025
v -156.711716 99.8941345 18.4300442
v -155.337799 101.268044 18.4300442
v -158.664368 97.4778595 18.0386219
v -159.60347 95.7580109 18.0386238
v -159.595947 95.75457 18.0951138
v -158.657379 97.473381 18.0951118
v -157.108963 99.4733963 18.3747025
v -158.275467 97.9151154 18.3747025
v -158.2547 97.9017563 18.4300442
v -157.090302 99.4572296 18.4300442
v -159.843597 95.2322006 18.0386238
v -160.528397 93.3962097 18.0386238
v -160.520432 93.3938751 18.0951138
v -159.83606 95.2287521 18.0951138
v -158.588028 97.428772 18.3747025
v -159.520905 95.7203369 18.3747044
v -159.498428 95.7100754 18.4300461
v -158.567245 97.4154205 18.4300442
v -160.691254 92.8415756 18.0386238
v -161.107788 90.9268112 18.0386238
v -161.099579 90.925621 18.0951138
v -160.683289 92.839241 18.0951138
v -159.761047 95.1944733 18.3747044
v -160.441299 93.3706589 18.3747044
v -160.417603 93.3637085 18.4300461
v -159.738586 95.1842117 18.4300461
v -160.153885 92.6836166 19.0110741
v -160.55336 90.8472519 19.0110741
v -160.49823 90.8393326 19.0607834
v -160.100464 92.6679306 19.0607834
v -161.190048 90.3546371 18.0386238
v -161.329895 88.3993454 18.0386238
v -161.321625 88.3990479 18.0951138
v -161.181839 90.3534546 18.0951138
v -160.604156 92.8159637 18.3747044
v -161.017929 90.9139099 18.3747044
v -160.993469 90.9103928 18.4300461
v -160.580475 92.8090057 18.4300461
v -160.635666 90.2747574 19.0110741
v -160.771225 88.3794327 19.0110741
v -160.715683 88.377449 19.0607834
v -160.580551 90.2668304 19.0607815
v -161.350555 87.8205643 18.0386238
v -161.350555 22.6806164 18.0386353
v -161.342285 22.6809101 18.0951252
v -161.342285 87.8202667 18.0951138
v -161.100189 90.3416901 18.3747044
v -161.239349 88.3961182 18.3747044
v -161.214722 88.3952408 18.4300461
v -161.07576 90.3381653 18.4300461
v -154.167282 13.1110744 18.0386372
v -153.394241 12.9429111 18.0386372
v -153.393066 12.9511166 18.0951271
v -154.164948 13.1190319 18.0951271
v -152.822067 12.8606472 18.0386372
v -152.032227 12.8041515 18.0386372
v -152.031921 12.8124218 18.0951271
v -152.820892 12.8688488 18.0951271
v -152.809128 12.9504833 18.3747177
v -152.028992 12.8946857 18.3747177
v -152.028107 12.9193249 18.4300594
v -152.805603 12.9749279 18.4300594
v -152.782318 13.1365337 18.7010841
v -152.022308 13.0821781 18.7010841
v -152.020859 13.1226826 18.7541485
v -152.776535 13.1767292 18.7541485
v -152.742203 13.4150143 19.0110874
v -152.012314 13.3628101 19.0110874
v -152.01033 13.4183559 19.0607967
v -152.734268 13.4701366 19.0607967
v -154.271362 17.9214115 20.2650032
v -154.136826 17.8479557 20.2650032
v -154.088684 17.9533863 20.2690449
v -154.208694 18.018919 20.269043
v -155.463165 13.5503979 18.0386372
v -154.721924 13.2739315 18.0386372
v -154.719574 13.2818851 18.0951271
v -155.459717 13.5579395 18.0951271
v -157.743469 15.0248737 18.3747177
v -157.120575 14.5585651 18.3747177
v -157.107208 14.5793476 18.4300594
v -157.727295 15.043539 18.4300594
v -157.802933 14.9563007 18.0386372
v -157.169617 14.4821949 18.0386372
v -157.165131 14.4891682 18.0951271
v -157.797516 14.9625607 18.0951271
v -158.375793 16.2609119 19.0110855
v -157.873138 15.7582417 19.0110855
v -157.83667 15.8003254 19.0607948
v -158.333725 16.2973766 19.0607948
v -158.096863 16.5024853 19.29842
v -157.631561 16.0371799 19.2984219
v -157.585968 16.0898037 19.3437595
v -158.044235 16.54809 19.3437595
v -158.79921 15.8942509 18.0386353
v -158.239792 15.3348408 18.0386372
v -158.234375 15.3411045 18.0951271
v -158.792938 15.8996754 18.0951252
v -159.651855 16.9644375 18.0386353
v -159.17775 16.3311138 18.0386353
v -159.171494 16.3365421 18.0951252
v -159.644882 16.9689198 18.0951252
v -160.343506 18.1450748 18.0386353
v -159.964386 17.4507275 18.0386353
v -159.957397 17.4552059 18.0951252
v -160.335968 18.1485195 18.0951252
v -160.77301 19.4376812 18.3747158
v -160.501099 18.7086239 18.3747158
v -160.478622 18.7188854 18.4300575
v -160.749329 19.4446354 18.4300575
v -160.860123 19.4121342 18.0386353
v -160.583649 18.6708927 18.0386353
v -160.576111 18.6743374 18.0951252
v -160.852173 19.4144688 18.0951252
v -156.881119 22.2604923 20.2650032
v -156.858734 21.9474773 20.2650032
v -156.744019 21.9639721 20.2690449
v -156.765518 22.2646198 20.2690449
v -161.191132 20.7398167 18.0386353
v -161.02298 19.9667721 18.0386353
v -161.015015 19.9691105 18.0951252
v -161.182938 20.7409954 18.0951252
v -161.051865 22.1117344 18.7010822
v -160.997528 21.3517361 18.7010822
v -160.957336 21.3575191 18.7541466
v -161.011368 22.1131878 18.7541466
v -160.403168 22.1348515 19.2984219
v -160.353806 21.4444752 19.29842
v -160.284882 21.4543858 19.3437595
v -160.33371 22.137331 19.3437595
v -161.329895 22.1018314 18.0386353
v -161.273407 21.3119869 18.0386353
v -161.265198 21.3131657 18.0951252
v -161.321625 22.1021252 18.0951252
v -160.791901 87.8005676 19.0110741
v -160.791901 22.7006016 19.0110855
v -160.736359 22.7025852 19.0607948
v -160.736359 87.7985764 19.0607853
v -161.26004 87.8173141 18.3747044
v -161.26004 22.6838589 18.3747158
v -161.235382 22.6847401 18.4300575
v -161.235397 87.8164368 18.4300461
v -40.2366028 12.933157 18.0386372
v -39.5971603 13.0722599 18.0386372
v -39.5994987 13.0802097 18.0951271
v -40.2377815 12.9413624 18.0951271
v -41.4952621 13.730875 19.2984219
v -40.9412498 13.7704983 19.2984219
v -40.9511604 13.8394222 19.3437614
v -41.4977417 13.800333 19.3437614
v -41.5297318 14.6976871 19.782259
v -41.0793991 14.7298946 19.782259
v -41.0926361 14.8219662 19.8161983
v -41.5330429 14.7904682 19.8161983
v -41.4622383 12.8041553 18.0386372
v -40.808773 12.8508892 18.0386372
v -40.8099518 12.8590946 18.0951271
v -41.4625282 12.8124218 18.0951271
v -40.8706093 17.3480396 20.2650032
v -40.854435 17.3515568 20.2650032
v -40.887085 17.4627628 20.2690449
v -40.8871002 17.462759 20.2690449
v -40.5062981 14.8122959 19.782259
v -40.1324463 14.8936214 19.7822571
v -40.1586571 14.9828777 19.8161983
v -40.5195351 14.9043636 19.8161983
v -39.0425224 13.2351131 18.0386372
v -38.42939 13.4638004 18.0386372
v -38.4328384 13.4713421 18.0951271
v -39.044857 13.2430668 18.0951271
v -40.1048241 16.8554935 20.2127666
v -39.9973831 16.8955669 20.2127666
v -40.0445518 16.9988422 20.2248039
v -40.1368141 16.964426 20.2248039
v -37.9035797 13.7039318 18.0386372
v -37.3292274 14.0175533 18.0386372
v -37.3337135 14.0245266 18.0951271
v -37.9070244 13.7114735 18.0951271
v -39.7557259 17.7613583 20.2650032
v -39.7412033 17.769289 20.2650032
v -39.8038635 17.8667927 20.2690449
v -39.8038712 17.8667889 20.2690449
v -39.470295 17.1362743 20.2127666
v -39.3696632 17.1912251 20.2127647
v -39.4310532 17.2867374 20.2248039
v -39.5174599 17.2395573 20.2248039
v -37.9412613 13.7865086 18.3747177
v -37.3783264 14.0938931 18.3747177
v -37.3916779 14.1146679 18.4300594
v -37.9515228 13.8089771 18.4300594
v -39.253685 18.0825939 20.2650032
v -39.2404137 18.0925274 20.2650032
v -39.3163147 18.1801205 20.2690449
v -39.3163414 18.1800976 20.269043
v -38.8821945 17.5044994 20.2127666
v -38.7903938 17.5732174 20.2127666
v -38.8647499 17.659029 20.2248039
v -38.9435806 17.6000195 20.2248058
v -35.8822136 15.1007748 18.0386372
v -35.4194794 15.5635014 18.0386353
v -35.4257469 15.5689297 18.0951252
v -35.8876381 15.1070385 18.0951271
v -36.8919868 14.4064426 18.3747177
v -36.3785362 14.7908077 18.3747177
v -36.3947067 14.8094692 18.4300594
v -36.9053421 14.4272213 18.4300594
v -38.8024445 18.4720249 20.2650032
v -38.7907143 18.4837551 20.2650032
v -38.8783112 18.5596561 20.2690449
v -38.8783493 18.5596218 20.2690449
v -36.490448 15.8031139 19.2984219
v -36.1218185 16.1717396 19.29842
v -36.1744423 16.2173405 19.3437595
v -36.5360451 15.8557377 19.3437595
v -35.0409355 16.0003643 18.0386353
v -34.6487732 16.5242329 18.0386353
v -34.6557465 16.5287113 18.0951252
v -35.0471992 16.0057926 18.0951252
v -35.9416275 15.1693859 18.3747177
v -35.4880943 15.6229153 18.3747158
v -35.5067596 15.6390896 18.4300575
v -35.9578056 15.188055 18.4300594
v -38.4112167 18.9217243 20.2650032
v -38.4012947 18.9349728 20.2650032
v -38.4988022 18.9976368 20.2690449
v -38.4988098 18.9976254 20.2690449
v -34.3362579 17.0105228 18.0386353
v -34.0226364 17.5848637 18.0386353
v -34.0301781 17.5883121 18.0951252
v -34.3432312 17.0150051 18.0951252
v -35.1095123 16.0598202 18.3747158
v -34.7251472 16.5732784 18.3747158
v -34.7459259 16.5866299 18.4300575
v -35.1281776 16.0759983 18.4300575
v -38.087986 19.4224987 20.2650032
v -38.0800629 19.437006 20.2650032
v -38.1854935 19.4851551 20.2690449
v -38.1854935 19.4851589 20.2690449
v -36.9505959 18.6914234 20.1133938
v -36.8501244 18.8754139 20.1133938
v -36.9491577 18.9206409 20.1331863
v -37.0421829 18.7502804 20.1331844
v -33.782505 18.1106815 18.0386353
v -33.5538139 18.7238178 18.0386353
v -33.5617638 18.7261524 18.0951252
v -33.7900467 18.1141262 18.0951252
v -34.4125977 17.059618 18.3747158
v -34.1052094 17.6225452 18.3747158
v -34.1276779 17.6328068 18.4300575
v -34.4333763 17.0729694 18.4300575
v -37.8393211 19.9641514 20.2650032
v -37.833519 19.9796963 20.2650032
v -37.9447327 20.0123539 20.2690449
v -37.9447517 20.0123005 20.2690449
v -33.8650513 18.1484127 18.3747158
v -33.6409073 18.749361 18.3747158
v -33.6646042 18.756319 18.4300575
v -33.8875198 18.1586742 18.4300575
v -37.6702538 20.5357342 20.2650032
v -37.6667328 20.5519199 20.2650051
v -37.7814636 20.5684185 20.2690449
v -37.7814713 20.5683918 20.2690449
v -36.3729591 20.1547222 20.1133938
v -36.3283958 20.3595867 20.1133938
v -36.436161 20.375082 20.1331863
v -36.4774246 20.1853962 20.1331863
v -33.1695976 20.4900646 18.0386353
v -33.1228485 21.1435299 18.0386353
v -33.1311188 21.1438236 18.0951252
v -33.1777992 20.4912434 18.0951252
v -33.4454842 20.5298138 18.7010822
v -33.4008751 21.1534405 18.7010822
v -33.4413795 21.1548862 18.7541466
v -33.4856796 20.535593 18.7541466
v -33.7239647 20.5699329 19.0110855
v -33.6815109 21.1634426 19.0110874
v -33.7370491 21.1654263 19.0607948
v -33.7790794 20.5778561 19.0607948
v -35.0485916 20.7606983 19.7822552
v -35.0163841 21.2110462 19.7822571
v -35.1091652 21.2143612 19.8161964
v -35.1406746 20.7739353 19.8161964
v -151.443481 13.0615063 18.7010841
v -42.0509682 13.0615063 18.7010841
v -42.0524178 13.1020107 18.7541485
v -151.442032 13.1020107 18.7541485
v -153.60968 17.6072178 20.2650032
v -153.466034 17.5536404 20.2650032
v -153.43338 17.6648502 20.2690449
v -153.561539 17.7126484 20.269043
v -33.1927071 21.7255573 18.3747158
v -33.1927071 88.662468 18.3747044
v -33.21735 88.6615906 18.4300461
v -33.2173424 21.7264385 18.4300575
v -34.4768906 21.771513 19.5572338
v -34.4768867 88.616539 19.5572224
v -34.5588379 88.6136169 19.5972691
v -34.5588379 21.7744389 19.5972786
v -49.7638664 105.906906 16.9019814
v -47.9266243 105.775513 16.9019814
v -184.259674 -44.1597214 21.8625679
v -184.5495 -44.1597786 21.720974
v -184.523682 -44.7385445 21.720974
v -14.2484207 -133.640594 -21.7209816
v -14.2821579 -134.219101 -21.7209816
v -8.0292511 -44.1597862 -21.7209949
v -8.05506134 -44.7385521 -21.7209949
v -15.1489105 -152.669205 -21.7209778
v -15.1827393 -153.247696 -21.7209778
v -15.6848145 -160.422989 -21.7209759
v -15.7402344 -160.999649 -21.7209759
v -17.9485168 -176.506805 -21.862566
v -17.5669708 -175.928726 -21.720974
v -17.6532135 -176.501572 -21.720974
v -20.0960159 -187.895996 -21.8625641
v -19.8834076 -187.316025 -21.8625641
v -19.5897598 -187.320053 -21.7209721
v -19.763237 -187.86792 -21.7209721
v -22.7567978 -193.272232 -21.8625641
v -22.3314209 -192.691772 -21.8625641
v -22.0242004 -192.718506 -21.7209721
v -22.3294296 -193.205948 -21.7209721
v -24.9838486 -196.010895 -21.8625622
v -24.662941 -196.075531 -21.7209702
v -25.055645 -196.500122 -21.7209702
v -30.4536705 -201.637909 -21.7209702
v -30.929657 -201.952362 -21.7055283
v -36.6735382 -204.427673 -21.3886013
v -37.224926 -204.593124 -21.3746796
v -7.38239288 -11.0230436 -21.7210007
v -7.39186859 -11.6024847 -21.7210007
v -6.89930725 26.0507298 -21.7210064
v -6.90311432 25.4712353 -21.7210064
v -6.91159058 81.8251419 -21.7210159
v -6.89930725 81.2458725 -21.7210159
v -9.01006317 123.82045 -21.8626156
v -8.71759033 123.818054 -21.7210236
v -8.66822815 123.24118 -21.7210236
v -12.7128906 152.363953 -21.8626194
v -12.4172745 152.359085 -21.7210274
v -12.3273163 151.786819 -21.7210274
v -12.6191711 151.784424 -21.8626194
v -16.739502 175.653397 -21.7210312
v -16.6347961 175.083435 -21.7210312
v -16.9286041 175.078568 -21.8626232
v -19.9257126 192.714478 -21.721035
v -19.74263 192.171066 -21.721035
v -24.308609 201.061081 -21.721035
v -23.9463577 200.627823 -21.721035
v -34.5898018 208.692139 -21.7210369
v -34.0752258 208.457703 -21.7210369
v -47.9266243 105.775513 17.7557945
v -49.7638664 105.906906 17.7557945
v -45.5628128 105.27388 18.0951118
v -45.5860786 105.194748 18.3747025
v -45.0313835 105.031876 18.3747025
v -43.2862701 104.468781 18.0951118
v -43.3205605 104.393768 18.3747025
v -42.794693 104.15361 18.3747025
v -41.1474686 103.347885 18.0951118
v -41.1920891 103.278519 18.3747025
v -40.7057495 102.965973 18.3747025
v -39.1899643 101.934029 18.0951118
v -39.2439995 101.871712 18.3747025
v -38.8070946 101.493126 18.3747025
v -37.4536018 100.255981 18.0951118
v -37.5159569 100.201996 18.3747025
v -37.1373711 99.7650909 18.3747025
v -35.9737129 98.347908 18.0951118
v -36.0431137 98.3033371 18.3747025
v -35.7305641 97.8170013 18.3747025
v -34.7804451 96.2486343 18.0951138
v -34.8554688 96.2144012 18.3747044
v -34.6153145 95.6885376 18.3747044
v -33.2541008 91.0795135 18.0386238
v -33.1104507 88.6654205 18.0951138
v -33.1311188 89.2442093 18.0951138
v -33.2133865 89.241272 18.3747044
v -33.1927071 88.662468 18.3747044
v -143.260101 105.791733 18.4300442
v -143.254272 105.628876 18.7010689
v -143.842712 105.87796 18.0951118
v -143.839783 105.7957 18.3747025
v -143.260971 105.816376 18.3747025
v -146.357574 105.57428 18.3747025
v -145.785355 105.656555 18.3747025
v -145.797119 105.73819 18.0951118
v -148.814331 104.997635 18.3747025
v -148.259644 105.160507 18.3747005
v -148.282898 105.239639 18.0951118
v -151.164001 104.07724 18.3747025
v -150.638123 104.317398 18.3747025
v -150.672424 104.39241 18.0951118
v -153.358765 102.831787 18.3747025
v -152.872437 103.144333 18.3747025
v -152.917053 103.213715 18.0951118
v -155.353973 101.286713 18.3747025
v -154.917053 101.665291 18.3747025
v -154.9711 101.727608 18.0951118
v -157.108963 99.4733963 18.3747025
v -156.730377 99.9103165 18.3747025
v -156.792725 99.9642868 18.0951118
v -156.966934 99.3502579 18.7010689
v -158.588028 97.428772 18.3747025
v -158.275467 97.9151154 18.3747025
v -158.344879 97.959671 18.0951118
v -158.429932 97.327095 18.7010708
v -158.11731 97.8135376 18.7010689
v -159.761047 95.1944733 18.3747044
v -159.520905 95.7203369 18.3747044
v -159.595947 95.75457 18.0951138
v -160.604156 92.8159637 18.3747044
v -160.441299 93.3706589 18.3747044
v -160.520432 93.3938751 18.0951138
v -160.384857 92.7515106 18.7541351
v -159.990936 93.2385712 19.011076
v -160.221954 93.3063202 18.7541351
v -161.100189 90.3416901 18.3747044
v -161.017929 90.9139099 18.3747044
v -161.099579 90.925621 18.0951138
v -160.873962 90.3090973 18.7541351
v -160.791656 90.8814392 18.7541351
v -161.26004 87.8173141 18.3747044
v -161.239349 88.3961182 18.3747044
v -161.321625 88.3990479 18.0951138
v -151.45343 12.7834835 18.0386372
v -155.988983 13.7905331 18.0386372
v -156.683319 14.1696758 18.0386372
v -161.321625 22.1021252 18.0951252
v -161.239349 22.1050587 18.3747158
v -161.26004 22.6838589 18.3747158
v -42.0410194 12.7834797 18.0386372
v -42.0413132 12.79175 18.0951271
v -41.4625282 12.8124218 18.0951271
v -41.4654617 12.8946896 18.3747177
v -42.0442619 12.8740139 18.3747177
v -36.8429413 14.3300686 18.0386372
v -36.3190765 14.7222309 18.0386372
v -33.3909607 19.2784557 18.0386353
v -33.2518616 19.9178944 18.0386353
v -33.1104431 21.7226086 18.0951252
v -33.1927071 21.7255573 18.3747158
v -33.2133865 21.1467571 18.3747158
v -33.1311188 21.1438236 18.0951252
v -33.0815125 88.6664429 16.9019833
v -161.371246 22.6798725 16.9019947
v -178.330322 -133.640579 21.7209873
v -178.330322 -133.640594 -21.7209816
v -184.523682 -44.7385521 -21.7209949
v -14.2484207 -133.640579 21.7209873
v -8.05506134 -44.7385445 21.720974
v -176.026718 -152.987396 -21.7209778
v -178.275711 -134.217361 -21.7209816
v -178.275711 -134.217346 21.7209873
v -176.026718 -152.987381 21.7209911
v -15.1489182 -152.669205 21.7209911
v -14.2821579 -134.219086 21.7209873
v -173.113159 -176.821838 -21.862566
v -17.5669632 -175.928726 21.7209949
v -15.7402267 -160.999649 21.720993
v -173.496964 -176.245316 -21.720974
v -175.382904 -161.315948 -21.7209759
v -175.382904 -161.315948 21.720993
v -173.496964 -176.2453 21.7209949
v -70.3933411 -188.0009 -21.8625641
v -70.3933411 -187.421371 -21.8625641
v -171.134308 -187.631454 -21.8625641
v -171.427917 -187.636703 -21.7209721
v -173.408478 -176.81781 -21.720974
v -173.408478 -176.81781 21.7209949
v -171.427917 -187.636688 21.7209969
v -24.662941 -196.075531 21.7209988
v -22.3294296 -193.205948 21.7209969
v -168.237457 -193.586029 -21.8625641
v -165.996948 -196.326721 -21.8625622
v -166.317474 -196.392456 -21.7209702
v -168.664139 -193.521912 -21.7209721
v -168.664139 -193.521912 21.7209969
v -166.317474 -196.392441 21.7209988
v -36.6735458 -204.427658 21.3886337
v -30.929657 -201.952347 21.7055569
v -160.024811 -202.267487 21.7055569
v -154.268921 -204.714737 21.3886337
v -58.8765907 -208.446289 21.374712
v -37.224926 -204.593109 21.3747101
v -132.046005 -208.732101 -21.3746777
v -153.71698 -204.878845 -21.3746796
v -153.71698 -204.87883 21.3747101
v -132.046005 -208.732086 21.374712
v -7.67218018 -11.0230112 21.8625622
v -184.90657 -11.0230112 21.8625622
v -185.186874 -11.602478 21.7209682
v -184.5495 -44.1597786 21.720974
v -184.5495 -44.1597862 -21.7209949
v -185.186874 -11.6024847 -21.7210007
v -185.385864 25.4712162 21.8625565
v -7.19290161 25.4712162 21.8625565
v -7.38239288 -11.023036 21.7209682
v -6.90311432 25.4712429 21.7209625
v -185.675629 25.4712429 21.7209625
v -185.19635 -11.023036 21.7209682
v -185.19635 -11.0230436 -21.7210007
v -185.675629 25.4712353 -21.7210064
v -185.377136 81.8254166 21.8625469
v -6.89930725 26.0507374 21.7209625
v -6.89930725 81.2458801 21.720953
v -185.679443 81.2458801 21.720953
v -185.679443 26.0507374 21.7209625
v -185.679443 26.0507298 -21.7210064
v -185.679443 81.2458725 -21.7210159
v -183.56868 123.82045 -21.8626156
v -183.620514 123.240921 21.8625393
v -8.95822906 123.240921 21.8625393
v -179.86586 152.363953 -21.8626194
v -134.507111 152.363953 -21.8626194
v -134.507111 151.784424 -21.8626194
v -179.959579 151.784424 -21.8626194
v -8.71759033 123.818069 21.7209454
v -12.3273163 151.786819 21.7209415
v -180.251434 151.786819 21.7209415
v -183.861145 123.818069 21.7209454
v -183.861145 123.818054 -21.7210236
v -180.251434 151.786819 -21.7210274
v -175.650146 175.078568 -21.8626232
v -175.943954 175.083435 21.7209377
v -180.161469 152.359085 21.7209415
v -180.161469 152.359085 -21.7210274
v -175.943954 175.083435 -21.7210312
v -19.9257126 192.714478 21.7209339
v -23.9463577 200.627823 21.7209339
v -168.632385 200.627823 21.7209339
v -172.65303 192.714478 21.7209339
v -172.65303 192.714478 -21.721035
v -168.632385 200.627823 -21.721035
v -34.5898018 208.692139 21.720932
v -57.2611618 213.448883 21.720932
v -135.317581 213.448883 21.720932
v -157.988953 208.692139 21.720932
v -33.0815125 21.7215748 16.9019947
v -161.371246 87.8212891 16.9019833
v -7.20162201 81.8254166 21.8625469
v -47.3703003 105.582886 18.3747025
v -45.5860786 105.194748 18.3747025
v -45.5628128 105.27388 18.0951118
v -47.358593 105.66452 18.0951118
v -45.0313835 105.031876 18.3747025
v -43.3205605 104.393768 18.3747025
v -43.2862701 104.468781 18.0951118
v -45.0081749 105.111023 18.0951118
v -43.330822 104.371307 18.4300442
v -41.1474686 103.347885 18.0951118
v -42.7604599 104.228653 18.0951118
v -39.1899643 101.934029 18.0951118
v -40.6611862 103.03537 18.0951118
v -39.1508026 101.096252 19.0607815
v -39.1143303 101.138344 19.0110722
v -39.5514488 101.517113 19.0110722
v -39.5879211 101.475021 19.0607815
v -37.4536018 100.255981 18.0951118
v -38.753109 101.555489 18.0951118
v -37.5340576 99.4211731 19.0607815
v -37.4919777 99.4576416 19.0110741
v -37.8707314 99.8947525 19.0110722
v -37.9128151 99.858284 19.0607796
v -35.9737129 98.347908 18.0951118
v -37.0750618 99.8191223 18.0951118
v -34.8232117 95.5935287 18.7541351
v -34.786274 95.6103973 18.7010708
v -35.0264816 96.1363678 18.7010708
v -35.0634155 96.1194992 18.7541351
v -33.26231 91.078331 18.0951138
v -33.5701904 91.0339813 18.7541351
v -33.5299988 91.0397568 18.7010708
v -33.6122818 91.6120987 18.7010708
v -33.6524811 91.6063232 18.7541351
v -33.2133865 89.241272 18.3747044
v -33.2380219 89.2403946 18.4300461
v -143.842712 105.87796 18.0951118
v -145.797119 105.73819 18.0951118
v -143.260971 105.816376 18.3747025
v -143.252823 105.588379 18.7541332
v -143.242233 105.292709 19.0607815
v -143.244217 105.348251 19.0110741
v -143.82309 105.327576 19.0110722
v -143.821106 105.272034 19.0607815
v -143.228561 104.910736 19.3437462
v -143.231049 104.980194 19.2984085
v -143.809967 104.959518 19.2984085
v -143.80748 104.89006 19.3437462
v -146.369293 105.655914 18.0951118
v -148.282898 105.239639 18.0951118
v -148.83754 105.076782 18.0951118
v -150.672424 104.39241 18.0951118
v -151.198227 104.152267 18.0951118
v -152.917053 103.213715 18.0951118
v -153.403336 102.901199 18.0951118
v -154.9711 101.727608 18.0951118
v -155.407959 101.34906 18.0951118
v -156.792725 99.9642868 18.0951118
v -156.936249 99.3236694 18.7541332
v -157.171265 99.5274353 18.0951118
v -158.344879 97.959671 18.0951118
v -158.657379 97.473381 18.0951118
v -159.595947 95.75457 18.0951138
v -159.83606 95.2287521 18.0951138
v -160.520432 93.3938751 18.0951138
v -160.683289 92.839241 18.0951138
v -161.099579 90.925621 18.0951138
v -160.914154 90.3148804 18.7010708
v -160.831848 90.8872223 18.7010708
v -160.188095 90.794838 19.2984085
v -159.799866 92.579567 19.2984085
v -161.181839 90.3534546 18.0951138
v -161.321625 88.3990479 18.0951138
v -161.011353 88.3880005 18.7541351
v -50.3533401 105.628876 18.7010689
v -50.3475075 105.791733 18.4300442
v -151.45314 12.79175 18.0951271
v -151.450195 12.8740139 18.3747177
v -151.44931 12.898653 18.4300594
v -151.433441 13.3421383 19.0110874
v -151.431458 13.3976841 19.0607967
v -155.985535 13.7980709 18.0951271
v -158.180389 15.4034557 18.3747177
v -158.730591 15.9536686 18.3747158
v -159.867249 17.5131779 18.4300575
v -159.888031 17.4998226 18.3747158
v -159.575485 17.013483 18.3747158
v -159.554703 17.0268383 18.4300575
v -160.260925 18.1827564 18.3747158
v -160.238464 18.193018 18.4300575
v -160.293182 18.8036327 18.7541466
v -160.330124 18.7867641 18.7010822
v -160.089935 18.2607899 18.7010822
v -160.052994 18.2776585 18.7541466
v -161.159119 21.3284473 18.4300575
v -161.183563 21.3249302 18.3747158
v -161.101288 20.7527027 18.3747158
v -161.076843 20.756216 18.4300575
v -161.239349 22.1050587 18.3747158
v -161.214722 22.1059399 18.4300575
v -160.77124 22.1217365 19.0110855
v -160.715698 22.1237164 19.0607948
v -161.342285 87.8202667 18.0951138
v -161.342285 22.6809101 18.0951252
v -40.8217163 12.9407291 18.3747177
v -41.4654617 12.8946896 18.3747177
v -41.4625282 12.8124218 18.0951271
v -40.8099518 12.8590946 18.0951271
v -42.0451431 12.8986492 18.4300594
v -42.0442619 12.8740139 18.3747177
v -41.4663429 12.9193249 18.4300594
v -41.4721413 13.0821781 18.7010841
v -41.4735909 13.1226826 18.7541485
v -40.2761841 13.209074 18.7010841
v -40.2819633 13.2492657 18.7541485
v -40.8543053 13.166975 18.7541485
v -40.8485222 13.1267796 18.7010841
v -42.0629883 13.3976841 19.0607967
v -42.0610046 13.3421383 19.0110874
v -41.4821396 13.3628139 19.0110874
v -41.4841194 13.4183559 19.0607967
v -42.0931282 14.2401485 19.5972824
v -42.0901985 14.1581936 19.5572357
v -41.5112305 14.1788731 19.5572357
v -41.5141563 14.2608242 19.5972824
v -42.1330795 15.3577938 19.9960556
v -42.1294479 15.2560711 19.9689121
v -41.5503807 15.2767544 19.9689121
v -41.5540161 15.3784771 19.9960556
v -38.4773865 13.568819 18.4300594
v -38.4671249 13.5463543 18.3747177
v -36.8474197 14.3370419 18.0951271
v -36.3244972 14.7284946 18.0951271
v -34.0360146 18.226553 18.7010822
v -34.0729485 18.2434216 18.7541466
v -34.3131561 17.7174473 18.7541466
v -34.2762222 17.7005787 18.7010822
v -33.3989143 19.2807941 18.0951252
v -33.2600632 19.9190731 18.0951252
v -33.2594299 20.5030079 18.3747158
v -33.2838783 20.5065212 18.4300575
v -33.3661499 19.9342937 18.4300575
v -33.3417015 19.9307766 18.3747158
v -33.2380219 21.1476383 18.4300575
v -33.2133865 21.1467571 18.3747158
v -34.5795212 21.195467 19.5972805
v -34.49757 21.1925411 19.5572338
v -33.1021767 88.6657181 18.0386238
v -33.1021767 21.7223148 18.0386353
v -33.1104431 21.7226086 18.0951252
v -33.1104507 88.6654205 18.0951138
v -47.9266243 105.775513 16.9019814
v -49.7638664 105.906906 16.9019814
v -127.039986 -192.687271 -19.8802547
v -127.039986 -192.687271 -21.8625641
v -111.108017 -196.640869 -21.8625622
v -111.108017 -196.640869 -19.8802528
v -94.0165482 -196.640869 -19.8802528
v -94.0165482 -196.640869 -21.8625622
v -70.3933258 -186.896912 -21.8625641
v -73.5797119 -184.738907 -21.8625641
v -70.3933258 -190.941513 -21.8625641
v -70.3933258 -188.919205 -21.8625641
v -85.9956436 -182.09819 -21.862566
v -85.9956436 -182.09819 -19.8802567
v -94.0165482 -181.197556 -19.8802567
v -94.0165482 -181.197556 -21.862566
v -122.315338 -194.266586 -21.8625641
v -122.315338 -194.266586 -19.8802547
v -115.503044 -195.634705 -19.8802528
v -115.503044 -195.63472 -21.8625622
v -78.7438583 -182.532944 -19.8802567
v -78.7438583 -182.532944 -21.862566
v -129.45723 -187.54454 -21.8625641
v -129.45723 -188.124084 -21.8625641
v -170.919708 -188.210541 -21.8625641
v -126.35524 -192.916168 -21.8625641
v -124.632622 -193.491959 -21.8625641
v -168.663788 -193.007416 -21.8625641
v -111.020622 -195.867432 -19.8802528
v -94.0598373 -195.867432 -19.8802528
v -122.115814 -184.320648 -19.8802547
v -126.67363 -185.844177 -19.8802547
v -86.0619812 -194.969376 -19.8802547
v -78.9241943 -194.541428 -19.8802547
v -74.3531494 -192.588837 -19.8802547
v -110.10833 -189.906403 -23.2470398
v -95.0099106 -189.906403 -23.2470398
v -114.488571 -189.906403 -23.2470398
v -112.082878 -189.906403 -23.2470398
v -95.0099106 -187.932007 -23.2470398
v -110.10833 -187.932007 -23.2470398
v -121.284378 -189.906403 -23.2470398
v -116.463692 -189.906403 -23.2470398
v -125.928192 -189.906403 -23.2470398
v -123.26062 -189.906403 -23.2470398
v -127.92926 -189.799713 -23.2470379
v -127.696609 -189.976578 -23.2470379
v -127.696609 -189.906403 -23.2470398
v -127.91655 -189.906418 -23.2470379
v -79.7632294 -187.932007 -23.2470398
v -85.0192108 -187.932007 -23.2470398
v -86.993721 -187.932007 -23.2470398
v -93.0354843 -187.932007 -23.2470398
v -74.3531494 -192.588837 -22.7646389
v -75.3403397 -185.901337 -23.2470398
v -77.7878189 -187.932007 -23.2470398
v -112.082878 -187.932007 -23.2470398
v -114.488571 -187.932007 -23.2470398
v -127.91655 -189.906418 -23.2470379
v -127.91655 -187.932022 -23.2470379
v -127.696609 -187.861862 -23.2470379
v -127.696609 -189.976578 -23.2470379
v -130.746063 133.119705 -21.8626175
v -130.746063 133.119705 -18.7530231
v -59.0609322 155.204712 -21.8626194
v -59.0609322 155.204712 -18.7530251
v -62.9356384 159.079422 -18.753027
v -62.9356384 159.079422 -21.8626213
v -59.0609283 151.784424 -21.8626194
v -59.0609207 152.363953 -21.8626194
v -134.507111 136.880753 -21.8626175
v -134.507111 136.880753 -18.7530231
v -134.507111 151.784424 -21.8626194
v -134.507111 152.363953 -21.8626194
v -129.45723 -188.124084 -21.8625641
v -129.45723 -187.54454 -21.8625641
v -89.6969452 -196.155838 -21.8625622
v -73.5797119 -193.099518 -21.8625641
v -73.1394882 -192.801376 -21.8625641
v -74.2440338 -193.383286 -21.8625641
v -127.039986 -192.687271 -21.8625641
v -129.45723 -190.849777 -21.8625641
v -129.45723 -188.91922 -21.8625641
v -129.45723 -186.988678 -21.8625641
v -127.039986 -185.151154 -21.8625641
v -122.315338 -183.571838 -21.8625641
v -115.503044 -182.203705 -21.862566
v -111.108017 -181.197556 -21.862566
v -94.0165482 -181.197556 -21.862566
v -70.3933258 -186.896912 -21.8625641
v -73.5797119 -184.738907 -21.8625641
v -78.7438583 -182.532944 -21.862566
v -85.9956436 -182.09819 -21.862566
v -112.998756 -196.208008 -21.8625622
v -115.503044 -195.63472 -21.8625622
v -122.315338 -194.266586 -21.8625641
v -130.746063 133.119705 -21.8626175
v -134.507111 136.880753 -21.8626175
v -62.9280281 133.119705 -21.8626175
v -59.0609322 136.986816 -21.8626175
v -134.507111 155.457611 -21.8626194
v -130.885315 159.079422 -21.8626213
v -62.9356384 159.079422 -21.8626213
v -59.0609322 155.204712 -21.8626194
v -73.5797119 -193.099518 -21.8625641
v -74.2440338 -193.383286 -21.8625641
v -73.1394882 -192.801376 -21.8625641
v -111.108017 -196.640869 -21.8625622
v -94.0165482 -196.640869 -21.8625622
v -89.6969452 -196.155838 -21.8625622
v -70.3933258 -190.941513 -21.8625641
v -70.3933258 -188.919205 -21.8625641
v -126.35524 -192.916168 -21.8625641
v -124.632622 -193.491959 -21.8625641
v -112.998756 -196.208008 -21.8625622
v -85.9956436 -195.740219 -21.8625622
v -78.7438583 -195.305466 -21.8625622
v -70.3933411 -187.421371 -21.8625641
v -70.3933411 -188.0009 -21.8625641
v -59.0609207 152.363953 -21.8626194
v -59.0609283 151.784424 -21.8626194
v -132.046005 -208.732086 21.374712
v -131.470963 -208.781693 21.374712
v -131.735657 -208.492966 21.5163059
v -132.046005 -208.732101 -21.3746777
v -131.735657 -208.492966 -21.5162716
v -131.470963 -208.781693 -21.3746777
v -58.8765907 -208.446289 21.374712
v -59.188015 -208.207413 21.5163059
v -59.4516258 -208.498184 21.374712
v -135.317581 213.448883 21.720932
v -135.003891 213.218628 21.8625259
v -134.744232 213.508377 21.720932
v -135.317581 213.448883 -21.7210369
v -134.744232 213.508377 -21.7210369
v -135.003891 213.218628 -21.8626289
v -57.2611618 213.448883 21.720932
v -57.8345108 213.508377 21.720932
v -57.5748672 213.218628 21.8625259
v -8.0292511 -44.1597862 -21.7209949
v -6.63832092 -44.4824791 -14.4080915
v -6.66449738 -45.0704117 -14.4078445
v -8.05506134 -44.7385521 -21.7209949
v -178.330322 -133.640579 21.7209873
v -184.523682 -44.7385445 21.720974
v -185.925262 -45.0705109 14.4055767
v -179.63414 -135.379745 14.4041996
v -14.2484207 -133.640594 -21.7209816
v -6.66449738 -45.0704117 -14.4078445
v -12.955658 -135.379105 -14.4068508
v -184.5495 -44.1597786 21.720974
v -185.951385 -44.4825592 14.4061403
v -173.408478 -176.81781 -21.720974
v -174.641373 -179.254135 -14.362565
v -174.72934 -178.668732 -14.374054
v -173.496964 -176.245316 -21.720974
v -15.1827393 -153.247696 21.7209911
v -13.9031677 -155.298981 14.397748
v -13.8695679 -154.710114 14.4020634
v -15.1489182 -152.669205 21.7209911
v -175.382904 -161.315948 -21.7209759
v -176.643677 -163.49939 -14.3832064
v -176.70105 -162.911682 -14.390296
v -175.440567 -160.739502 -21.7209759
v -15.7402267 -160.999649 21.720993
v -14.4671631 -163.177734 14.3843021
v -14.4121857 -162.589676 14.3918867
v -15.6848145 -160.422989 21.720993
v -17.6532135 -176.501556 21.7209949
v -16.4068909 -178.932724 14.3630009
v -16.3212662 -178.346893 14.3747787
v -17.5669632 -175.928726 21.7209949
v -171.252441 -188.183945 -21.7209721
v -172.456024 -190.812149 -14.3317499
v -172.631622 -190.25029 -14.3483057
v -171.427917 -187.636703 -21.7209721
v -165.923767 -196.816116 -21.7209702
v -167.052124 -199.606888 -14.2660742
v -167.449951 -199.170944 -14.280674
v -166.317474 -196.392456 -21.7209702
v -19.763237 -187.867905 21.7209969
v -18.5453568 -190.491074 14.3317852
v -18.3718719 -189.928528 14.3485174
v -19.5897598 -187.320038 21.7209969
v -168.664139 -193.521912 -21.7209721
v -169.831848 -196.248276 -14.2968349
v -170.140747 -195.747559 -14.3141975
v -168.970856 -193.03537 -21.7209721
v -22.3294296 -193.205948 21.7209969
v -21.1469727 -195.927307 14.2966623
v -20.8396301 -195.425659 14.3141079
v -22.0242004 -192.718506 21.7209969
v -30.929657 -201.952347 21.7055569
v -29.8789673 -204.831604 14.2413063
v -29.3954697 -204.511581 14.2527189
v -30.4536705 -201.637894 21.7209988
v -25.055645 -196.500107 21.7209988
v -23.9122467 -199.285889 14.2658529
v -23.5154648 -198.849014 14.2804575
v -24.662941 -196.075531 21.7209988
v -160.024811 -202.267502 -21.7055283
v -161.060043 -205.151779 -14.241436
v -161.54454 -204.833527 -14.2529049
v -160.50177 -201.954803 -21.7209702
v -58.8771133 -211.405701 -14.2150707
v -59.4516258 -208.498199 -21.3746777
v -58.8765907 -208.446289 -21.3746777
v -58.2931328 -211.352493 -14.2163048
v -153.71698 -204.878845 -21.3746796
v -154.625519 -207.727707 -14.2193327
v -155.186615 -207.562424 -14.2250404
v -154.268921 -204.714737 -21.3886013
v -185.19635 -11.023036 21.7209682
v -186.608765 -10.8214369 14.404707
v -186.598907 -11.41008 14.4058609
v -185.186874 -11.602478 21.7209682
v -37.224926 -204.593109 21.3747101
v -36.3011398 -207.437515 14.2193146
v -35.7406158 -207.270874 14.224968
v -36.6735458 -204.427658 21.3886337
v -185.679443 26.0507374 21.7209625
v -187.100525 26.8396664 14.3993464
v -187.096039 26.2506504 14.4025793
v -185.675629 25.4712429 21.7209625
v -14.2821579 -134.219086 21.7209873
v -12.9896088 -135.967194 14.4050264
v -12.955658 -135.379105 14.4068546
v -14.2484207 -133.640579 21.7209873
v -175.970886 -153.564072 -21.7209778
v -177.238861 -155.621002 -14.395505
v -177.294952 -155.034149 -14.3992033
v -176.026718 -152.987396 -21.7209778
v -7.38239288 -11.0230436 -21.7210007
v -5.98088837 -10.8214836 -14.4062624
v -5.9907608 -11.4101295 -14.4075871
v -7.39186859 -11.6024847 -21.7210007
v -6.89930725 26.0507298 -21.7210064
v -5.48908234 26.8395252 -14.4006939
v -5.49358368 26.250494 -14.4040222
v -6.90311432 25.4712353 -21.7210064
v -180.161469 152.359085 21.7209415
v -181.505005 155.169128 14.3452635
v -181.593872 154.582428 14.359169
v -180.251434 151.786819 21.7209415
v -6.91159058 81.8251419 -21.7210159
v -5.49947357 83.4996185 -14.3899021
v -5.48818207 82.9097595 -14.3960667
v -6.89930725 81.2458725 -21.7210159
v -183.861145 123.818069 21.7209454
v -185.25885 126.16452 14.3709135
v -185.307129 125.575363 14.3807259
v -183.910522 123.24118 21.7209454
v -8.71759033 123.818054 -21.7210236
v -7.33076477 126.164154 -14.3721485
v -7.2824707 125.574982 -14.3819742
v -8.66822815 123.24118 -21.7210236
v -12.4172745 152.359085 -21.7210274
v -11.0846329 155.168671 -14.3464928
v -10.9957504 154.582001 -14.3604069
v -12.3273163 151.786819 -21.7210274
v -175.839249 175.653412 21.7209377
v -177.120178 178.850998 14.3084164
v -177.223053 178.263168 14.3286905
v -175.943954 175.083435 21.7209377
v -168.270142 201.061096 21.7209339
v -169.448883 204.725708 14.185811
v -169.81189 204.269485 14.218565
v -168.632385 200.627823 21.7209339
v -16.739502 175.653397 -21.7210312
v -15.4694824 178.850525 -14.3096285
v -15.3665848 178.262665 -14.3299208
v -16.6347961 175.083435 -21.7210312
v -172.65303 192.714478 21.7209339
v -173.892227 196.212021 14.252079
v -174.073181 195.645508 14.2827501
v -172.836121 192.171066 21.7209339
v -19.9257126 192.714478 -21.721035
v -18.6975098 196.211517 -14.253233
v -18.5165253 195.645004 -14.2839432
v -19.74263 192.171066 -21.721035
v -34.5898018 208.692139 -21.7210369
v -33.5831184 212.505478 -14.1374903
v -33.0629234 212.256638 -14.1585569
v -34.0752258 208.457703 -21.7210369
v -24.308609 201.061081 -21.721035
v -23.1409073 204.725281 -14.1867838
v -22.7778778 204.268997 -14.2196512
v -23.9463577 200.627823 -21.721035
v -157.988953 208.692139 21.720932
v -159.006683 212.505768 14.1368637
v -159.526871 212.256989 14.1577387
v -158.503525 208.457703 21.720932
v -134.744232 213.508377 21.720932
v -135.382233 217.410858 14.1176863
v -135.964478 217.347275 14.1237402
v -185.66716 81.8251495 21.720953
v -187.090118 83.4998856 14.3886423
v -187.10141 82.9100418 14.3947639
v -185.679443 81.2458801 21.720953
v -178.275711 -134.217361 -21.7209816
v -179.579056 -135.966156 -14.4020214
v -179.63414 -135.379745 -14.4041872
v -178.330322 -133.640594 -21.7209816
v -178.275711 -134.217346 21.7209873
v -177.983643 -134.219406 21.8625813
v -178.039902 -133.639877 21.8625813
v -178.330322 -133.640579 21.7209873
v -178.275711 -134.217361 -21.7209816
v -178.330322 -133.640594 -21.7209816
v -178.039902 -133.639877 -21.8625736
v -177.983643 -134.219421 -21.8625736
v -184.5495 -44.1597862 -21.7209949
v -184.259674 -44.159729 -21.862587
v -184.23317 -44.7392502 -21.862587
v -184.523682 -44.7385521 -21.7209949
v -14.2484207 -133.640579 21.7209873
v -14.5388336 -133.639877 21.8625813
v -14.5722504 -134.219406 21.8625813
v -8.0292511 -44.1597786 21.720974
v -8.31906128 -44.1597214 21.8625679
v -8.34557343 -44.7392464 21.8625679
v -8.05506134 -44.7385445 21.720974
v -175.970886 -153.564056 21.7209911
v -175.680328 -153.56424 21.8625851
v -175.735199 -152.984818 21.8625851
v -176.026718 -152.987381 21.7209911
v -176.026718 -152.987396 -21.7209778
v -175.735199 -152.984818 -21.8625698
v -175.680328 -153.564255 -21.8625698
v -15.1489182 -152.669205 21.7209911
v -15.439003 -152.669418 21.8625851
v -15.4733047 -153.249023 21.8625851
v -175.382904 -161.315948 21.720993
v -175.090622 -161.317596 21.862587
v -175.150116 -160.738174 21.862587
v -175.440567 -160.739502 21.720993
v -175.440567 -160.739502 -21.7209759
v -175.150116 -160.73819 -21.8625679
v -175.090622 -161.317596 -21.8625679
v -15.6848145 -160.422989 21.720993
v -15.9752731 -160.422806 21.862587
v -16.0324936 -161.002457 21.862587
v -173.408478 -176.81781 21.7209949
v -173.113159 -176.821838 21.8625889
v -173.205261 -176.242493 21.8625889
v -173.496964 -176.2453 21.7209949
v -173.408478 -176.81781 -21.720974
v -173.496964 -176.245316 -21.720974
v -173.205261 -176.242493 -21.862566
v -173.113159 -176.821838 -21.862566
v -17.5669632 -175.928726 21.7209949
v -17.8586884 -175.927094 21.8625889
v -17.9485168 -176.506805 21.8625889
v -171.252441 -188.183929 21.7209969
v -170.919708 -188.210541 21.8625908
v -171.134308 -187.631454 21.8625908
v -171.427917 -187.636688 21.7209969
v -171.427917 -187.636703 -21.7209721
v -171.134308 -187.631454 -21.8625641
v -170.919708 -188.210541 -21.8625641
v -19.5897598 -187.320038 21.7209969
v -19.8834076 -187.31601 21.8625908
v -20.0960159 -187.895996 21.8625908
v -168.664139 -193.521912 21.7209969
v -168.237457 -193.586029 21.8625908
v -168.663788 -193.007416 21.8625908
v -168.970856 -193.035355 21.7209969
v -168.970856 -193.03537 -21.7209721
v -168.663788 -193.007416 -21.8625641
v -168.237457 -193.586029 -21.8625641
v -22.0242004 -192.718506 21.7209969
v -22.3314209 -192.691757 21.8625908
v -22.7567978 -193.272217 21.8625908
v -165.923767 -196.816101 21.7209988
v -165.408813 -196.904922 21.8625927
v -165.996948 -196.326706 21.8625927
v -166.317474 -196.392441 21.7209988
v -165.996948 -196.326721 -21.8625622
v -165.408813 -196.904938 -21.8625622
v -24.9838486 -196.01088 21.8625927
v -25.5722046 -196.591736 21.8625927
v -160.024811 -202.267487 21.7055569
v -158.920349 -202.430954 21.8265133
v -160.17627 -201.864075 21.8625927
v -160.50177 -201.954788 21.7209988
v -160.50177 -201.954803 -21.7209702
v -160.17627 -201.864075 -21.8625622
v -158.920349 -202.430969 -21.8264847
v -30.4536705 -201.637894 21.7209988
v -30.7797127 -201.548187 21.8625927
v -32.0332985 -202.121216 21.8265133
v -153.71698 -204.87883 21.3747101
v -150.761887 -205.10994 21.516304
v -153.941681 -204.54776 21.5523834
v -154.268921 -204.714737 21.3886337
v -154.268921 -204.714737 -21.3886013
v -153.941681 -204.54776 -21.5523529
v -150.761887 -205.109955 -21.5162735
v -36.6735458 -204.427658 21.3886337
v -37.0015984 -204.262283 21.5523834
v -40.2672539 -204.840225 21.516304
v -185.186874 -11.602478 21.7209682
v -184.897064 -11.6025343 21.8625622
v -184.90657 -11.0230112 21.8625622
v -185.19635 -11.0230436 -21.7210007
v -184.90657 -11.0230179 -21.8625927
v -184.897064 -11.602541 -21.8625927
v -185.186874 -11.6024847 -21.7210007
v -7.38239288 -11.023036 21.7209682
v -7.67218018 -11.0230112 21.8625622
v -7.6816864 -11.6025343 21.8625622
v -7.39186859 -11.602478 21.7209682
v -185.675629 25.4712429 21.7209625
v -185.385864 25.4712162 21.8625565
v -185.389679 26.0507374 21.8625565
v -185.679443 26.0507298 -21.7210064
v -185.389679 26.0507298 -21.8625984
v -185.385864 25.4712086 -21.8625984
v -185.675629 25.4712353 -21.7210064
v -6.89930725 26.0507374 21.7209625
v -7.18907166 26.0507374 21.8625565
v -7.19290161 25.4712162 21.8625565
v -6.90311432 25.4712429 21.7209625
v -185.679443 81.2458801 21.720953
v -185.389679 81.2458801 21.8625469
v -185.377136 81.8254166 21.8625469
v -185.66716 81.8251419 -21.7210159
v -185.377136 81.8254089 -21.862608
v -185.389679 81.2458725 -21.862608
v -185.679443 81.2458725 -21.7210159
v -6.91159058 81.8251495 21.720953
v -7.20162201 81.8254166 21.8625469
v -7.18907166 81.2458801 21.8625469
v -6.89930725 81.2458801 21.720953
v -183.910522 123.24118 21.7209454
v -183.620514 123.240921 21.8625393
v -183.56868 123.82045 21.8625393
v -183.861145 123.818054 -21.7210236
v -183.56868 123.82045 -21.8626156
v -183.620514 123.240921 -21.8626156
v -183.910522 123.24118 -21.7210236
v -8.71759033 123.818069 21.7209454
v -9.01006317 123.82045 21.8625393
v -8.95822906 123.240921 21.8625393
v -8.66822815 123.24118 21.7209454
v -180.251434 151.786819 21.7209415
v -179.959579 151.784439 21.8625355
v -179.86586 152.363968 21.8625355
v -180.161469 152.359085 -21.7210274
v -179.86586 152.363953 -21.8626194
v -179.959579 151.784424 -21.8626194
v -180.251434 151.786819 -21.7210274
v -12.4172745 152.359085 21.7209415
v -12.7128906 152.363968 21.8625355
v -12.6191711 151.784439 21.8625355
v -12.3273163 151.786819 21.7209415
v -175.943954 175.083435 21.7209377
v -175.650146 175.078568 21.8625317
v -175.543884 175.658081 21.8625317
v -175.839249 175.653397 -21.7210312
v -175.543884 175.658081 -21.8626232
v -175.650146 175.078568 -21.8626232
v -175.943954 175.083435 -21.7210312
v -16.739502 175.653412 21.7209377
v -17.0348663 175.658081 21.8625317
v -16.9286041 175.078568 21.8625317
v -16.6347961 175.083435 21.7209377
v -172.836121 192.171066 21.7209339
v -172.54245 192.166397 21.8625278
v -172.312057 192.745911 21.8625278
v -172.65303 192.714478 -21.721035
v -172.312057 192.745895 -21.862627
v -172.54245 192.166397 -21.862627
v -172.836121 192.171066 -21.721035
v -19.9257126 192.714478 21.7209339
v -20.2666931 192.745911 21.8625278
v -20.036293 192.166397 21.8625278
v -19.74263 192.171066 21.7209339
v -168.323334 200.596405 21.8625278
v -167.63858 201.175903 21.8625278
v -168.270142 201.061081 -21.721035
v -167.63858 201.175903 -21.862627
v -168.323334 200.59639 -21.862627
v -168.632385 200.627823 -21.721035
v -24.308609 201.061096 21.7209339
v -24.9401703 201.175903 21.8625278
v -24.2554092 200.596405 21.8625278
v -23.9463577 200.627823 21.7209339
v -158.503525 208.457703 21.720932
v -158.175171 208.342896 21.8625259
v -155.480377 208.922394 21.8625259
v -157.988953 208.692139 -21.7210369
v -155.480377 208.922394 -21.8626289
v -158.175171 208.34288 -21.8626289
v -158.503525 208.457703 -21.7210369
v -34.5898018 208.692139 21.720932
v -37.0983658 208.922394 21.8625259
v -34.4035721 208.342896 21.8625259
v -34.0752258 208.457703 21.720932
v -179.579056 -135.966156 -14.4020214
v -186.598907 -11.41008 14.4058609
v -8.05506134 -44.7385521 -21.7209949
v -14.2484207 -133.640594 -21.7209816
v -14.5388336 -133.639877 -21.8625736
v -8.34557343 -44.7392502 -21.862587
v -6.63832092 -44.4824791 -14.4080915
v -5.9907608 -11.4101295 -14.4075871
v -176.70105 -162.911682 -14.390296
v -14.4121857 -162.589676 14.3918867
v -174.72934 -178.668732 -14.374054
v -14.4671631 -163.177734 14.3843021
v -16.3212662 -178.346893 14.3747787
v -175.440567 -160.739502 21.720993
v -175.150116 -160.738174 21.862587
v -15.9752731 -160.422806 21.862587
v -15.1827393 -153.247696 -21.7209778
v -15.6848145 -160.422989 -21.7209759
v -15.9752731 -160.422806 -21.8625679
v -15.4733047 -153.249023 -21.8625698
v -175.150116 -160.73819 -21.8625679
v -174.641373 -179.254135 -14.362565
v -172.631622 -190.25029 -14.3483057
v -16.4068909 -178.932724 14.3630009
v -18.3718719 -189.928528 14.3485174
v -172.456024 -190.812149 -14.3317499
v -18.5453568 -190.491074 14.3317852
v -19.8834076 -187.31601 21.8625908
v -17.6532135 -176.501572 -21.720974
v -19.5897598 -187.320053 -21.7209721
v -19.8834076 -187.316025 -21.8625641
v -17.9485168 -176.506805 -21.862566
v -166.317474 -196.392456 -21.7209702
v -167.449951 -199.170944 -14.280674
v -21.1469727 -195.927307 14.2966623
v -24.662941 -196.075531 21.7209988
v -23.5154648 -198.849014 14.2804575
v -168.970856 -193.035355 21.7209969
v -168.663788 -193.007416 21.8625908
v -22.3314209 -192.691757 21.8625908
v -19.763237 -187.86792 -21.7209721
v -22.0242004 -192.718506 -21.7209721
v -22.3314209 -192.691772 -21.8625641
v -20.0960159 -187.895996 -21.8625641
v -168.663788 -193.007416 -21.8625641
v -23.9122467 -199.285889 14.2658529
v -161.060043 -205.151779 -14.241436
v -160.50177 -201.954788 21.7209988
v -160.17627 -201.864075 21.8625927
v -30.7797127 -201.548187 21.8625927
v -25.055645 -196.500122 -21.7209702
v -30.4536705 -201.637909 -21.7209702
v -30.7797127 -201.548203 -21.8625622
v -25.5722046 -196.591751 -21.8625622
v -160.17627 -201.864075 -21.8625622
v -154.625519 -207.727707 -14.2193327
v -132.613937 -211.642776 -14.2163162
v -58.2931328 -211.352493 14.2163401
v -30.929657 -201.952362 -21.7055283
v -36.6735382 -204.427673 -21.3886013
v -37.0015984 -204.262299 -21.5523529
v -32.0332985 -202.121216 -21.8264847
v -153.941681 -204.54776 -21.5523529
v -131.470963 -208.781693 -21.3746777
v -132.029938 -211.69368 -14.2150707
v -131.735657 -208.492966 -21.5162716
v -59.188015 -208.207413 -21.5162716
v -59.4516258 -208.498184 21.374712
v -58.8771133 -211.405701 14.215106
v -131.470963 -208.781693 21.374712
v -59.188015 -208.207413 21.5163059
v -131.735657 -208.492966 21.5163059
v -187.096039 26.2506504 14.4025793
v -7.39186859 -11.602478 21.7209682
v -7.6816864 -11.6025343 21.8625622
v -7.39186859 -11.6024847 -21.7210007
v -8.0292511 -44.1597862 -21.7209949
v -8.31906128 -44.159729 -21.862587
v -7.6816864 -11.602541 -21.8625927
v -187.100525 26.8396664 14.3993464
v -5.48908234 26.8395252 -14.4006939
v -187.090118 83.4998856 14.3886423
v -5.49947357 83.4996185 -14.3899021
v -185.25885 126.16452 14.3709135
v -181.593872 154.582428 14.359169
v -7.33076477 126.164154 -14.3721485
v -10.9957504 154.582001 -14.3604069
v -8.66822815 123.24118 21.7209454
v -8.95822906 123.240921 21.8625393
v -183.620514 123.240921 21.8625393
v -183.910522 123.24118 -21.7210236
v -183.620514 123.240921 -21.8626156
v -8.66822815 123.24118 -21.7210236
v -6.91159058 81.8251419 -21.7210159
v -7.20162201 81.8254089 -21.862608
v -8.95822906 123.240921 -21.8626156
v -177.223053 178.263168 14.3286905
v -15.4694824 178.850525 -14.3096285
v -16.6347961 175.083435 21.7209377
v -16.9286041 175.078568 21.8625317
v -16.6347961 175.083435 -21.7210312
v -12.4172745 152.359085 -21.7210274
v -12.7128906 152.363953 -21.8626194
v -16.9286041 175.078568 -21.8626232
v -173.892227 196.212021 14.252079
v -168.632385 200.627823 21.7209339
v -169.81189 204.269485 14.218565
v -18.6975098 196.211517 -14.253233
v -23.9463577 200.627823 -21.721035
v -22.7778778 204.268997 -14.2196512
v -19.74263 192.171066 21.7209339
v -20.036293 192.166397 21.8625278
v -172.54245 192.166397 21.8625278
v -172.836121 192.171066 -21.721035
v -172.54245 192.166397 -21.862627
v -19.74263 192.171066 -21.721035
v -16.739502 175.653397 -21.7210312
v -17.0348663 175.658081 -21.8626232
v -20.036293 192.166397 -21.862627
v -23.1409073 204.725281 -14.1867838
v -57.2611618 213.448883 -21.7210369
v -56.6252861 217.347107 -14.1241598
v -34.0752258 208.457703 21.720932
v -34.4035721 208.342896 21.8625259
v -158.175171 208.342896 21.8625259
v -158.503525 208.457703 -21.7210369
v -158.175171 208.34288 -21.8626289
v -34.0752258 208.457703 -21.7210369
v -24.308609 201.061081 -21.721035
v -24.9401703 201.175903 -21.862627
v -34.4035721 208.34288 -21.8626289
v -57.2075386 217.410812 14.1177902
v -135.382233 217.410858 14.1176863
v -57.8345108 213.508377 21.720932
v -134.744232 213.508377 -21.7210369
v -57.8345108 213.508377 -21.7210369
v -57.5748672 213.218628 -21.8626289
v -135.003891 213.218628 -21.8626289
v -57.2075386 217.410812 -14.1178942
v -135.003891 213.218628 21.8625259
v -57.5748672 213.218628 21.8625259
v -57.2611618 213.448883 -21.7210369
v -34.5898018 208.692139 -21.7210369
v -37.0983658 208.922394 -21.8626289
v -57.5748672 213.218628 -21.8626289
v -56.6252861 217.347107 14.1240568
v -135.382233 217.410843 -14.1177902
v -57.2075386 217.410812 -14.1178942
v -33.5831184 212.505478 14.1373882
v -56.6252861 217.347107 14.1240568
v -159.006683 212.505753 -14.1369705
v -135.964478 217.347275 -14.1238499
v -23.1409073 204.725281 14.1866875
v -33.0629234 212.256653 14.1584568
v -169.448883 204.725708 -14.185915
v -159.526871 212.256989 -14.1578465
v -18.6975098 196.211533 14.2531395
v -22.7778778 204.268997 14.2195587
v -23.9463577 200.627823 21.7209339
v -173.892227 196.212021 -14.252182
v -169.81189 204.269485 -14.2186728
v -168.632385 200.627823 -21.721035
v -15.4694901 178.85051 14.3095398
v -18.5165253 195.644989 14.2838535
v -177.120178 178.850983 -14.3085175
v -174.073181 195.645493 -14.2828579
v -11.0846329 155.168686 14.3464127
v -15.3665848 178.26268 14.3298349
v -180.161469 152.359085 -21.7210274
v -181.505005 155.169128 -14.345356
v -177.223053 178.263153 -14.3287964
v -175.943954 175.083435 -21.7210312
v -7.3307724 126.164154 14.3720779
v -10.9957504 154.582001 14.3603268
v -12.3273163 151.786819 21.7209415
v -185.25885 126.16452 -14.3709965
v -181.593872 154.582428 -14.3592644
v -180.251434 151.786819 -21.7210274
v -5.49947357 83.4996185 14.3898439
v -7.2824707 125.574997 14.3819036
v -187.090118 83.4998779 -14.38871
v -185.307129 125.575348 -14.3808088
v -5.48908234 26.839529 14.400651
v -5.4881897 82.9097595 14.3960085
v -6.89930725 81.2458801 21.720953
v -185.679443 26.0507298 -21.7210064
v -187.100525 26.8396626 -14.3993931
v -187.10141 82.9100342 -14.3948345
v -185.679443 81.2458725 -21.7210159
v -5.98088837 -10.8214788 14.4062309
v -5.49358368 26.2505016 14.4039793
v -6.90311432 25.4712429 21.7209625
v -185.19635 -11.0230436 -21.7210007
v -186.608765 -10.8214417 -14.4047384
v -187.096039 26.2506428 -14.4026251
v -185.675629 25.4712353 -21.7210064
v -132.029938 -211.69368 14.215106
v -132.613937 -211.642776 14.2163515
v -37.224926 -204.593124 -21.3746796
v -36.3011398 -207.437515 -14.2192812
v -154.625519 -207.727692 14.219368
v -30.929657 -201.952362 -21.7055283
v -29.8789673 -204.831604 -14.2412758
v -35.740612 -207.270889 -14.2249374
v -36.6735382 -204.427673 -21.3886013
v -161.060043 -205.151779 14.2414713
v -155.186615 -207.562424 14.2250767
v -154.268921 -204.714737 21.3886337
v -25.055645 -196.500122 -21.7209702
v -23.9122467 -199.285889 -14.2658262
v -29.3954697 -204.511581 -14.2526903
v -30.4536705 -201.637909 -21.7209702
v -167.052124 -199.606888 14.2661066
v -161.54454 -204.833496 14.2529392
v -22.3294296 -193.205948 -21.7209721
v -21.1469727 -195.927307 -14.2966366
v -23.5154648 -198.849014 -14.2804346
v -24.662941 -196.075531 -21.7209702
v -169.831848 -196.24826 14.2968683
v -167.449951 -199.170944 14.2807093
v -166.317474 -196.392441 21.7209988
v -19.763237 -187.86792 -21.7209721
v -18.5453568 -190.491058 -14.3317671
v -20.8396301 -195.425659 -14.3140898
v -22.0242004 -192.718506 -21.7209721
v -172.456024 -190.812149 14.3317804
v -170.140747 -195.747559 14.3142338
v -17.6532135 -176.501572 -21.720974
v -16.4068985 -178.932724 -14.3629837
v -18.3718719 -189.928528 -14.3484993
v -19.5897598 -187.320053 -21.7209721
v -174.641373 -179.254135 14.3625946
v -172.631622 -190.25029 14.3483391
v -171.427917 -187.636688 21.7209969
v -15.7402344 -160.999649 -21.7209759
v -14.4671631 -163.177734 -14.3842897
v -16.3212738 -178.346878 -14.3747654
v -17.5669708 -175.928726 -21.720974
v -176.643677 -163.499374 14.3832273
v -174.72934 -178.668732 14.3740835
v -173.496964 -176.2453 21.7209949
v -15.1827393 -153.247696 -21.7209778
v -13.9031677 -155.298996 -14.3977346
v -14.4121857 -162.589691 -14.3918791
v -15.6848145 -160.422989 -21.7209759
v -177.238861 -155.621002 14.3955231
v -176.701035 -162.911682 14.3903179
v -12.955658 -135.379105 14.4068546
v -6.66449738 -45.0704079 14.4078217
v -8.05506134 -44.7385445 21.720974
v -14.2821579 -134.219101 -21.7209816
v -12.9896011 -135.967194 -14.4050198
v -13.8695602 -154.710129 -14.4020538
v -15.1489105 -152.669205 -21.7209778
v -179.63414 -135.379745 -14.4041872
v -185.925262 -45.0705147 -14.4055977
v -184.523682 -44.7385521 -21.7209949
v -179.579056 -135.966156 14.4020329
v -187.10141 82.9100342 -14.3948345
v -135.964478 217.347275 -14.1238499
v -23.1409073 204.725281 14.1866875
v -22.7778778 204.268997 14.2195587
v -33.5831184 212.505478 14.1373882
v -18.5165253 195.644989 14.2838535
v -173.892227 196.212021 -14.252182
v -15.3665848 178.26268 14.3298349
v -169.448883 204.725708 -14.185915
v -169.81189 204.269485 -14.2186728
v -177.223053 178.263153 -14.3287964
v -11.0846329 155.168686 14.3464127
v -185.307129 125.575348 -14.3808088
v -5.49947357 83.4996185 14.3898439
v -5.49358368 26.2505016 14.4039793
v -5.9907608 -11.4101248 14.4075584
v -177.238861 -155.621002 14.3955231
v -176.026718 -152.987381 21.7209911
v -177.294952 -155.034134 14.3992233
v -187.096039 26.2506428 -14.4026251
v -35.740612 -207.270889 -14.2249374
v -185.186874 -11.6024847 -21.7210007
v -186.598907 -11.4100838 -14.4058933
v -154.625519 -207.727692 14.219368
v -155.186615 -207.562424 14.2250767
v -132.029938 -211.69368 -14.2150707
v -161.060043 -205.151779 14.2414713
v -23.9122467 -199.285889 -14.2658262
v -24.662941 -196.075531 -21.7209702
v -23.5154648 -198.849014 -14.2804346
v -21.1469727 -195.927307 -14.2966366
v -18.5453568 -190.491058 -14.3317671
v -167.449951 -199.170944 14.2807093
v -16.4068985 -178.932724 -14.3629837
v -14.4121857 -162.589691 -14.3918791
v -176.643677 -163.499374 14.3832273
v -176.701035 -162.911682 14.3903179
v -13.9031677 -155.298996 -14.3977346
v -13.8695602 -154.710129 -14.4020538
v -174.641373 -179.254135 14.3625946
v -185.951385 -44.4825668 -14.4061594
v -184.5495 -44.1597862 -21.7209949
v -6.63832092 -44.4824753 14.4080677
v -5.9907608 -11.4101248 14.4075584
v -6.66449738 -45.0704079 14.4078217
v -179.579056 -135.966156 14.4020329
v -48.0079536 101.143135 20.2690315
v -48.5815697 101.225601 20.2690315
v -48.3744431 100.630539 20.2791328
v -50.5065994 101.342545 20.2690315
v -50.2372093 100.763756 20.2791328
v -49.9274483 101.321861 20.2690315
v -46.2943535 100.728043 20.2690315
v -46.8503914 100.891312 20.2690315
v -46.7300034 100.272804 20.2791328
v -44.6573105 100.073334 20.2690315
v -45.1844482 100.314079 20.2690296
v -45.1533318 99.6847305 20.2791328
v -43.130127 99.1923294 20.2690315
v -43.6176414 99.5056305 20.2690315
v -43.6763611 98.8782425 20.2791328
v -41.7438202 98.1029129 20.2690315
v -42.1817856 98.4824066 20.2690296
v -42.3292198 97.8697815 20.2791328
v -40.5266457 96.8272781 20.2690334
v -40.9061584 97.2652435 20.2690334
v -41.139286 96.679863 20.2791348
v -39.5034866 95.3915024 20.2690334
v -39.8167877 95.8790207 20.2690334
v -40.1308632 95.3327637 20.2791348
v -38.6950188 93.824646 20.2690334
v -38.9357567 94.3517914 20.2690334
v -39.3243561 93.8557587 20.2791348
v -38.1177597 92.1586609 20.2690334
v -38.2810249 92.7147064 20.2690334
v -38.7362671 92.2790375 20.2791348
v -37.7834854 90.4275436 20.2690334
v -37.865963 91.0011597 20.2690334
v -38.3785706 90.6347198 20.2791348
v -37.6665459 88.5025635 20.2690334
v -37.6872292 89.0817108 20.2690334
v -38.2453308 88.7718048 20.2791348
v -143.100983 101.342545 20.2690315
v -143.680145 101.321861 20.2690315
v -143.370377 100.763756 20.2791328
v -145.719925 101.134529 20.2690296
v -145.353439 100.621933 20.2791328
v -145.146301 101.217003 20.2690315
v -147.551392 100.693802 20.2690315
v -147.115738 100.238564 20.2791328
v -146.995346 100.857071 20.2690315
v -149.301361 99.9969788 20.2690315
v -148.805328 99.6083908 20.2791328
v -148.774216 100.237724 20.2690315
v -150.934418 99.0581512 20.2690296
v -150.388184 98.7440643 20.2791328
v -150.446899 99.3714523 20.2690315
v -152.417221 97.8964844 20.2690315
v -151.831833 97.6633682 20.2791328
v -151.979263 98.2759933 20.2690315
v -153.71965 96.535614 20.2690315
v -153.106995 96.3882141 20.2791348
v -153.340149 96.9735794 20.2690334
v -154.815125 95.003212 20.2690334
v -154.187759 94.9444809 20.2791348
v -154.501831 95.4907303 20.2690334
v -155.681351 93.3305969 20.2690334
v -155.052002 93.3617096 20.2791348
v -155.440613 93.8577423 20.2690334
v -156.300751 91.5516434 20.2690315
v -155.682236 91.6720276 20.2791348
v -156.137482 92.1076813 20.2690334
v -156.66066 89.7026672 20.2690315
v -156.065582 89.9098434 20.2791348
v -156.578186 90.2762756 20.2690334
v -156.786194 87.657402 20.2690334
v -156.207428 87.9266434 20.2791348
v -156.765518 88.2365494 20.2690334
v -152.743729 17.4725132 20.2690449
v -152.170105 17.3900394 20.269043
v -152.377289 17.9851208 20.2791462
v -151.290268 17.3478489 20.2690449
v -151.55954 17.92663 20.2791462
v -151.869415 17.3685322 20.2690449
v -153.43338 17.6648502 20.2690449
v -152.87735 17.5015812 20.2690449
v -152.997726 18.1200886 20.2791462
v -154.088684 17.9533863 20.2690449
v -153.561539 17.7126484 20.269043
v -153.592667 18.3419895 20.2791462
v -154.696198 18.3322277 20.2690449
v -154.208694 18.018919 20.269043
v -154.149963 18.6462917 20.2791462
v -155.243652 18.7936764 20.2690449
v -154.805679 18.414175 20.2690449
v -154.658249 19.0267963 20.2791462
v -155.719879 19.3283672 20.2690449
v -155.340363 18.890398 20.2690449
v -155.107239 19.4757938 20.2791462
v -156.115143 19.9253635 20.2690449
v -155.801819 19.4378452 20.269043
v -155.487778 19.9841328 20.2791462
v -156.421402 20.5725117 20.2690449
v -156.180664 20.0453663 20.269043
v -155.792053 20.5413494 20.2791462
v -156.632477 21.2567081 20.2690449
v -156.469208 20.7006702 20.269043
v -156.013962 21.1363277 20.2791462
v -156.744019 21.9639721 20.2690449
v -156.661545 21.3903561 20.2690449
v -156.148926 21.7568035 20.2791462
v -156.786194 22.843771 20.2690449
v -156.765518 22.2646198 20.2690449
v -156.207428 22.5745296 20.2791462
v -42.2041931 17.3478489 20.2690449
v -41.6250381 17.3685322 20.2690449
v -41.9349136 17.92663 20.2791462
v -40.8871002 17.462759 20.2690449
v -41.2535439 17.9753666 20.2791462
v -41.4607162 17.3802853 20.2690449
v -40.3310471 17.6260319 20.2690449
v -40.7667198 18.0812664 20.2791462
v -40.887085 17.4627628 20.2690449
v -39.8038712 17.8667889 20.2690449
v -40.2998734 18.2553959 20.2791462
v -40.3310165 17.6260471 20.2690449
v -39.3163414 18.1800976 20.269043
v -39.8626022 18.4941616 20.2791462
v -39.8038635 17.8667927 20.2690449
v -38.8783493 18.5596218 20.2690449
v -39.4637718 18.7927265 20.2791462
v -39.3163147 18.1801205 20.2690449
v -38.4988098 18.9976254 20.2690449
v -39.1114235 19.145071 20.2791462
v -38.8783112 18.5596561 20.2690449
v -38.1854935 19.4851589 20.2690449
v -38.8128471 19.5439243 20.2791462
v -38.4988022 18.9976368 20.2690449
v -37.9447517 20.0123005 20.2690449
v -38.5741081 19.9811382 20.2791462
v -38.1854935 19.4851551 20.2690449
v -37.7814713 20.5683918 20.2690449
v -38.3999786 20.4480114 20.2791462
v -37.9447327 20.0123539 20.2690449
v -37.6989899 21.1420345 20.269043
v -38.2940712 20.9348621 20.2791462
v -37.7814636 20.5684185 20.2690449
v -37.6665459 21.8855228 20.2690449
v -38.2453308 21.6162853 20.2791462
v -37.687233 21.3063717 20.2690449
v -46.8177414 101.002525 20.2649899
v -47.9914589 101.257858 20.2649899
v -46.624115 101.661842 20.2127533
v -47.893692 101.938034 20.2127533
v -47.9098511 101.825645 20.2247906
v -46.6561012 101.552902 20.2247906
v -45.5860786 105.194748 18.3747025
v -47.3703003 105.582886 18.3747025
v -47.3738136 105.558441 18.4300442
v -45.5930367 105.171051 18.4300442
v -45.6390877 105.014404 18.7010689
v -47.3969955 105.39682 18.701067
v -47.4027748 105.356628 18.7541332
v -45.6505318 104.975449 18.7541332
v -45.7184372 104.744476 19.0110722
v -47.4369621 105.118317 19.0110722
v -47.4448853 105.063187 19.0607815
v -45.7341232 104.69104 19.0607815
v -45.8224831 104.390442 19.2984066
v -47.4893837 104.753052 19.2984085
v -47.4992905 104.684128 19.3437462
v -45.8421021 104.323624 19.3437462
v -45.9491196 103.959518 19.5572186
v -47.5532036 104.308456 19.5572186
v -47.5648956 104.227127 19.5972672
v -45.972271 103.880676 19.5972691
v -46.0957603 103.460464 19.7822437
v -47.6271286 103.79361 19.7822418
v -47.6403656 103.701523 19.816185
v -46.1219673 103.371216 19.8161831
v -46.259407 102.903458 19.9688969
v -47.7096558 103.218933 19.9688988
v -47.7241707 103.117996 19.9960384
v -46.2881432 102.805603 19.9960384
v -46.4367332 102.29982 20.1133804
v -47.799118 102.596191 20.1133785
v -47.8146133 102.488434 20.133173
v -46.4674072 102.195351 20.133173
v -47.9425278 105.665161 18.3747025
v -49.7678261 105.7957 18.3747025
v -49.7687073 105.771057 18.4300442
v -47.9460411 105.640717 18.4300442
v -47.9693375 105.479111 18.7010689
v -49.7745094 105.608215 18.7010689
v -49.7759552 105.567703 18.7541332
v -47.9751129 105.438919 18.7541332
v -48.0094604 105.200623 19.0110722
v -49.7845154 105.327576 19.0110741
v -49.786499 105.272034 19.0607815
v -48.0173836 105.145508 19.0607815
v -48.0620689 104.835403 19.2984085
v -49.7976379 104.959518 19.2984066
v -49.8001175 104.89006 19.3437462
v -48.0719795 104.766449 19.3437462
v -48.1260948 104.390839 19.5572205
v -49.8136139 104.51152 19.5572166
v -49.8165398 104.429565 19.5972672
v -48.1377869 104.309494 19.5972691
v -48.200222 103.875992 19.7822418
v -49.8321152 103.992706 19.7822437
v -49.8354301 103.899918 19.8161831
v -48.2134628 103.78392 19.816185
v -48.2829437 103.301361 19.9688969
v -49.8527794 103.413635 19.9688969
v -49.856411 103.311905 19.9960403
v -48.2974548 103.200424 19.9960384
v -48.3725624 102.678635 20.1133804
v -49.8751717 102.786102 20.1133804
v -49.8790474 102.677505 20.133173
v -48.3880539 102.570877 20.133173
v -48.4672508 102.0205 20.2127533
v -49.8988457 102.122879 20.2127533
v -49.9028931 102.009628 20.2247906
v -48.4834099 101.908112 20.2247925
v -48.5650749 101.340332 20.2649899
v -49.9233208 101.437469 20.2649899
v -44.8508186 101.044563 20.2127533
v -46.0681343 101.498589 20.2127533
v -46.1001205 101.389648 20.2247906
v -44.8979874 100.941277 20.2247925
v -43.5549812 99.6031265 20.2649899
v -44.6091652 100.178764 20.2649899
v -43.3205605 104.393768 18.3747025
v -45.0313835 105.031876 18.3747025
v -45.0383415 105.008179 18.4300442
v -43.330822 104.371307 18.4300442
v -43.3987007 104.222794 18.7010689
v -45.0842896 104.851501 18.7010689
v -45.095726 104.812531 18.7541332
v -43.4155617 104.185852 18.7541313
v -43.5156441 103.966904 19.0110722
v -45.163475 104.581512 19.0110722
v -45.1791649 104.528091 19.0607815
v -43.5387802 103.916245 19.0607796
v -43.6690292 103.631271 19.2984085
v -45.2673454 104.227432 19.2984085
v -45.2869644 104.160614 19.3437462
v -43.6979599 103.567947 19.3437443
v -43.8557053 103.222763 19.5572205
v -45.3937798 103.796448 19.5572186
v -45.4169312 103.717606 19.5972691
v -43.8898354 103.148041 19.5972672
v -44.0718689 102.74968 19.7822418
v -45.5402222 103.297348 19.7822437
v -45.5664291 103.208084 19.8161831
v -44.1105156 102.665054 19.816185
v -44.3131256 102.221634 19.9688969
v -45.7036896 102.74028 19.9688969
v -45.7324181 102.642426 19.9960403
v -44.3554916 102.12886 19.9960384
v -44.5745506 101.649361 20.1133804
v -45.8808594 102.136604 20.1133804
v -45.9115334 102.032135 20.133173
v -44.6197777 101.550331 20.1331711
v -43.1834488 100.181198 20.2127533
v -44.3237305 100.803848 20.2127533
v -44.3708916 100.700554 20.2247906
v -43.2448349 100.085686 20.2247906
v -42.1058846 98.5699997 20.2649899
v -43.0674629 99.2898254 20.2649899
v -41.293766 103.120422 18.7010689
v -42.8727264 103.982605 18.7010689
v -42.889595 103.945663 18.7541332
v -41.3157158 103.086258 18.7541351
v -41.4459419 102.883759 19.0110741
v -42.9895287 103.726639 19.0110722
v -43.0126648 103.67598 19.0607815
v -41.4760513 102.836929 19.0607796
v -41.6455269 102.573395 19.2984066
v -43.1427383 103.39093 19.2984085
v -43.1716614 103.327591 19.3437462
v -41.6831741 102.514816 19.3437462
v -41.8884468 102.195602 19.5572205
v -43.3292198 102.982346 19.5572205
v -43.3633537 102.907593 19.5972652
v -41.9328651 102.126495 19.5972672
v -42.1697426 101.758095 19.7822418
v -43.5451965 102.509155 19.7822418
v -43.5838432 102.424538 19.816185
v -42.2200356 101.679832 19.816185
v -42.483696 101.269753 19.9688969
v -43.7862778 101.981018 19.9688969
v -43.8286476 101.888252 19.9960384
v -42.5388374 101.18396 19.9960403
v -42.8239098 100.740524 20.1133804
v -44.0475655 101.408699 20.1133804
v -44.0927849 101.309669 20.133173
v -42.8827705 100.648949 20.1331711
v -41.6558609 99.0893097 20.2127533
v -42.6959763 99.8679199 20.2127533
v -42.7573662 99.7723999 20.2247906
v -41.7302246 99.0034943 20.2247925
v -40.8185616 97.3411484 20.2649918
v -41.6679192 98.1904984 20.2649899
v -39.3671417 101.729683 18.7010689
v -40.8073349 102.8078 18.7010689
v -40.8292809 102.773651 18.7541332
v -39.3937302 101.699005 18.7541313
v -39.5514488 101.517113 19.0110722
v -40.9593735 102.57106 19.0110741
v -40.9894829 102.524231 19.0607796
v -39.5879211 101.475021 19.0607815
v -39.7931671 101.238297 19.2984085
v -41.1587982 102.260597 19.2984066
v -41.1964455 102.202011 19.3437462
v -39.8387718 101.185661 19.3437462
v -40.0873795 100.898918 19.5572205
v -41.4015427 101.88269 19.5572205
v -41.4459648 101.813568 19.5972672
v -40.1411819 100.83683 19.5972691
v -40.4280853 100.50589 19.7822437
v -41.6826744 101.445076 19.7822437
v -41.7329636 101.366806 19.816185
v -40.4889984 100.435593 19.816185
v -40.8083305 100.0672 19.9688969
v -41.9964638 100.956627 19.9688969
v -42.0516014 100.870834 19.9960384
v -40.8751183 99.9901199 19.9960384
v -41.2203903 99.5917892 20.1133804
v -42.3365364 100.427322 20.1133804
v -42.395401 100.335732 20.133173
v -41.2916908 99.5095062 20.133173
v -40.2992172 97.7911301 20.2127533
v -41.2179375 98.7098465 20.2127533
v -41.2922974 98.6240387 20.2247906
v -40.3850288 97.7167664 20.2247925
v -39.7192917 95.9416733 20.2649918
v -40.4390602 96.9031754 20.2649918
v -37.6580544 100.078934 18.7010689
v -38.9301414 101.351036 18.7010689
v -38.9567337 101.320343 18.7541332
v -37.688736 100.052353 18.7541332
v -37.8707314 99.8947525 19.0110722
v -39.1143303 101.138344 19.0110722
v -39.1508026 101.096252 19.0607815
v -37.9128151 99.858284 19.0607796
v -38.1496696 99.6531754 19.2984066
v -39.3559151 100.859406 19.2984066
v -39.4015121 100.806778 19.3437462
v -38.2022972 99.6075668 19.3437462
v -38.4891777 99.3591232 19.5572186
v -39.6499634 100.51989 19.5572186
v -39.7037659 100.457802 19.5972672
v -38.551281 99.3053131 19.5972691
v -38.8823471 99.0185776 19.7822437
v -39.990509 100.126724 19.7822437
v -40.0514221 100.056427 19.8161831
v -38.9526443 98.9576569 19.8161831
v -39.3211555 98.6384583 19.9688969
v -40.3706207 99.6879196 19.9688969
v -40.4374008 99.6108551 19.9960384
v -39.3982239 98.5716782 19.9960403
v -39.796669 98.2265244 20.1133804
v -40.7825546 99.2124023 20.1133804
v -40.8538513 99.1301193 20.133173
v -39.8789558 98.15522 20.133173
v -39.1411896 96.3131714 20.2127552
v -39.9197617 97.3532104 20.2127552
v -40.0055695 97.2788544 20.2247925
v -39.2367058 96.2517853 20.2247944
v -38.8303146 94.3999405 20.2649918
v -39.4059753 95.4541702 20.2649918
v -36.2012825 98.201767 18.7010689
v -37.2793961 99.6419525 18.7010689
v -37.3100853 99.6153641 18.7541332
v -36.2354431 98.1798172 18.7541351
v -36.4380226 98.0497208 19.0110722
v -37.4919777 99.4576416 19.0110741
v -37.5340576 99.4211731 19.0607815
v -36.4848633 98.0196228 19.0607815
v -36.748497 97.850296 19.2984066
v -37.7707825 99.2159119 19.2984066
v -37.8234062 99.170311 19.3437462
v -36.8070717 97.8126526 19.3437462
v -37.1264 97.6075592 19.5572205
v -38.110157 98.9217072 19.5572166
v -38.1722565 98.867897 19.5972691
v -37.1955223 97.5631409 19.5972672
v -37.5640373 97.3264465 19.7822437
v -38.5031853 98.5810013 19.7822418
v -38.5734863 98.5200806 19.8161831
v -37.6422882 97.2761536 19.8161869
v -38.0524826 97.0126572 19.9688988
v -38.9418755 98.2007446 19.9688988
v -39.01894 98.1339569 19.9960384
v -38.1382713 96.9575195 19.9960384
v -38.5817871 96.6725922 20.1133823
v -39.4172859 97.7886734 20.1133804
v -39.4995613 97.7173843 20.133173
v -38.6733742 96.613739 20.1331749
v -38.2052422 94.6853638 20.2127552
v -38.8279114 95.8256912 20.2127552
v -38.9234276 95.7643051 20.2247925
v -38.3085213 94.6382065 20.2247944
v -38.1698189 92.7473526 20.2649918
v -38.5895805 93.8727951 20.2649918
v -34.8554688 96.2144012 18.3747044
v -35.7305641 97.8170013 18.3747025
v -35.7513428 97.8036499 18.4300442
v -34.8779373 96.2041397 18.4300461
v -35.0264816 96.1363678 18.7010708
v -35.8886681 97.715332 18.7010689
v -35.922821 97.6933746 18.7541332
v -35.0634155 96.1194992 18.7541351
v -35.2824364 96.0195618 19.0110741
v -36.1253166 97.5631561 19.0110722
v -36.1721649 97.5330505 19.0607815
v -35.3330956 95.9964294 19.0607834
v -35.618145 95.8663635 19.2984085
v -36.4356918 97.3635712 19.2984085
v -36.4942665 97.3259277 19.3437481
v -35.6814842 95.8374405 19.3437481
v -36.0267448 95.6798706 19.5572224
v -36.8134842 97.1206512 19.5572224
v -36.8826065 97.0762329 19.5972691
v -36.1014824 95.6457443 19.5972672
v -36.4999313 95.4638977 19.7822456
v -37.2510071 96.8393631 19.7822456
v -37.329258 96.7890701 19.8161869
v -36.5845451 95.4252625 19.8161869
v -37.0280571 95.2228165 19.9688988
v -37.7393456 96.5254211 19.9688988
v -37.8251419 96.4702835 19.9960403
v -37.1208267 95.1804428 19.9960423
v -37.6003799 94.961525 20.1133823
v -38.2685738 96.1852188 20.1133823
v -38.360157 96.126358 20.1331749
v -37.6994133 94.9162979 20.1331749
v -37.5104713 92.9409332 20.2127552
v -37.9645233 94.1582794 20.2127552
v -38.0678101 94.1111145 20.2247925
v -37.6194229 92.9089432 20.2247944
v -37.7512398 91.0176468 20.2649918
v -38.006546 92.1913147 20.2649918
v -33.9772072 93.9776993 18.3747044
v -34.6153145 95.6885376 18.3747044
v -34.6377792 95.6782761 18.4300461
v -34.0009041 93.9707489 18.4300461
v -34.1575775 93.9248047 18.7010708
v -34.786274 95.6103973 18.7010708
v -34.8232117 95.5935287 18.7541351
v -34.1965446 93.9133606 18.7541351
v -34.4275627 93.8456116 19.0110741
v -35.0421715 95.493454 19.0110741
v -35.0928268 95.470314 19.0607834
v -34.4809914 93.8299255 19.0607834
v -34.7816505 93.7417374 19.2984085
v -35.3777885 95.3400726 19.2984085
v -35.4411278 95.311142 19.3437481
v -34.8484612 93.7221222 19.3437481
v -35.2126312 93.6152954 19.5572224
v -35.7863083 95.1533966 19.5572224
v -35.8610497 95.1192627 19.5972691
v -35.2914658 93.5921402 19.5972672
v -35.7117424 93.4688492 19.7822456
v -36.2594109 94.937233 19.7822456
v -36.3440208 94.8985825 19.816185
v -35.8009911 93.4426498 19.8161869
v -36.268795 93.3053818 19.9688988
v -36.7874565 94.6959686 19.9688988
v -36.8802223 94.6536102 19.9960423
v -36.3666496 93.2766418 19.9960403
v -36.8724709 93.1282043 20.1133823
v -37.3597069 94.4345398 20.1133804
v -37.458744 94.3893127 20.1331749
v -36.9769325 93.0975342 20.1331749
v -37.0710678 91.1154175 20.2127552
v -37.347229 92.3849487 20.2127533
v -37.4561729 92.3529587 20.2247925
v -37.1834526 91.0992584 20.2247925
v -37.5716248 89.0858383 20.2649918
v -37.6687737 90.4440384 20.2649918
v -33.4262161 91.6387863 18.3747044
v -33.8143387 93.4230042 18.3747044
v -33.8380356 93.4160461 18.4300461
v -33.4506645 91.6352692 18.4300461
v -33.6122818 91.6120987 18.7010708
v -33.9946785 93.3700027 18.7010708
v -34.0336418 93.358551 18.7541351
v -33.6524811 91.6063232 18.7541351
v -33.8907852 91.5721359 19.0110741
v -34.2646103 93.290657 19.0110741
v -34.3180466 93.274971 19.0607834
v -33.9459038 91.564209 19.0607834
v -34.2560501 91.5197144 19.2984085
v -34.6186485 93.1866074 19.2984066
v -34.6854668 93.1669769 19.3437481
v -34.3249779 91.5098038 19.34375
v -34.7006378 91.4558945 19.5572224
v -35.0495758 93.0599442 19.5572224
v -35.1284065 93.0367966 19.5972691
v -34.781971 91.4442062 19.597271
v -35.2155037 91.3819885 19.7822456
v -35.5486183 92.9133072 19.7822456
v -35.637867 92.8871002 19.816185
v -35.307579 91.3687439 19.816185
v -35.7901573 91.2994461 19.9688988
v -36.1056252 92.7496567 19.9688988
v -36.2034721 92.7209244 19.9960403
v -35.8911057 91.284935 19.9960403
v -36.4129066 91.2099915 20.1133823
v -36.7092514 92.5723343 20.1133823
v -36.8137169 92.5416565 20.1331749
v -36.520668 91.1944962 20.1331749
v -36.8862038 89.1102982 20.2127552
v -36.9886055 90.5418625 20.2127552
v -37.1009865 90.5257034 20.2247925
v -36.9994621 89.1062546 20.2247925
v -37.5509377 21.8813953 20.2650032
v -37.5509377 88.506691 20.2649918
v -33.2133865 89.241272 18.3747044
v -33.3439407 91.0665665 18.3747044
v -33.3683891 91.0630417 18.4300461
v -33.2380219 89.2403946 18.4300461
v -33.4008751 89.2345963 18.7010708
v -33.5299988 91.0397568 18.7010708
v -33.5701904 91.0339813 18.7541351
v -33.4413795 89.2331543 18.7541351
v -33.6815109 89.2245865 19.0110741
v -33.8084755 90.9996338 19.011076
v -33.8635902 90.9917068 19.0607834
v -33.7370529 89.2226028 19.0607834
v -34.0495644 89.2114716 19.2984085
v -34.1737061 90.9470215 19.2984085
v -34.2426376 90.9371109 19.3437481
v -34.11903 89.208992 19.3437481
v -34.49757 89.1955032 19.5572224
v -34.6182709 90.8830032 19.5572205
v -34.6996002 90.8713074 19.5972691
v -34.5795212 89.1925812 19.5972672
v -35.0163841 89.1770172 19.7822456
v -35.1331024 90.8088837 19.7822475
v -35.2251778 90.7956467 19.816185
v -35.1091652 89.1736984 19.816185
v -35.5954437 89.1563568 19.9688988
v -35.7077293 90.7261505 19.9688988
v -35.8086815 90.711647 19.9960423
v -35.6971741 89.1527252 19.9960423
v -36.2229881 89.1339645 20.1133823
v -36.3304634 90.6365509 20.1133823
v -36.4382248 90.6210556 20.1331749
v -36.3315773 89.1300964 20.133173
v -33.1228561 89.2445068 18.0386238
v -33.2541008 91.0795135 18.0386238
v -33.26231 91.078331 18.0951138
v -33.1311188 89.2442093 18.0951138
v -143.70874 102.122879 20.2127533
v -145.26062 102.011902 20.2127533
v -145.244461 101.899506 20.2247906
v -143.704697 102.009628 20.2247925
v -143.82309 105.327576 19.0110722
v -145.71843 105.192032 19.0110722
v -145.71051 105.136902 19.0607815
v -143.821106 105.272034 19.0607815
v -143.809967 104.959518 19.2984085
v -145.665802 104.826782 19.2984066
v -145.655899 104.757858 19.3437481
v -143.80748 104.89006 19.3437462
v -143.793991 104.51152 19.5572205
v -145.601776 104.382217 19.5572205
v -145.590088 104.300888 19.5972652
v -143.791061 104.42955 19.5972672
v -143.775482 103.992706 19.7822437
v -145.527649 103.867386 19.7822437
v -145.514404 103.775314 19.816185
v -143.772156 103.899918 19.816185
v -143.754822 103.413635 19.9688969
v -145.444931 103.292755 19.9688969
v -145.43042 103.191818 19.9960384
v -143.75119 103.311905 19.9960403
v -143.732422 102.786102 20.1133804
v -145.355316 102.670029 20.1133804
v -145.339813 102.562271 20.1331711
v -143.728546 102.677505 20.1331711
v -145.73642 101.249252 20.2649899
v -147.028 100.968285 20.2649899
v -146.290924 105.109711 19.0110722
v -148.127289 104.710236 19.0110741
v -148.111588 104.656799 19.0607815
v -146.28299 105.054596 19.0607815
v -146.238495 104.744446 19.2984047
v -148.023224 104.356201 19.2984066
v -148.003601 104.289383 19.3437462
v -146.228577 104.675507 19.3437481
v -146.174683 104.29985 19.5572205
v -147.896606 103.925278 19.5572186
v -147.873444 103.846436 19.5972691
v -146.162979 104.218521 19.5972652
v -146.100754 103.785004 19.7822418
v -147.749969 103.426224 19.7822418
v -147.723755 103.336975 19.8161831
v -146.087509 103.692917 19.8161869
v -146.018219 103.210327 19.9688969
v -147.586319 102.869217 19.9688969
v -147.557587 102.771362 19.9960403
v -146.003708 103.10939 19.9960384
v -145.928757 102.587585 20.1133804
v -147.408997 102.265579 20.1133804
v -147.378326 102.161118 20.133173
v -145.913269 102.479836 20.1331711
v -145.834183 101.929436 20.2127533
v -147.221619 101.627602 20.2127533
v -147.189636 101.518661 20.2247906
v -145.818024 101.817039 20.2247925
v -147.58403 100.805008 20.2649899
v -148.822357 100.34314 20.2649899
v -148.682251 104.547272 19.0110722
v -150.443039 103.890533 19.0110722
v -150.419907 103.839874 19.0607815
v -148.66655 104.493851 19.0607796
v -148.578369 104.193192 19.2984066
v -150.289658 103.554901 19.2984066
v -150.260742 103.491577 19.3437462
v -148.558746 104.126373 19.3437462
v -148.451935 103.762207 19.5572186
v -150.102982 103.146393 19.5572186
v -150.068848 103.071655 19.5972672
v -148.428787 103.683365 19.5972691
v -148.305496 103.263107 19.7822437
v -149.88681 102.673294 19.7822437
v -149.84816 102.588684 19.8161831
v -148.279297 103.173859 19.8161831
v -148.142029 102.706039 19.9688969
v -149.645538 102.145256 19.9688969
v -149.60318 102.052498 19.9960403
v -148.113312 102.608185 19.9960384
v -147.964874 102.102356 20.1133804
v -149.384125 101.572998 20.1133785
v -149.338898 101.473961 20.133173
v -147.934204 101.997894 20.1331711
v -147.777588 101.464348 20.2127533
v -149.107849 100.968185 20.2127533
v -149.060684 100.864914 20.2247906
v -147.745605 101.355408 20.2247925
v -149.349503 100.102394 20.2649899
v -150.509552 99.4689484 20.2649899
v -150.969162 103.650269 19.0110722
v -152.618576 102.749603 19.0110741
v -152.58847 102.702744 19.0607796
v -150.946014 103.599609 19.0607815
v -150.815948 103.31456 19.2984066
v -152.419006 102.439217 19.2984047
v -152.381348 102.380638 19.3437462
v -150.787018 103.251221 19.3437462
v -150.629456 102.90596 19.5572205
v -152.176071 102.061424 19.5572205
v -152.131653 101.992317 19.5972672
v -150.595322 102.831223 19.5972652
v -150.413483 102.432785 19.7822437
v -151.894791 101.623917 19.7822418
v -151.844498 101.545662 19.816185
v -150.374832 102.348175 19.8161831
v -150.172394 101.904655 19.9688969
v -151.580826 101.135574 19.9688969
v -151.525681 101.049767 19.9960403
v -150.13002 101.811882 19.9960403
v -149.911118 101.332336 20.1133804
v -151.240616 100.606346 20.1133804
v -151.181763 100.514763 20.1331711
v -149.865875 101.233307 20.1331711
v -149.634933 100.72747 20.2127533
v -150.881088 100.047012 20.2127533
v -150.819702 99.9514999 20.2247906
v -149.587769 100.624191 20.2247906
v -150.99707 99.1556396 20.2649899
v -152.055161 98.3635864 20.2649899
v -153.105133 102.436897 19.0110741
v -154.609619 101.310684 19.0110722
v -154.573151 101.2686 19.0607815
v -153.075043 102.39006 19.0607815
v -152.905731 102.126419 19.2984066
v -154.367889 101.031883 19.2984066
v -154.322296 100.979248 19.3437462
v -152.868073 102.067833 19.3437481
v -152.662994 101.748512 19.5572205
v -154.073669 100.692505 19.5572205
v -154.019867 100.630409 19.5972672
v -152.618561 101.67939 19.5972652
v -152.381851 101.31089 19.7822418
v -153.732971 100.299469 19.7822437
v -153.672058 100.229179 19.816185
v -152.331573 101.232643 19.816185
v -152.068069 100.822449 19.9688969
v -153.352722 99.8607864 19.9688969
v -153.285934 99.7837067 19.9960384
v -152.012939 100.736656 19.9960403
v -151.727997 100.293137 20.1133804
v -152.940659 99.3853683 20.1133785
v -152.86937 99.3030777 20.133173
v -151.669128 100.201553 20.133173
v -151.368561 99.7337341 20.2127533
v -152.505188 98.8828888 20.2127533
v -152.430847 98.7970886 20.2247906
v -151.307175 99.6382217 20.2247906
v -152.493134 97.9840927 20.2649899
v -153.427734 97.0494843 20.2649918
v -154.805145 100.652992 19.2984066
v -156.096649 99.361496 19.2984066
v -156.044037 99.3158798 19.3437462
v -154.759552 100.600365 19.3437462
v -154.511108 100.313477 19.5572205
v -155.757141 99.0674362 19.5572205
v -155.695038 99.0136337 19.5972672
v -154.457291 100.251389 19.5972672
v -154.170563 99.920311 19.7822418
v -155.363968 98.7268982 19.7822418
v -155.293671 98.6659775 19.816185
v -154.109634 99.8500137 19.816185
v -153.790436 99.4815063 19.9688969
v -154.925156 98.3467865 19.9688969
v -154.848083 98.2799988 19.9960403
v -153.723663 99.4044342 19.9960403
v -153.37851 99.0059891 20.1133804
v -154.449631 97.9348526 20.1133804
v -154.36734 97.8635559 20.1331711
v -153.307205 98.9237061 20.133173
v -152.943115 98.5034256 20.2127533
v -153.947083 97.4994659 20.2127533
v -153.861267 97.4251022 20.2247906
v -152.868759 98.4176254 20.2247906
v -153.807236 96.6115112 20.2649918
v -154.599335 95.5533905 20.2649918
v -156.966934 99.3502579 18.7010689
v -158.11731 97.8135376 18.7010689
v -158.08313 97.7915878 18.7541332
v -156.936249 99.3236694 18.7541332
v -156.754364 99.165947 19.0110741
v -157.880585 97.6614914 19.0110741
v -157.833725 97.6313782 19.0607815
v -156.712265 99.1294785 19.0607796
v -156.47554 98.9242249 19.2984066
v -157.570099 97.4620514 19.2984066
v -157.51152 97.424408 19.3437462
v -156.422913 98.878624 19.3437462
v -156.136169 98.6300201 19.5572205
v -157.1922 97.2193222 19.5572224
v -157.123077 97.1748886 19.5972691
v -156.074066 98.5762177 19.5972672
v -155.743134 98.2893219 19.7822418
v -156.754578 96.9381943 19.7822437
v -156.676315 96.8879013 19.8161869
v -155.672821 98.2284012 19.816185
v -155.304443 97.9090576 19.9688969
v -156.266129 96.6243973 19.9688988
v -156.180328 96.5692596 19.9960423
v -155.227371 97.8422775 19.9960384
v -154.82901 97.4970093 20.1133804
v -155.736816 96.284317 20.1133823
v -155.645233 96.2254639 20.1331749
v -154.74675 97.4257202 20.1331711
v -154.326538 97.0615463 20.2127552
v -155.177429 95.9248886 20.2127533
v -155.081909 95.8634949 20.2247925
v -154.240723 96.9871902 20.2247925
v -154.912628 95.0658798 20.2649918
v -155.546051 93.9058914 20.2649918
v -158.429932 97.327095 18.7010708
v -159.349884 95.6422958 18.7010708
v -159.312958 95.6254349 18.7541351
v -158.395752 97.3051453 18.7541332
v -158.193268 97.1749268 19.0110741
v -159.093933 95.5255051 19.0110741
v -159.043274 95.5023727 19.0607834
v -158.146423 97.1448135 19.0607834
v -157.882904 96.9753265 19.2984085
v -158.758209 95.3722992 19.2984085
v -158.694885 95.3433685 19.3437481
v -157.82431 96.9376831 19.3437481
v -157.505112 96.7324219 19.5572224
v -158.349609 95.1857986 19.5572205
v -158.274872 95.1516724 19.5972691
v -157.435989 96.6879959 19.597271
v -157.067596 96.4511108 19.7822437
v -157.876434 94.9698257 19.7822475
v -157.791809 94.9311905 19.816185
v -156.989349 96.4008179 19.816185
v -156.579254 96.1371536 19.9688988
v -157.348297 94.7287598 19.9688988
v -157.255539 94.6863861 19.9960403
v -156.493469 96.082016 19.9960423
v -156.050034 95.7969437 20.1133823
v -156.77597 94.4674683 20.1133823
v -156.676941 94.4222412 20.1331749
v -155.95845 95.7380905 20.133173
v -155.490692 95.4374084 20.2127552
v -156.171112 94.1913147 20.2127552
v -156.067841 94.1441574 20.2247925
v -155.395187 95.3760223 20.2247944
v -155.786774 93.378746 20.2649918
v -156.248688 92.1403351 20.2649918
v -159.590088 95.1163254 18.7010708
v -160.260925 93.3177643 18.7010708
v -160.221954 93.3063202 18.7541351
v -159.553162 95.0994644 18.7541351
v -159.334198 94.999382 19.0110741
v -159.990936 93.2385712 19.011076
v -159.9375 93.2228851 19.0607834
v -159.283539 94.9762497 19.0607815
v -158.998566 94.8460083 19.2984085
v -159.636856 93.134697 19.2984085
v -159.570038 93.1150818 19.3437481
v -158.935226 94.8170776 19.3437481
v -158.590057 94.6593246 19.5572224
v -159.205872 93.0082626 19.5572205
v -159.127029 92.9851074 19.5972691
v -158.51532 94.625206 19.597271
v -158.116943 94.443161 19.7822456
v -158.706757 92.8618317 19.7822456
v -158.617508 92.8356247 19.816185
v -158.032349 94.4045181 19.816185
v -157.588898 94.2019119 19.9688988
v -158.149704 92.6983643 19.9688988
v -158.051849 92.6696243 19.9960403
v -157.49614 94.1595383 19.9960403
v -157.016647 93.9404831 20.1133823
v -157.546021 92.5211868 20.1133823
v -157.441559 92.490509 20.1331749
v -156.917618 93.895256 20.1331749
v -156.411835 93.6642227 20.2127552
v -156.90802 92.3339081 20.2127552
v -156.799072 92.301918 20.2247925
v -156.308563 93.6170654 20.2247925
v -156.411957 91.5842896 20.2649918
v -156.692902 90.2927704 20.2649918
v -160.423828 92.7629623 18.7010708
v -160.831848 90.8872223 18.7010708
v -160.791656 90.8814392 18.7541351
v -160.384857 92.7515106 18.7541351
v -159.799866 92.579567 19.2984085
v -160.188095 90.794838 19.2984085
v -160.119171 90.7849274 19.3437481
v -159.733032 92.5599442 19.3437481
v -159.368927 92.452919 19.5572224
v -159.7435 90.7310181 19.5572205
v -159.66217 90.7193298 19.5972691
v -159.2901 92.4297714 19.5972672
v -158.869873 92.3062897 19.7822437
v -159.228638 90.6571045 19.7822456
v -159.136566 90.6438675 19.816185
v -158.78064 92.2800827 19.816185
v -158.312866 92.1426392 19.9688988
v -158.653992 90.5745697 19.9688988
v -158.55304 90.5600586 19.9960423
v -158.215027 92.1138992 19.9960403
v -157.709244 91.9653015 20.1133823
v -158.03125 90.4851151 20.1133823
v -157.923462 90.4696198 20.1331749
v -157.604782 91.9346237 20.1331768
v -157.071274 91.777916 20.2127552
v -157.373077 90.3905411 20.2127552
v -157.260681 90.374382 20.2247925
v -156.962341 91.7459259 20.2247925
v -156.775375 89.719162 20.2649918
v -156.881119 88.2406769 20.2649918
v -160.914154 90.3148804 18.7010708
v -161.051865 88.3894424 18.7010708
v -161.011353 88.3880005 18.7541351
v -160.873962 90.3090973 18.7541351
v -160.270447 90.2221451 19.2984085
v -160.403168 88.3663101 19.2984085
v -160.33371 88.3638382 19.3437481
v -160.201508 90.2122345 19.34375
v -159.825867 90.1581192 19.5572224
v -159.95517 88.3503418 19.5572224
v -159.87323 88.3474197 19.5972691
v -159.744537 90.146431 19.5972691
v -159.311035 90.0840073 19.7822456
v -159.436371 88.3318558 19.7822456
v -159.343567 88.3285446 19.816185
v -159.218964 90.0707703 19.816185
v -158.73642 90.0012741 19.9688988
v -158.8573 88.3111954 19.9688988
v -158.755569 88.3075638 19.9960423
v -158.635468 89.9867706 19.9960423
v -158.113678 89.9116745 20.1133823
v -158.229767 88.2888107 20.1133823
v -158.12117 88.2849274 20.1331749
v -158.00592 89.8961792 20.1331749
v -157.455536 89.8169861 20.2127552
v -157.566528 88.2651367 20.2127552
v -157.453278 88.2610931 20.2247925
v -157.343155 89.800827 20.2247925
v -50.5024719 101.458153 20.2649899
v -143.105118 101.458153 20.2649899
v -50.3533401 105.628876 18.7010689
v -143.254272 105.628876 18.7010689
v -143.252823 105.588379 18.7541332
v -50.3547859 105.588379 18.7541351
v -50.3633842 105.348251 19.0110722
v -143.244217 105.348251 19.0110741
v -143.242233 105.292709 19.0607815
v -50.3653679 105.292709 19.0607815
v -50.3765526 104.980194 19.2984085
v -143.231049 104.980194 19.2984085
v -143.228561 104.910736 19.3437462
v -50.3790321 104.910736 19.3437443
v -50.3925819 104.532196 19.5572205
v -143.215012 104.532196 19.5572186
v -143.212082 104.450241 19.5972672
v -50.3955078 104.450241 19.5972691
v -50.4111366 104.013382 19.7822437
v -143.196457 104.013382 19.7822418
v -143.193146 103.920593 19.8161831
v -50.4144516 103.920593 19.8161869
v -50.4318466 103.434311 19.9688969
v -143.175751 103.434311 19.9688969
v -143.172119 103.332596 19.9960403
v -50.4354782 103.332596 19.9960384
v -50.4542809 102.806778 20.1133804
v -143.15332 102.806778 20.1133804
v -143.149445 102.698196 20.133173
v -50.4581566 102.698196 20.1331711
v -50.4779816 102.143562 20.2127533
v -143.129608 102.143562 20.2127533
v -143.125565 102.030312 20.2247906
v -50.482029 102.030312 20.2247906
v -45.1363029 100.419495 20.2649899
v -46.2616997 100.839249 20.2649899
v -50.3466263 105.816376 18.3747025
v -143.260971 105.816376 18.3747025
v -143.260101 105.791733 18.4300442
v -50.3475075 105.791733 18.4300442
v -153.103622 16.7310543 20.2127666
v -152.857986 16.677618 20.2127666
v -152.841827 16.789999 20.2248039
v -153.071625 16.8399944 20.2248039
v -151.45343 12.7834835 18.0386372
v -42.0410194 12.7834797 18.0386372
v -42.0413132 12.79175 18.0951271
v -151.45314 12.79175 18.0951271
v -154.141678 13.1981564 18.3747177
v -153.381348 13.0327587 18.3747177
v -153.377838 13.0572071 18.4300594
v -154.134735 13.2218571 18.4300594
v -154.088669 13.3785 18.7010841
v -153.35466 13.2188282 18.7010841
v -153.348877 13.259016 18.7541485
v -154.07724 13.4174633 18.7541485
v -154.009323 13.6484318 19.0110874
v -153.314697 13.4973278 19.0110874
v -153.306763 13.5524502 19.0607967
v -153.993637 13.7018642 19.0607967
v -153.905273 14.00247 19.2984219
v -153.262268 13.8625927 19.2984219
v -153.252365 13.9315166 19.3437614
v -153.885651 14.0692806 19.3437614
v -153.778625 14.4333935 19.5572357
v -153.198456 14.307188 19.5572357
v -153.186768 14.3885136 19.5972824
v -153.755493 14.5122318 19.5972824
v -153.631989 14.9324398 19.782259
v -153.124542 14.8220501 19.7822571
v -153.111298 14.9141216 19.8161983
v -153.605774 15.0216885 19.8162003
v -153.468338 15.4894466 19.9689102
v -153.042007 15.3967037 19.9689121
v -153.027496 15.4976521 19.9960537
v -153.439606 15.5873013 19.9960518
v -153.291016 16.0930843 20.1133938
v -152.95256 16.0194569 20.1133938
v -152.937057 16.1272144 20.1331863
v -153.260345 16.1975422 20.1331863
v -152.68959 13.7802525 19.2984219
v -151.999191 13.730875 19.2984238
v -151.996704 13.800333 19.3437614
v -152.679672 13.8491764 19.3437614
v -152.625565 14.2248135 19.5572357
v -151.983231 14.1788731 19.5572357
v -151.980301 14.260828 19.5972824
v -152.613876 14.3061428 19.5972824
v -152.551437 14.7396488 19.782259
v -151.964722 14.6976871 19.782259
v -151.961411 14.7904682 19.8161983
v -152.538208 14.8317204 19.8161983
v -152.468719 15.3142757 19.9689121
v -151.944077 15.2767544 19.9689121
v -151.940445 15.3784771 19.9960556
v -152.454208 15.4152241 19.9960556
v -152.379105 15.937006 20.1133938
v -151.921692 15.9042873 20.1133938
v -151.917801 16.0128803 20.1331863
v -152.363617 16.0447636 20.1331844
v -152.284424 16.5951481 20.2127666
v -151.89801 16.5675106 20.2127647
v -151.893967 16.6807652 20.2248039
v -152.26828 16.7075367 20.2248039
v -152.1866 17.2753201 20.2650032
v -151.873535 17.2529278 20.2650032
v -153.895172 16.9821644 20.2127666
v -153.659607 16.8943043 20.2127666
v -153.627625 17.0032482 20.2248039
v -153.847992 17.0854435 20.2248039
v -155.42543 13.6329517 18.3747177
v -154.696381 13.3610287 18.3747177
v -154.689423 13.3847256 18.4300594
v -155.415161 13.6554203 18.4300594
v -155.34729 13.803915 18.7010841
v -154.643463 13.5414028 18.7010841
v -154.632034 13.5803661 18.7541485
v -155.330414 13.8408527 18.7541485
v -155.230347 14.0598125 19.0110874
v -154.56427 13.8113842 19.0110874
v -154.548584 13.8648167 19.0607967
v -155.207214 14.1104679 19.0607967
v -155.076965 14.3954334 19.2984219
v -154.460419 14.165472 19.2984219
v -154.440796 14.2322865 19.3437614
v -155.048035 14.4587765 19.3437614
v -154.890289 14.8039494 19.5572357
v -154.333969 14.5964565 19.5572357
v -154.310822 14.6752911 19.5972824
v -154.856155 14.8786869 19.5972824
v -154.674103 15.2770481 19.782259
v -154.187531 15.0955601 19.782259
v -154.161316 15.1848125 19.8161983
v -154.635468 15.3616619 19.8161983
v -154.432861 15.8050976 19.9689102
v -154.024063 15.6526203 19.9689102
v -153.995331 15.7504749 19.9960537
v -154.390503 15.8978596 19.9960518
v -154.171448 16.3773518 20.1133938
v -153.846893 16.2563 20.1133938
v -153.816223 16.3607616 20.1331863
v -154.126205 16.4763851 20.1331863
v -154.642883 17.3433514 20.2127666
v -154.422256 17.2228794 20.2127666
v -154.375092 17.3261547 20.2248039
v -154.581512 17.4388676 20.2248039
v -154.881577 18.326582 20.2650032
v -154.758881 18.234724 20.2650032
v -156.634232 14.2460194 18.3747177
v -155.951294 13.8731098 18.3747177
v -155.94104 13.8955746 18.4300594
v -156.62088 14.266798 18.4300594
v -156.532562 14.4041195 18.7010841
v -155.87326 14.0441189 18.7010841
v -155.856384 14.0810566 18.7541485
v -156.510605 14.4382763 18.7541466
v -156.380371 14.6407642 19.0110874
v -155.756454 14.3000813 19.0110874
v -155.733322 14.3507366 19.0607967
v -156.350281 14.6876125 19.0607967
v -156.180786 14.9511395 19.2984219
v -155.603256 14.6357822 19.2984219
v -155.574326 14.6991253 19.3437614
v -156.143158 15.0097256 19.3437614
v -155.937881 15.3289318 19.5572357
v -155.416763 15.0443859 19.5572357
v -155.382629 15.1191235 19.5972824
v -155.893463 15.3980541 19.5972824
v -155.656586 15.7664509 19.7822571
v -155.200775 15.5175686 19.7822552
v -155.16214 15.6021824 19.8161964
v -155.606293 15.8447018 19.8161964
v -155.342621 16.2547894 19.9689102
v -154.959717 16.0456982 19.9689102
v -154.917343 16.138464 19.9960518
v -155.287491 16.3405819 19.9960518
v -155.002426 16.7840099 20.1133938
v -154.698425 16.6180134 20.1133938
v -154.653198 16.7170506 20.1331863
v -154.943573 16.8756046 20.1331863
v -156.683319 14.1696758 18.0386372
v -155.988983 13.7905331 18.0386372
v -155.985535 13.7980709 18.0951271
v -156.678833 14.1766491 18.0951271
v -155.331604 17.8072796 20.2127666
v -155.130371 17.6566296 20.2127666
v -155.06897 17.7521458 20.2248039
v -155.257248 17.8930874 20.2248039
v -155.427963 18.8145008 20.2650032
v -155.31955 18.7060871 20.2650032
v -157.620331 15.1668949 18.7010841
v -157.018982 14.7167339 18.7010841
v -156.99704 14.7508907 18.7541466
v -157.59375 15.197588 18.7541485
v -157.436035 15.3794765 19.0110874
v -156.866943 14.9534664 19.0110874
v -156.836838 15.0003109 19.0607967
v -157.399567 15.4215641 19.0607967
v -157.194305 15.6582928 19.2984219
v -156.667526 15.2639446 19.2984219
v -156.629883 15.3225231 19.3437614
v -157.148712 15.7109165 19.3437595
v -156.900085 15.9976673 19.5572338
v -156.424774 15.6418476 19.5572338
v -156.380371 15.7109699 19.5972805
v -156.846283 16.059763 19.5972805
v -156.559387 16.3906918 19.7822552
v -156.143661 16.0794773 19.7822571
v -156.093369 16.1577282 19.8161964
v -156.498474 16.4609966 19.8161983
v -156.179138 16.8293819 19.9689102
v -155.829865 16.5679188 19.9689102
v -155.774719 16.6537113 19.9960518
v -156.11235 16.9064579 19.9960537
v -155.767075 17.3048038 20.1133938
v -155.489807 17.0972271 20.1133938
v -155.430939 17.1888142 20.1331863
v -155.695786 17.3870792 20.1331844
v -155.947296 18.3645229 20.2127666
v -155.769531 18.1867428 20.2127666
v -155.69516 18.2725506 20.2248039
v -155.861496 18.4388752 20.2248039
v -155.899323 19.375185 20.2650032
v -155.807465 19.2524662 20.2650032
v -158.730591 15.9536686 18.3747158
v -158.180389 15.4034557 18.3747177
v -158.1642 15.4221249 18.4300594
v -158.711929 15.9698429 18.4300575
v -158.588501 16.0767193 18.7010822
v -158.057312 15.545557 18.7010822
v -158.030731 15.5762463 18.7541466
v -158.5578 16.1033115 18.7541466
v -157.757355 16.7965374 19.5572338
v -157.337509 16.376688 19.5572338
v -157.283691 16.4387836 19.5972805
v -157.695251 16.8503437 19.5972805
v -157.364197 17.1370831 19.7822571
v -156.996964 16.7698574 19.7822552
v -156.93605 16.8401585 19.8161983
v -157.293884 17.1979961 19.8161964
v -156.925385 17.5171909 19.9689102
v -156.616852 17.2086658 19.9689102
v -156.550064 17.2857418 19.9960537
v -156.848297 17.5839787 19.9960537
v -156.44986 17.9291325 20.1133938
v -156.20491 17.6841946 20.1133938
v -156.133606 17.7664738 20.1331863
v -156.367584 18.0004292 20.1331844
v -156.477417 19.0036983 20.2127666
v -156.326752 18.8024502 20.2127666
v -156.240967 18.8767986 20.2248039
v -156.381912 19.0650845 20.2248058
v -156.286087 19.997221 20.2650032
v -156.212646 19.8627071 20.2650032
v -159.575485 17.013483 18.3747158
v -159.109177 16.3905735 18.3747158
v -159.090515 16.4067516 18.4300575
v -159.554703 17.0268383 18.4300575
v -159.417328 17.1150646 18.7010822
v -158.967163 16.5137157 18.7010822
v -158.936462 16.540308 18.7541466
v -159.383148 17.1370182 18.7541466
v -159.180588 17.2671146 19.0110855
v -158.754578 16.6980228 19.0110855
v -158.712479 16.7344875 19.0607948
v -159.133728 17.2972164 19.0607948
v -158.870102 17.4665318 19.2984219
v -158.475754 16.9397449 19.29842
v -158.423126 16.9853497 19.3437595
v -158.811523 17.5041752 19.3437595
v -158.492203 17.7092724 19.5572338
v -158.136383 17.2339535 19.5572338
v -158.07428 17.2877598 19.5972805
v -158.42308 17.7536945 19.5972786
v -158.054565 17.9903927 19.7822571
v -157.743347 17.5746555 19.7822571
v -157.67305 17.6355686 19.8161964
v -157.976318 18.0406857 19.8161964
v -157.566132 18.3041859 19.9689102
v -157.304657 17.9549084 19.9689102
v -157.2276 18.0216961 19.9960518
v -157.480347 18.3593235 19.9960537
v -157.036835 18.6442585 20.1133938
v -156.829254 18.3669643 20.1133938
v -156.746964 18.4382648 20.1331863
v -156.945221 18.7031231 20.1331863
v -156.911163 19.7117939 20.2127666
v -156.79071 19.4911709 20.2127666
v -156.69519 19.5525532 20.2248039
v -156.807892 19.7589626 20.2248058
v -156.580414 20.6680202 20.2650032
v -156.526825 20.5243664 20.2650032
v -160.260925 18.1827564 18.3747158
v -159.888031 17.4998226 18.3747158
v -159.867249 17.5131779 18.4300575
v -160.238464 18.193018 18.4300575
v -160.089935 18.2607899 18.7010822
v -159.729919 17.6014996 18.7010822
v -159.69577 17.6234531 18.7541466
v -160.052994 18.2776585 18.7541466
v -159.833954 18.3775959 19.0110855
v -159.493286 17.7536755 19.0110855
v -159.446442 17.7837849 19.0607948
v -159.78331 18.4007282 19.0607948
v -159.49826 18.530798 19.29842
v -159.182907 17.9532604 19.2984219
v -159.124329 17.9909039 19.3437595
v -159.434921 18.5597248 19.3437595
v -159.089661 18.7172871 19.5572338
v -158.805115 18.1961727 19.5572338
v -158.735992 18.2405987 19.5972805
v -159.014923 18.7514172 19.5972805
v -158.616486 18.9332676 19.7822571
v -158.367599 18.4774761 19.782259
v -158.289337 18.5277653 19.8161964
v -158.53186 18.9719067 19.8161964
v -158.088348 19.1743488 19.9689102
v -157.879272 18.7914257 19.9689102
v -157.793457 18.8465633 19.9960537
v -157.995575 19.216711 19.9960537
v -157.516022 19.4356289 20.1133938
v -157.350037 19.1316319 20.1133938
v -157.258453 19.1904964 20.1331863
v -157.416992 19.4808559 20.1331863
v -157.239746 20.4744473 20.2127666
v -157.151886 20.2388821 20.2127666
v -157.048615 20.2860508 20.2248039
v -157.130798 20.5064373 20.2248058
v -156.776276 21.3738613 20.2650032
v -156.743683 21.2240505 20.2650032
v -160.592651 19.4905834 18.7010822
v -160.330124 18.7867641 18.7010822
v -160.293182 18.8036327 18.7541466
v -160.55368 19.5020199 18.7541466
v -160.322662 19.5697727 19.0110855
v -160.074234 18.9037151 19.0110874
v -160.023575 18.9268475 19.0607929
v -160.269226 19.5854664 19.0607967
v -159.968582 19.6736469 19.29842
v -159.738617 19.0570927 19.29842
v -159.675262 19.0860195 19.3437595
v -159.901764 19.6932659 19.3437614
v -159.537598 19.8000813 19.5572338
v -159.330093 19.2437649 19.5572338
v -159.255356 19.2779026 19.5972805
v -159.458755 19.8232288 19.5972805
v -159.038483 19.9465275 19.7822571
v -158.856995 19.4599361 19.7822552
v -158.772369 19.498579 19.8161964
v -158.949234 19.9727383 19.8161964
v -158.481415 20.1099911 19.9689102
v -158.328949 19.701189 19.9689102
v -158.236176 19.7435589 19.9960537
v -158.383575 20.1387234 19.9960537
v -157.877747 20.2871685 20.1133938
v -157.756699 19.9626179 20.1133938
v -157.657669 20.0078411 20.1331863
v -157.773285 20.3178425 20.1331863
v -157.456451 21.2760983 20.2127666
v -157.403 21.0304317 20.2127666
v -157.294067 21.0624218 20.2248039
v -157.344055 21.2922535 20.2248058
v -161.101288 20.7527027 18.3747158
v -160.935883 19.9923725 18.3747158
v -160.912201 19.9993305 18.4300575
v -161.076843 20.756216 18.4300575
v -160.915222 20.7794018 18.7010822
v -160.755554 20.0453815 18.7010822
v -160.716583 20.0568295 18.7541466
v -160.875031 20.7851772 18.7541466
v -160.636719 20.8193607 19.0110855
v -160.485626 20.1247349 19.0110855
v -160.43219 20.1404209 19.0607948
v -160.581604 20.8272839 19.0607929
v -160.271469 20.8717861 19.29842
v -160.131592 20.2287846 19.29842
v -160.064774 20.2484074 19.3437595
v -160.202545 20.8816967 19.3437595
v -159.826874 20.935606 19.5572338
v -159.700653 20.3554211 19.5572338
v -159.621826 20.3785686 19.5972805
v -159.745544 20.9473057 19.5972805
v -159.312012 21.0095348 19.7822571
v -159.201599 20.5020618 19.7822571
v -159.112366 20.528265 19.8161964
v -159.21994 21.0227718 19.8161964
v -158.737366 21.0920658 19.9689102
v -158.644608 20.6657162 19.9689102
v -158.546753 20.6944447 19.9960537
v -158.636414 21.1065769 19.9960518
v -158.114594 21.1815205 20.1133938
v -158.04097 20.8430424 20.1133938
v -157.936508 20.8737125 20.1331863
v -158.006836 21.1970158 20.1331863
v -157.566528 22.2360249 20.2127666
v -157.53891 21.8496571 20.2127647
v -157.426514 21.8658161 20.2248039
v -157.453278 22.2400684 20.2248039
v -41.6209106 17.2529278 20.2650032
v -41.4442253 17.2655621 20.2650032
v -161.239349 22.1050587 18.3747158
v -161.183563 21.3249302 18.3747158
v -161.159119 21.3284473 18.4300575
v -161.214722 22.1059399 18.4300575
v -160.77124 22.1217365 19.0110855
v -160.71904 21.3918552 19.0110874
v -160.66391 21.3997822 19.0607948
v -160.715698 22.1237164 19.0607948
v -159.95517 22.1508198 19.5572338
v -159.909241 21.5084972 19.5572338
v -159.827911 21.5201931 19.5972805
v -159.87323 22.1537495 19.5972786
v -159.436371 22.1693211 19.7822571
v -159.394409 21.5826321 19.7822571
v -159.302338 21.5958691 19.8161964
v -159.343582 22.1726322 19.8161964
v -158.8573 22.1899738 19.9689102
v -158.819778 21.66535 19.9689102
v -158.718842 21.6798611 19.9960537
v -158.755569 22.1936054 19.9960537
v -158.229767 22.2123585 20.1133938
v -158.197052 21.7549686 20.1133938
v -158.089294 21.7704601 20.1331863
v -158.12117 22.2162342 20.1331863
v -156.901794 87.6615295 20.2649918
v -156.901794 22.8396435 20.2650032
v -161.07254 87.8106155 18.7010708
v -161.07254 22.6905613 18.7010822
v -161.032043 22.6920147 18.7541466
v -161.032043 87.8091736 18.7541351
v -160.423843 87.7873993 19.2984104
v -160.423843 22.7137699 19.2984219
v -160.354385 22.7162495 19.3437595
v -160.354385 87.7849274 19.3437481
v -159.975845 87.7713776 19.5572224
v -159.975845 22.7297916 19.5572338
v -159.89389 22.7327175 19.5972805
v -159.89389 87.7684555 19.5972691
v -159.457031 87.7528381 19.7822456
v -159.457031 22.7483387 19.7822571
v -159.364258 22.7516537 19.8161964
v -159.364258 87.7495193 19.816185
v -158.87796 87.7321396 19.9688988
v -158.87796 22.7690372 19.9689102
v -158.776245 22.7726765 19.9960537
v -158.776245 87.7285004 19.9960403
v -158.250443 87.7097015 20.1133823
v -158.250443 22.7914677 20.1133938
v -158.141846 22.7953434 20.1331863
v -158.141846 87.7058182 20.133173
v -157.587219 87.6860046 20.2127552
v -157.587219 22.8151608 20.2127666
v -157.473969 22.8192043 20.2248039
v -157.473969 87.6819611 20.2247925
v -152.910004 17.3903751 20.2650032
v -152.760223 17.3577938 20.2650032
v -41.5964432 16.5675106 20.2127666
v -41.346405 16.5853939 20.2127666
v -41.3625641 16.6977787 20.2248039
v -41.6004829 16.6807652 20.2248039
v -41.4654617 12.8946896 18.3747177
v -40.8217163 12.9407291 18.3747177
v -40.8252335 12.9651737 18.4300594
v -41.4663429 12.9193249 18.4300594
v -41.4721413 13.0821781 18.7010841
v -40.8485222 13.1267796 18.7010841
v -40.8543053 13.166975 18.7541485
v -41.4735909 13.1226826 18.7541485
v -41.4821396 13.3628139 19.0110874
v -40.8886414 13.4052601 19.0110874
v -40.8965683 13.4603825 19.0607967
v -41.4841194 13.4183559 19.0607967
v -41.5112305 14.1788731 19.5572357
v -41.0052719 14.2150593 19.5572357
v -41.016964 14.2963848 19.5972824
v -41.5141563 14.2608242 19.5972824
v -41.5503807 15.2767544 19.9689121
v -41.1621132 15.3045216 19.9689121
v -41.1766243 15.4054699 19.9960556
v -41.5540161 15.3784771 19.9960556
v -41.572773 15.9042873 20.1133938
v -41.2517242 15.9272518 20.1133938
v -41.2672195 16.0350094 20.1331863
v -41.5766487 16.0128803 20.1331863
v -40.2761841 13.209074 18.7010841
v -39.6757698 13.3396816 18.7010841
v -39.6872101 13.3786449 18.7541485
v -40.2819633 13.2492657 18.7541485
v -40.3161469 13.4875774 19.0110874
v -39.7551155 13.6096172 19.0110874
v -39.7708092 13.6630535 19.0607967
v -40.32407 13.542696 19.0607967
v -40.3685646 13.8528385 19.2984219
v -39.8591652 13.9636517 19.2984238
v -39.878788 14.0304661 19.3437614
v -40.3784714 13.9217663 19.3437614
v -40.4323845 14.29743 19.5572357
v -39.9858093 14.3945789 19.5572357
v -40.0089569 14.4734097 19.5972824
v -40.4440727 14.3787556 19.5972824
v -40.588829 15.3869495 19.9689121
v -40.2960968 15.4506283 19.9689121
v -40.3248291 15.5484829 19.9960537
v -40.6033401 15.4878979 19.9960537
v -40.6782799 16.0096989 20.1133938
v -40.473423 16.054266 20.1133938
v -40.504097 16.1587238 20.1331863
v -40.6937752 16.1174603 20.1331863
v -40.7728462 16.6678638 20.2127666
v -40.6608086 16.6922359 20.2127666
v -40.6927986 16.8011723 20.2248039
v -40.7890091 16.7802448 20.2248058
v -40.2494888 13.0230007 18.3747177
v -39.6227608 13.159338 18.3747177
v -39.6297226 13.1830387 18.4300594
v -40.2530022 13.0474491 18.4300594
v -40.2983971 17.5148258 20.2650032
v -40.2828712 17.5206203 20.2650032
v -39.1209717 13.5025883 18.7010841
v -38.5452652 13.7173176 18.7010841
v -38.56213 13.7542553 18.7541485
v -39.1324081 13.5415516 18.7541485
v -39.2001572 13.7725697 19.0110874
v -38.6622124 13.9732113 19.0110874
v -38.6853485 14.0238667 19.0607967
v -39.215847 13.8260021 19.0607967
v -39.3040314 14.1266537 19.2984219
v -38.8155899 14.308836 19.2984238
v -38.8445206 14.3721752 19.3437614
v -39.3236465 14.1934681 19.3437614
v -39.4304695 14.5576382 19.5572357
v -39.0022697 14.7173481 19.5572357
v -39.0364037 14.7920895 19.5972824
v -39.4536171 14.6364765 19.5972824
v -39.5769119 15.0567417 19.782259
v -39.218441 15.1904469 19.7822571
v -39.2570801 15.2750607 19.8161983
v -39.6031189 15.1459942 19.8161983
v -39.7403755 15.6138058 19.9689102
v -39.4596939 15.7184963 19.9689102
v -39.5020561 15.8112659 19.9960537
v -39.7691078 15.7116604 19.9960537
v -39.9175529 16.2174816 20.1133938
v -39.7211113 16.2907505 20.1133938
v -39.7663383 16.3897877 20.1331863
v -39.9482231 16.3219471 20.1331863
v -39.0680695 13.3222141 18.3747177
v -38.4671249 13.5463543 18.3747177
v -38.4773865 13.568819 18.4300594
v -39.0750237 13.345911 18.4300594
v -38.0192947 13.9575176 18.7010841
v -37.4799995 14.2519932 18.7010841
v -37.5019493 14.2861538 18.7541485
v -38.0361557 13.9944592 18.7541485
v -38.136097 14.21348 19.0110874
v -37.6321754 14.4886417 19.0110874
v -37.6622849 14.53549 19.0607967
v -38.1592331 14.2641354 19.0607967
v -38.289299 14.549181 19.2984238
v -37.8317604 14.799017 19.2984219
v -37.8694077 14.8575954 19.3437614
v -38.3182259 14.612524 19.3437614
v -38.4757881 14.9577847 19.5572357
v -38.0746765 15.1768093 19.5572357
v -38.1190987 15.2459278 19.5972824
v -38.509922 15.032526 19.5972824
v -38.6917686 15.4309711 19.782259
v -38.3559723 15.6143246 19.7822571
v -38.4062653 15.6925793 19.8161964
v -38.7304115 15.5155811 19.8161964
v -38.9328461 15.9591007 19.9689102
v -38.6699219 16.1026669 19.9689102
v -38.7250595 16.1884594 19.9960518
v -38.9752083 16.0518665 19.9960537
v -39.1941261 16.5314159 20.1133938
v -39.0101318 16.6318874 20.1133938
v -39.0689926 16.7234745 20.1331863
v -39.2393532 16.6304493 20.1331844
v -36.8429413 14.3300686 18.0386372
v -36.3190765 14.7222309 18.0386372
v -36.3244972 14.7284946 18.0951271
v -36.8474197 14.3370419 18.0951271
v -36.9935608 14.5646076 18.7010841
v -36.5016747 14.9328289 18.7010841
v -36.5282631 14.9635181 18.7541485
v -37.0155182 14.5987644 18.7541485
v -37.145607 14.8013401 19.0110874
v -36.6859818 15.1454144 19.0110874
v -36.7224464 15.1874981 19.0607967
v -37.1757164 14.8481846 19.0607967
v -37.3450317 15.1118183 19.2984219
v -36.9277 15.4242268 19.2984238
v -36.9733009 15.4768543 19.3437595
v -37.382679 15.1704006 19.3437614
v -37.5877686 15.4897213 19.5572338
v -37.2219086 15.7636013 19.5572338
v -37.2757111 15.8257008 19.5972805
v -37.6321907 15.5588436 19.5972805
v -37.8688965 15.927351 19.7822571
v -37.5626068 16.1566334 19.7822552
v -37.6235275 16.2269344 19.8161964
v -37.9191856 16.0056057 19.8161983
v -38.1826897 16.4157925 19.9689102
v -37.9428596 16.5953236 19.9689102
v -38.0096436 16.6723957 19.9960537
v -38.2378197 16.501585 19.9960518
v -38.5227585 16.9451046 20.1133938
v -38.3549194 17.0707455 20.1133938
v -38.4262161 17.1530209 20.1331863
v -38.5816193 17.0366917 20.1331863
v -36.0646744 15.3114872 18.7010841
v -35.6301918 15.745966 18.7010822
v -35.660881 15.772562 18.7541466
v -36.0912666 15.3421764 18.7541485
v -36.248867 15.5241756 19.0110855
v -35.8428726 15.9301586 19.0110855
v -35.884964 15.9666271 19.0607948
v -36.2853355 15.5662594 19.0607948
v -36.7844925 16.1426258 19.5572338
v -36.4613266 16.4657879 19.5572338
v -36.5234261 16.5195942 19.5972805
v -36.838295 16.2047215 19.5972805
v -37.1250381 16.5357914 19.7822571
v -36.8544922 16.8063297 19.7822552
v -36.9247932 16.8672504 19.8161983
v -37.1859512 16.6060886 19.8161983
v -37.505146 16.9746037 19.9689102
v -37.2933044 17.1864452 19.9689102
v -37.3703804 17.2532291 19.9960518
v -37.5719299 17.0516796 19.9960537
v -37.9170837 17.4501286 20.1133938
v -37.7688255 17.5983868 20.1133938
v -37.8511047 17.6696835 20.1331863
v -37.9883804 17.5324078 20.1331844
v -38.3524742 17.9526806 20.2127666
v -38.2713776 18.0337772 20.2127666
v -38.3571815 18.1081333 20.2248039
v -38.4268265 18.0384884 20.2248039
v -35.2515335 16.1829624 18.7010822
v -34.8833084 16.6748562 18.7010822
v -34.917469 16.6968136 18.7541466
v -35.2822227 16.2095585 18.7541466
v -35.464119 16.3672733 19.0110855
v -35.1200447 16.8269024 19.0110855
v -35.1668892 16.857008 19.0607948
v -35.5062027 16.4037418 19.0607948
v -35.7429314 16.6089954 19.29842
v -35.4305267 17.0263233 19.29842
v -35.4891014 17.0639706 19.3437595
v -35.7955627 16.6545963 19.3437595
v -36.0823021 16.903204 19.5572338
v -35.8084259 17.2690639 19.5572338
v -35.8775482 17.3134861 19.5972805
v -36.1443977 16.9570103 19.5972805
v -36.4753342 17.243906 19.7822552
v -36.2460594 17.5501881 19.7822571
v -36.3243141 17.6004772 19.8161964
v -36.5456352 17.3048229 19.8161964
v -36.9140244 17.6241665 19.9689102
v -36.7345009 17.8639774 19.9689102
v -36.8202934 17.9191151 19.9960537
v -36.9910927 17.6909466 19.9960518
v -37.3894424 18.0362225 20.1133938
v -37.2638054 18.2040501 20.1133938
v -37.3553963 18.2629108 20.1331863
v -37.4717216 18.1075191 20.1331863
v -37.8919144 18.4717007 20.2127666
v -37.823204 18.5634937 20.2127666
v -37.9187164 18.624876 20.2248039
v -37.9777184 18.5460529 20.2248058
v -34.5707016 17.1612911 18.7010822
v -34.2762222 17.7005787 18.7010822
v -34.3131561 17.7174473 18.7541466
v -34.6048546 17.1832447 18.7541466
v -34.8073463 17.3134708 19.0110855
v -34.5321846 17.8173847 19.0110855
v -34.58284 17.840517 19.0607948
v -34.8541946 17.3435802 19.0607948
v -35.1177254 17.513052 19.29842
v -34.8678856 17.9705868 19.29842
v -34.9312248 17.9995136 19.3437595
v -35.1763 17.5506992 19.3437595
v -35.4955139 17.7559643 19.5572338
v -35.2764893 18.1570721 19.5572338
v -35.3512344 18.191206 19.5972805
v -35.5646324 17.8003864 19.5972805
v -35.9330292 18.0372677 19.7822571
v -35.7496758 18.3730526 19.7822571
v -35.8342857 18.4116955 19.8161964
v -36.0112839 18.0875568 19.8161964
v -36.4213715 18.3512173 19.9689102
v -36.2778053 18.6141338 19.9689102
v -36.3705673 18.6564999 19.9960518
v -36.507164 18.4063549 19.9960537
v -37.5099297 19.0509586 20.2127666
v -37.4549828 19.1515789 20.2127666
v -37.5582619 19.1987438 20.2248039
v -37.6054382 19.1123409 20.2248039
v -34.0360146 18.226553 18.7010822
v -33.8212891 18.8022633 18.7010822
v -33.8602448 18.8137035 18.7541466
v -34.0729485 18.2434216 18.7541466
v -34.2919121 18.3435001 19.0110855
v -34.0912628 18.8814564 19.0110855
v -34.1446991 18.8971462 19.0607948
v -34.3425636 18.3666363 19.0607948
v -34.627533 18.4968739 19.29842
v -34.4453506 18.9853268 19.298418
v -34.5121651 19.0049458 19.3437595
v -34.6908798 18.5258045 19.3437614
v -35.0360489 18.6835537 19.5572338
v -34.8763351 19.1117687 19.5572338
v -34.9551735 19.1349201 19.5972805
v -35.1107903 18.7176838 19.5972824
v -35.5091515 18.8997211 19.7822571
v -35.3754349 19.2582111 19.7822552
v -35.4646912 19.2844181 19.8161983
v -35.5937653 18.938364 19.8161964
v -36.0371971 19.1409779 19.9689102
v -35.9325027 19.4216747 19.9689102
v -36.0303535 19.450407 19.9960537
v -36.1299667 19.1833401 19.9960537
v -36.6094551 19.4023991 20.1133938
v -36.5361786 19.5988522 20.1133938
v -36.6406364 19.6295261 20.1331863
v -36.7084846 19.4476223 20.1331863
v -37.2142639 19.6786671 20.2127666
v -37.1741829 19.7861271 20.2127666
v -37.283123 19.8181133 20.2248039
v -37.3175468 19.7258358 20.2248039
v -33.3909607 19.2784557 18.0386353
v -33.2518616 19.9178944 18.0386353
v -33.2600632 19.9190731 18.0951252
v -33.3989143 19.2807941 18.0951252
v -33.6583786 19.3570652 18.7010822
v -33.5277748 19.9574718 18.7010822
v -33.5679665 19.9632549 18.7541466
v -33.6973457 19.3685055 18.7541466
v -33.9283142 19.4364109 19.0110855
v -33.8062782 19.9974346 19.0110855
v -33.861393 20.0053616 19.0607948
v -33.9817467 19.4521046 19.0607948
v -34.2823448 19.5404682 19.29842
v -34.1715355 20.0498562 19.29842
v -34.2404671 20.0597744 19.3437595
v -34.3491592 19.5600872 19.3437595
v -34.7132759 19.6671047 19.5572338
v -34.6161308 20.1136761 19.5572338
v -34.6974564 20.1253681 19.5972805
v -34.7921028 19.6902523 19.5972805
v -35.2123184 19.8137455 19.7822552
v -35.1309929 20.1876011 19.7822552
v -35.2230721 20.2008381 19.8161983
v -35.3015747 19.8399563 19.8161983
v -35.7693253 19.9773998 19.9689102
v -35.7056541 20.2701283 19.9689102
v -35.8065948 20.2846394 19.9960518
v -35.8671799 20.0061359 19.9960537
v -37.0109329 20.3421154 20.2127666
v -36.9865608 20.4541607 20.2127666
v -37.0989456 20.4703197 20.2248039
v -37.119873 20.3741055 20.2248039
v -33.4780426 19.3040562 18.3747158
v -33.3417015 19.9307766 18.3747158
v -33.3661499 19.9342937 18.4300575
v -33.5017357 19.311018 18.4300575
v -37.5842667 21.125536 20.2650032
v -37.5716248 21.3022442 20.2650032
v -34.0891953 20.6225452 19.29842
v -34.0495644 21.1765652 19.29842
v -34.11903 21.1790485 19.3437595
v -34.158123 20.6324596 19.3437595
v -34.5337601 20.6865673 19.5572338
v -34.49757 21.1925411 19.5572338
v -34.5795212 21.195467 19.5972805
v -34.6150856 20.6982632 19.5972805
v -35.6232262 20.8434124 19.9689102
v -35.5954514 21.231699 19.9689102
v -35.6971741 21.2353306 19.9960537
v -35.7241669 20.8579273 19.9960518
v -36.2459488 20.9330311 20.1133938
v -36.2229843 21.2540951 20.1133938
v -36.3315773 21.2579708 20.1331863
v -36.3537102 20.9485264 20.1331863
v -36.9040947 21.0277157 20.2127666
v -36.8862038 21.2777691 20.2127647
v -36.9994621 21.2818165 20.2248039
v -37.0164795 21.0438747 20.2248039
v -33.2594299 20.5030079 18.3747158
v -33.2133865 21.1467571 18.3747158
v -33.2380219 21.1476383 18.4300575
v -33.2838783 20.5065212 18.4300575
v -151.294388 17.2322407 20.2650032
v -42.2000618 17.2322407 20.2650032
v -151.433441 13.3421383 19.0110874
v -42.0610046 13.3421383 19.0110874
v -42.0629883 13.3976841 19.0607967
v -151.431458 13.3976841 19.0607967
v -151.420273 13.7101994 19.2984219
v -42.0741768 13.7101955 19.2984219
v -42.0766602 13.7796535 19.3437614
v -151.417801 13.7796535 19.3437614
v -151.404251 14.1581936 19.5572357
v -42.0901985 14.1581936 19.5572357
v -42.0931282 14.2401485 19.5972824
v -151.401321 14.2401485 19.5972824
v -151.385712 14.6770039 19.782259
v -42.1087494 14.6770077 19.7822571
v -42.1120605 14.7697887 19.8161983
v -151.382385 14.7697887 19.8161983
v -151.365005 15.2560711 19.9689121
v -42.1294479 15.2560711 19.9689121
v -42.1330795 15.3577938 19.9960556
v -151.361374 15.3577938 19.9960556
v -151.342575 15.883604 20.1133938
v -42.1518822 15.883604 20.1133938
v -42.1557579 15.992197 20.1331863
v -151.338699 15.992197 20.1331844
v -151.318878 16.5468235 20.2127666
v -42.1755791 16.5468235 20.2127666
v -42.1796188 16.6600819 20.2248039
v -151.314835 16.6600819 20.2248058
v -151.450195 12.8740139 18.3747177
v -42.0442619 12.8740139 18.3747177
v -42.0451431 12.8986492 18.4300594
v -151.44931 12.898653 18.4300594
v -36.8655205 21.856905 20.2127666
v -36.8655205 88.5311584 20.2127552
v -36.9787712 88.5271149 20.2247925
v -36.9787712 21.8609524 20.2248039
v -143.684265 101.437469 20.2649899
v -145.162811 101.331726 20.2649899
v -33.3801994 21.7322674 18.7010822
v -33.3801994 88.6557693 18.7010708
v -33.4207077 88.6543274 18.7541351
v -33.4207077 21.7337132 18.7541466
v -33.6608353 21.7423115 19.0110855
v -33.6608276 88.6457214 19.011076
v -33.7163773 88.6437378 19.0607834
v -33.7163773 21.7442951 19.0607948
v -34.0288887 21.7554836 19.29842
v -34.0288887 88.6325607 19.2984085
v -34.0983505 88.6300812 19.3437481
v -34.0983505 21.7579632 19.3437614
v -34.9957008 21.7900677 19.7822571
v -34.9957008 88.5979996 19.7822456
v -35.0884819 88.5946808 19.816185
v -35.0884819 21.7933788 19.8161964
v -35.5747681 21.8107662 19.9689102
v -35.5747681 88.5772934 19.9688988
v -35.6764908 88.5736694 19.9960423
v -35.676487 21.8143978 19.9960537
v -36.202301 21.8332043 20.1133938
v -36.2023048 88.554863 20.1133823
v -36.3108864 88.5509872 20.133173
v -36.3108864 21.83708 20.1331863
v -33.1021767 21.7223148 18.0386353
v -33.1021767 88.6657181 18.0386238
v -33.1104507 88.6654205 18.0951138
v -33.1104431 21.7226086 18.0951252
v -47.358593 105.66452 18.0951118
v -47.9307594 105.746796 18.0951118
v -50.3436852 105.898636 18.0951118
v -49.7648964 105.87796 18.0951118
v -42.8049507 104.131149 18.4300442
v -40.7191048 102.94519 18.4300442
v -41.2054443 103.257751 18.4300442
v -38.8232651 101.474472 18.4300442
v -39.2601738 101.85305 18.4300461
v -37.1560402 99.748909 18.4300442
v -37.5346222 100.185814 18.4300442
v -36.0638924 98.2899857 18.4300442
v -33.7352142 93.4462814 18.0951138
v -33.8980637 94.0009155 18.0951138
v -33.3445778 91.6505051 18.0951138
v -33.0815125 88.6664429 17.7557964
v -33.1021843 89.2452316 17.7557964
v -34.5588379 88.6136169 19.5972691
v -34.4768867 88.616539 19.5572224
v -33.21735 88.6615906 18.4300461
v -143.83165 105.567703 18.7541313
v -146.325104 105.348007 18.7541332
v -145.752762 105.430313 18.7541332
v -148.75 104.77829 18.7541332
v -148.19519 104.941208 18.7541332
v -151.069092 103.869293 18.7541313
v -150.543121 104.109497 18.7541313
v -153.235229 102.639465 18.7541332
v -152.74881 102.952072 18.7541332
v -155.204315 101.113922 18.7541313
v -155.046722 100.931931 19.0110722
v -154.767334 101.492584 18.7541332
v -155.010254 100.889839 19.0607815
v -156.375595 99.6030579 19.0110722
v -156.557587 99.7606583 18.7541332
v -156.333511 99.5665817 19.0607796
v -159.738586 95.1842117 18.4300461
v -159.498428 95.7100754 18.4300461
v -160.580475 92.8090057 18.4300461
v -160.417603 93.3637085 18.4300461
v -160.100464 92.6679306 19.0607834
v -161.07576 90.3381653 18.4300461
v -160.993469 90.9103928 18.4300461
v -160.580551 90.2668304 19.0607815
v -160.49823 90.8393326 19.0607834
v -161.235397 87.8164368 18.4300461
v -161.214722 88.3952408 18.4300461
v -160.791901 87.8005676 19.0110741
v -160.771225 88.3794327 19.0110741
v -160.736359 87.7985764 19.0607853
v -160.715683 88.377449 19.0607834
v -152.734268 13.4701366 19.0607967
v -152.776535 13.1767292 18.7541485
v -152.742203 13.4150143 19.0110874
v -152.805603 12.9749279 18.4300594
v -152.782318 13.1365337 18.7010841
v -153.393066 12.9511166 18.0951271
v -152.820892 12.8688488 18.0951271
v -152.809128 12.9504833 18.3747177
v -152.028992 12.8946857 18.3747177
v -152.031921 12.8124218 18.0951271
v -151.443481 13.0615063 18.7010841
v -152.022308 13.0821781 18.7010841
v -152.028107 12.9193249 18.4300594
v -151.442032 13.1020107 18.7541485
v -152.012314 13.3628101 19.0110874
v -152.020859 13.1226826 18.7541485
v -152.01033 13.4183559 19.0607967
v -153.466034 17.5536404 20.2650032
v -154.719574 13.2818851 18.0951271
v -154.164948 13.1190319 18.0951271
v -153.60968 17.6072178 20.2650032
v -154.136826 17.8479557 20.2650032
v -155.459717 13.5579395 18.0951271
v -154.271362 17.9214115 20.2650032
v -157.107208 14.5793476 18.4300594
v -157.165131 14.4891682 18.0951271
v -157.120575 14.5585651 18.3747177
v -157.585968 16.0898037 19.3437595
v -157.83667 15.8003254 19.0607948
v -157.631561 16.0371799 19.2984219
v -157.873138 15.7582417 19.0110855
v -157.727295 15.043539 18.4300594
v -158.234375 15.3411045 18.0951271
v -157.797516 14.9625607 18.0951271
v -157.743469 15.0248737 18.3747177
v -158.044235 16.54809 19.3437595
v -158.333725 16.2973766 19.0607948
v -158.096863 16.5024853 19.29842
v -158.375793 16.2609119 19.0110855
v -159.171494 16.3365421 18.0951252
v -158.792938 15.8996754 18.0951252
v -159.957397 17.4552059 18.0951252
v -159.644882 16.9689198 18.0951252
v -160.478622 18.7188854 18.4300575
v -160.576111 18.6743374 18.0951252
v -160.335968 18.1485195 18.0951252
v -160.501099 18.7086239 18.3747158
v -160.749329 19.4446354 18.4300575
v -161.015015 19.9691105 18.0951252
v -160.852173 19.4144688 18.0951252
v -160.77301 19.4376812 18.3747158
v -156.858734 21.9474773 20.2650032
v -160.284882 21.4543858 19.3437595
v -160.353806 21.4444752 19.29842
v -160.957336 21.3575191 18.7541466
v -160.997528 21.3517361 18.7010822
v -161.265198 21.3131657 18.0951252
v -161.182938 20.7409954 18.0951252
v -156.881119 22.2604923 20.2650032
v -160.33371 22.137331 19.3437595
v -160.736359 22.7025852 19.0607948
v -160.403168 22.1348515 19.2984219
v -161.011368 22.1131878 18.7541466
v -160.791901 22.7006016 19.0110855
v -161.235382 22.6847401 18.4300575
v -161.051865 22.1117344 18.7010822
v -41.5330429 14.7904682 19.8161983
v -41.5297318 14.6976871 19.782259
v -41.4977417 13.800333 19.3437614
v -41.4952621 13.730875 19.2984219
v -42.0524178 13.1020107 18.7541485
v -42.0509682 13.0615063 18.7010841
v -40.2377815 12.9413624 18.0951271
v -40.8099518 12.8590946 18.0951271
v -40.9412498 13.7704983 19.2984219
v -40.9511604 13.8394222 19.3437614
v -40.5062981 14.8122959 19.782259
v -41.0793991 14.7298946 19.782259
v -40.5195351 14.9043636 19.8161983
v -41.0926361 14.8219662 19.8161983
v -40.8706093 17.3480396 20.2650032
v -39.044857 13.2430668 18.0951271
v -39.5994987 13.0802097 18.0951271
v -40.1324463 14.8936214 19.7822571
v -40.1586571 14.9828777 19.8161983
v -40.1048241 16.8554935 20.2127666
v -40.1368141 16.964426 20.2248039
v -40.854435 17.3515568 20.2650032
v -37.9070244 13.7114735 18.0951271
v -37.9412613 13.7865086 18.3747177
v -38.4328384 13.4713421 18.0951271
v -37.9515228 13.8089771 18.4300594
v -39.470295 17.1362743 20.2127666
v -39.9973831 16.8955669 20.2127666
v -39.5174599 17.2395573 20.2248039
v -39.7557259 17.7613583 20.2650032
v -40.0445518 16.9988422 20.2248039
v -36.8919868 14.4064426 18.3747177
v -37.3783264 14.0938931 18.3747177
v -37.3337135 14.0245266 18.0951271
v -36.9053421 14.4272213 18.4300594
v -37.3916779 14.1146679 18.4300594
v -38.8821945 17.5044994 20.2127666
v -39.3696632 17.1912251 20.2127647
v -38.9435806 17.6000195 20.2248058
v -39.253685 18.0825939 20.2650032
v -39.7412033 17.769289 20.2650032
v -39.4310532 17.2867374 20.2248039
v -35.8876381 15.1070385 18.0951271
v -35.9416275 15.1693859 18.3747177
v -36.3785362 14.7908077 18.3747177
v -35.9578056 15.188055 18.4300594
v -36.3947067 14.8094692 18.4300594
v -36.490448 15.8031139 19.2984219
v -36.5360451 15.8557377 19.3437595
v -38.7903938 17.5732174 20.2127666
v -38.8024445 18.4720249 20.2650032
v -39.2404137 18.0925274 20.2650032
v -38.8647499 17.659029 20.2248039
v -35.0471992 16.0057926 18.0951252
v -35.1095123 16.0598202 18.3747158
v -35.4880943 15.6229153 18.3747158
v -35.4257469 15.5689297 18.0951252
v -35.1281776 16.0759983 18.4300575
v -35.5067596 15.6390896 18.4300575
v -36.1218185 16.1717396 19.29842
v -36.1744423 16.2173405 19.3437595
v -38.4112167 18.9217243 20.2650032
v -38.7907143 18.4837551 20.2650032
v -34.3432312 17.0150051 18.0951252
v -34.4125977 17.059618 18.3747158
v -34.7251472 16.5732784 18.3747158
v -34.6557465 16.5287113 18.0951252
v -34.4333763 17.0729694 18.4300575
v -34.7459259 16.5866299 18.4300575
v -36.9505959 18.6914234 20.1133938
v -37.0421829 18.7502804 20.1331844
v -38.087986 19.4224987 20.2650032
v -38.4012947 18.9349728 20.2650032
v -33.7900467 18.1141262 18.0951252
v -33.8650513 18.1484127 18.3747158
v -34.1052094 17.6225452 18.3747158
v -34.0301781 17.5883121 18.0951252
v -33.8875198 18.1586742 18.4300575
v -34.1276779 17.6328068 18.4300575
v -36.8501244 18.8754139 20.1133938
v -36.9491577 18.9206409 20.1331863
v -37.8393211 19.9641514 20.2650032
v -38.0800629 19.437006 20.2650032
v -33.6409073 18.749361 18.3747158
v -33.5617638 18.7261524 18.0951252
v -33.6646042 18.756319 18.4300575
v -36.3729591 20.1547222 20.1133938
v -36.4774246 20.1853962 20.1331863
v -37.6702538 20.5357342 20.2650032
v -37.833519 19.9796963 20.2650032
v -33.1777992 20.4912434 18.0951252
v -33.4454842 20.5298138 18.7010822
v -33.4856796 20.535593 18.7541466
v -33.7239647 20.5699329 19.0110855
v -33.7790794 20.5778561 19.0607948
v -35.0485916 20.7606983 19.7822552
v -35.1406746 20.7739353 19.8161964
v -36.3283958 20.3595867 20.1133938
v -36.436161 20.375082 20.1331863
v -37.6667328 20.5519199 20.2650051
v -33.1021843 21.1427898 17.7558079
v -33.0815125 21.7215748 17.7558079
v -33.1228485 21.1435299 18.0386353
v -33.2173424 21.7264385 18.4300575
v -33.4008751 21.1534405 18.7010822
v -33.6815109 21.1634426 19.0110874
v -33.4413795 21.1548862 18.7541466
v -33.7370491 21.1654263 19.0607948
v -34.4768906 21.771513 19.5572338
v -34.5588379 21.7744389 19.5972786
v -35.0163841 21.2110462 19.7822571
v -35.1091652 21.2143612 19.8161964
v -36.0431137 98.3033371 18.3747025
v -34.7804451 96.2486343 18.0951138
v -35.66119 97.8616104 18.0951118
v -33.7272568 93.448616 18.0386238
v -33.8901138 94.0032501 18.0386238
v -34.5403099 95.7228241 18.0951138
v -33.3158455 91.6546326 17.7557964
v -33.7073746 93.4544525 17.7557964
v -33.3363686 91.6516876 18.0386238
v -33.2335815 91.0824661 17.7557964
v -153.257187 102.673615 18.7010689
v -152.770752 102.986237 18.7010689
v -157.090302 99.4572296 18.4300442
v -158.2547 97.9017563 18.4300442
v -158.567245 97.4154205 18.4300442
v -160.153885 92.6836166 19.0110741
v -160.635666 90.2747574 19.0110741
v -160.55336 90.8472519 19.0110741
v -143.263916 105.898636 18.0951118
v -154.721924 13.2739315 18.0386372
v -154.167282 13.1110744 18.0386372
v -157.169617 14.4821949 18.0386372
v -158.81488 15.8806782 17.7558079
v -158.253357 15.3191738 17.7558098
v -158.239792 15.3348408 18.0386372
v -158.79921 15.8942509 18.0386353
v -160.362366 18.1364689 17.7558079
v -159.981812 17.4395199 17.7558079
v -159.964386 17.4507275 18.0386353
v -160.343506 18.1450748 18.0386353
v -160.880005 19.4062977 17.7558079
v -160.602509 18.6622791 17.7558079
v -160.583649 18.6708927 18.0386353
v -160.860123 19.4121342 18.0386353
v -34.3362579 17.0105228 18.0386353
v -34.6487732 16.5242329 18.0386353
v -33.1311188 21.1438236 18.0951252

# 4156 UV coordinates
vt 0.632847965 0.912713706 0
vt 0.63225162 0.913189471 0
vt 0.633352697 0.913293004 0
vt 0.629759073 0.0731728673 0
vt 0.630256236 0.0725955367 0
vt 0.629158378 0.0727140307 0
vt 0.179134399 0.296347916 0
vt 0.178391144 0.296256959 0
vt 0.178276077 0.297098398 0
vt 0.175549671 0.299848914 0
vt 0.174800023 0.299878061 0
vt 0.174805939 0.30071497 0
vt 0.182221055 0.2940166 0
vt 0.183176473 0.293397009 0
vt 0.182456717 0.293187916 0
vt 0.172495335 0.303829193 0
vt 0.1717567 0.303977549 0
vt 0.171881348 0.304793179 0
vt 0.170033485 0.308207631 0
vt 0.169322714 0.308472395 0
vt 0.169561699 0.309249938 0
vt 0.168214262 0.312894762 0
vt 0.167547375 0.313270688 0
vt 0.167894274 0.313994229 0
vt 0.167074695 0.317795336 0
vt 0.166466728 0.318274617 0
vt 0.166913077 0.318929553 0
vt 0.166637972 0.322809994 0
vt 0.166100889 0.323362589 0
vt 0.166599885 0.323961496 0
vt 0.167953402 0.450653553 0
vt 0.168477133 0.450109959 0
vt 0.167940453 0.44950223 0
vt 0.168527827 0.457381487 0
vt 0.168484583 0.456229866 0
vt 0.16796045 0.456771135 0
vt 0.166087881 0.335842729 0
vt 0.166088119 0.337003887 0
vt 0.166609466 0.336437106 0
vt 0.168800771 0.46008569 0
vt 0.168639138 0.458951533 0
vt 0.168159917 0.459545314 0
vt 0.169452399 0.462723196 0
vt 0.169132411 0.461623847 0
vt 0.168751553 0.462285757 0
vt 0.170469403 0.465240359 0
vt 0.169997618 0.464198053 0
vt 0.169723526 0.464913785 0
vt 0.171217084 0.466621935 0
vt 0.171056077 0.467376053 0
vt 0.171831071 0.467585921 0
vt 0.17461291 0.470824957 0
vt 0.174687982 0.471605659 0
vt 0.175471216 0.47157532 0
vt 0.173509747 0.4697119 0
vt 0.172766015 0.468846023 0
vt 0.172722086 0.469621718 0
vt 0.17767556 0.473138154 0
vt 0.176720142 0.472518682 0
vt 0.17691347 0.473287165 0
vt 0.185278028 0.475739121 0
vt 0.184153885 0.475576043 0
vt 0.184674412 0.476211011 0
vt 0.179044873 0.47389251 0
vt 0.179353401 0.474632144 0
vt 0.18007794 0.474368453 0
vt 0.182629377 0.475241363 0
vt 0.181539685 0.474918544 0
vt 0.18195799 0.475613236 0
vt 0.418023407 0.29593873 0
vt 0.418881714 0.296689034 0
vt 0.418715835 0.295847714 0
vt 0.422184378 0.300136626 0
vt 0.422140896 0.299299777 0
vt 0.421440691 0.299270689 0
vt 0.419144124 0.473439634 0
vt 0.419870675 0.473589361 0
vt 0.420099527 0.472820163 0
vt 0.41417101 0.293131113 0
vt 0.415126473 0.293750525 0
vt 0.414838731 0.292921901 0
vt 0.418010652 0.474064171 0
vt 0.416977584 0.474540234 0
vt 0.417666793 0.474804223 0
vt 0.415767521 0.474995553 0
vt 0.414677799 0.475318372 0
vt 0.415314168 0.475690663 0
vt 0.413415819 0.475595295 0
vt 0.412291676 0.475758374 0
vt 0.41286099 0.476230145 0
vt 0.409848124 0.475892305 0
vt 0.410372466 0.476412892 0
vt 0.41100353 0.475851357 0
vt 0.409961879 0.290905356 0
vt 0.410994887 0.291381299 0
vt 0.410588652 0.29058218 0
vt 0.187989548 0.475892365 0
vt 0.186834157 0.475851417 0
vt 0.187433064 0.476412833 0
vt 0.405481547 0.289306581 0
vt 0.406571269 0.28962934 0
vt 0.406052679 0.288875997 0
vt 0.400821239 0.288367331 0
vt 0.401945412 0.28853035 0
vt 0.401323199 0.287838399 0
vt 0.397211581 0.288106918 0
vt 0.396506816 0.287491202 0
vt 0.396039337 0.288065851 0
vt 0.201033592 0.288106918 0
vt 0.202205896 0.28806591 0
vt 0.2016868 0.287491441 0
vt 0.197187692 0.288384378 0
vt 0.19663161 0.287855268 0
vt 0.196063563 0.288547456 0
vt 0.192295998 0.289374352 0
vt 0.191670805 0.288944066 0
vt 0.191206276 0.289697289 0
vt 0.187593654 0.291056633 0
vt 0.18691355 0.290733457 0
vt 0.186560586 0.291532636 0
vt 0.42496708 0.304023504 0
vt 0.425043732 0.303207994 0
vt 0.424353093 0.303059578 0
vt 0.427173167 0.308270454 0
vt 0.427365452 0.307492971 0
vt 0.426701427 0.307228208 0
vt 0.421133429 0.472039342 0
vt 0.42188105 0.472070277 0
vt 0.421991706 0.471288979 0
vt 0.424422622 0.468458354 0
vt 0.425162226 0.468249381 0
vt 0.425036639 0.467494428 0
vt 0.423648685 0.469501555 0
vt 0.422904968 0.470367551 0
vt 0.42365703 0.470278025 0
vt 0.428757787 0.312790751 0
vt 0.429058969 0.31206733 0
vt 0.428437799 0.311691344 0
vt 0.425655544 0.466350794 0
vt 0.42636615 0.466025472 0
vt 0.426127285 0.465308607 0
vt 0.429688692 0.317492783 0
vt 0.430090696 0.316837907 0
vt 0.429527104 0.316358566 0
vt 0.42657876 0.464087605 0
vt 0.427244574 0.463651478 0
vt 0.426898718 0.462988257 0
vt 0.42994684 0.321134627 0
vt 0.429984152 0.322285891 0
vt 0.430442572 0.321686983 0
vt 0.43046996 0.337003946 0
vt 0.430465758 0.33584249 0
vt 0.42997092 0.336437643 0
vt 0.427998185 0.449504793 0
vt 0.427481681 0.450109065 0
vt 0.427976698 0.450656354 0
vt 0.427471012 0.458129525 0
vt 0.427426994 0.459281027 0
vt 0.427962035 0.458672225 0
vt 0.427173197 0.461714923 0
vt 0.427779794 0.461176097 0
vt 0.427334845 0.460580826 0
vt 0.731719792 0.869957209 0
vt 0.73008728 0.867934942 0
vt 0.728500426 0.869541883 0
vt 0.70086062 0.888756573 0
vt 0.702478766 0.890555322 0
vt 0.704075754 0.888948321 0
vt 0.731719792 0.888533115 0
vt 0.728500426 0.888948321 0
vt 0.73008728 0.890555322 0
vt 0.70086062 0.869733632 0
vt 0.704075754 0.869541883 0
vt 0.702478766 0.867934942 0
vt 0.738780558 0.87151742 0
vt 0.737119198 0.869544744 0
vt 0.735546827 0.870833278 0
vt 0.738780558 0.886972785 0
vt 0.735546827 0.887656927 0
vt 0.737119198 0.88894546 0
vt 0.749854565 0.87402451 0
vt 0.748147786 0.871759653 0
vt 0.746596992 0.873087227 0
vt 0.749854565 0.884465694 0
vt 0.746596992 0.885403037 0
vt 0.748147786 0.886730552 0
vt 0.757610857 0.877811849 0
vt 0.755566955 0.874239683 0
vt 0.754091799 0.875440896 0
vt 0.757610857 0.880678356 0
vt 0.754091799 0.883049369 0
vt 0.755566955 0.884250522 0
vt 0.75723213 0.880852044 0
vt 0.758839071 0.879245102 0
vt 0.75723213 0.877638161 0
vt 0.691051304 0.887655079 0
vt 0.687834322 0.887386143 0
vt 0.689460039 0.889093459 0
vt 0.687834322 0.871104062 0
vt 0.691051304 0.870835125 0
vt 0.689460039 0.869396806 0
vt 0.676154375 0.885928869 0
vt 0.677841306 0.888396859 0
vt 0.679400444 0.886880577 0
vt 0.679400444 0.871609688 0
vt 0.677841306 0.870093346 0
vt 0.676154375 0.872561336 0
vt 0.672007561 0.877638161 0
vt 0.67040062 0.879245043 0
vt 0.672007561 0.880851984 0
vt 0.639175892 0.232741177 0
vt 0.631472051 0.225037396 0
vt 0.774556458 0.181025922 0
vt 0.7817716 0.188241065 0
vt 0.518311143 0.500903249 0
vt 0.518164396 0.500903249 0
vt 0.518164396 0.500856459 0
vt 0.518319666 0.500974417 0
vt 0.738947392 0.877638161 0
vt 0.746794403 0.877638161 0
vt 0.750011325 0.877638161 0
vt 0.754353523 0.877638161 0
vt 0.730229497 0.866675973 0
vt 0.737383723 0.868313789 0
vt 0.748472631 0.870540738 0
vt 0.756163359 0.873111486 0
vt 0.748472631 0.870540798 0
vt 0.67040062 0.873271704 0
vt 0.758839071 0.876726985 0
vt 0.7600981 0.882387638 0
vt 0.7600981 0.879245102 0
vt 0.700811386 0.880852044 0
vt 0.690976679 0.880852044 0
vt 0.758839071 0.88176322 0
vt 0.7600981 0.876102626 0
vt 0.689352036 0.890348196 0
vt 0.677547753 0.88964051 0
vt 0.677547753 0.88964057 0
vt 0.687762618 0.880852044 0
vt 0.679207087 0.880851984 0
vt 0.675991535 0.880851984 0
vt 0.672007561 0.884157479 0
vt 0.66914165 0.872440457 0
vt 0.663954854 0.875953257 0
vt 0.663954854 0.879245102 0
vt 0.66914165 0.879245043 0
vt 0.663954854 0.882537007 0
vt 0.66914165 0.886049688 0
vt 0.42994687 0.321134567 0
vt 0.429688722 0.317492664 0
vt 0.429688722 0.317492723 0
vt 0.424967051 0.304023564 0
vt 0.396039367 0.288065851 0
vt 0.202205896 0.28806597 0
vt 0.405481607 0.289306521 0
vt 0.405481577 0.289306521 0
vt 0.409961879 0.290905118 0
vt 0.406571239 0.2896294 0
vt 0.406571269 0.2896294 0
vt 0.4141711 0.293130934 0
vt 0.410994947 0.291381121 0
vt 0.41417104 0.293131113 0
vt 0.418023437 0.295938671 0
vt 0.415126413 0.293750644 0
vt 0.418023467 0.295938611 0
vt 0.421440661 0.299270749 0
vt 0.418881744 0.296688974 0
vt 0.418881744 0.296689034 0
vt 0.424353093 0.303059459 0
vt 0.422184348 0.300136685 0
vt 0.422184348 0.300136745 0
vt 0.424353063 0.303059578 0
vt 0.426701367 0.307228267 0
vt 0.424967051 0.304023504 0
vt 0.426701427 0.307228148 0
vt 0.428437859 0.311691225 0
vt 0.427173227 0.308270454 0
vt 0.428437799 0.311691403 0
vt 0.429527074 0.316358626 0
vt 0.428757757 0.312790811 0
vt 0.428757787 0.312790811 0
vt 0.187989563 0.475892365 0
vt 0.409848094 0.475892365 0
vt 0.409848094 0.475892305 0
vt 0.182629392 0.475241363 0
vt 0.182629377 0.475241423 0
vt 0.180077955 0.474368453 0
vt 0.181539699 0.474918544 0
vt 0.179044873 0.47389245 0
vt 0.177675545 0.473138154 0
vt 0.173509762 0.4697119 0
vt 0.171831101 0.467585862 0
vt 0.17276603 0.468846023 0
vt 0.171831101 0.467585802 0
vt 0.170469344 0.4652403 0
vt 0.170469344 0.465240359 0
vt 0.169452369 0.462723255 0
vt 0.169997543 0.464198112 0
vt 0.169997543 0.464198053 0
vt 0.169132426 0.461623847 0
vt 0.168800786 0.46008569 0
vt 0.184153885 0.475575984 0
vt 0.182629362 0.475241423 0
vt 0.427478403 0.458120346 0
vt 0.429976583 0.322295368 0
vt 0.429976612 0.322295427 0
vt 0.427478403 0.458120286 0
vt 0.168527842 0.457381487 0
vt 0.168639138 0.458951473 0
vt 0.168639138 0.458951592 0
vt 0.45948863 0.762950599 0
vt 0.471656591 0.586726427 0
vt 0.126090318 0.586726487 0
vt 0.138258174 0.762950599 0
vt 0.860319138 0.76531899 0
vt 0.547417223 0.76531899 0
vt 0.549076855 0.802074075 0
vt 0.856013775 0.802702367 0
vt 0.459422976 0.76409936 0
vt 0.138368741 0.76409936 0
vt 0.142786264 0.801297188 0
vt 0.457720041 0.800672054 0
vt 0.126038238 0.585577667 0
vt 0.471708655 0.585577726 0
vt 0.47296083 0.521040916 0
vt 0.124785878 0.521040916 0
vt 0.855908692 0.803856671 0
vt 0.54914248 0.803228736 0
vt 0.550103664 0.817519903 0
vt 0.854893386 0.818148196 0
vt 0.535443544 0.58590728 0
vt 0.872336507 0.58590728 0
vt 0.873556972 0.521048665 0
vt 0.53422308 0.521048665 0
vt 0.457652748 0.801820934 0
vt 0.142894074 0.802445769 0
vt 0.14393574 0.816666365 0
vt 0.45666638 0.816041291 0
vt 0.452789575 0.847923875 0
vt 0.14793776 0.848548412 0
vt 0.151825562 0.869975865 0
vt 0.448988199 0.869350493 0
vt 0.456553936 0.817190289 0
vt 0.144052625 0.817814946 0
vt 0.1477568 0.84740001 0
vt 0.452966124 0.846774757 0
vt 0.854779541 0.819302499 0
vt 0.550213277 0.818674624 0
vt 0.553710103 0.848406672 0
vt 0.851169407 0.849034965 0
vt 0.44857052 0.870500147 0
vt 0.152247176 0.871123731 0
vt 0.156679437 0.880632341 0
vt 0.444178581 0.880006611 0
vt 0.836240709 0.890197515 0
vt 0.568480015 0.889573574 0
vt 0.578451455 0.89944756 0
vt 0.826221287 0.900076807 0
vt 0.443342865 0.881157219 0
vt 0.157517016 0.881779313 0
vt 0.161918938 0.887212038 0
vt 0.438967377 0.88658601 0
vt 0.437811464 0.887737393 0
vt 0.163074449 0.888358235 0
vt 0.173354879 0.898188531 0
vt 0.427580208 0.897562444 0
vt 0.425117284 0.89869833 0
vt 0.175822362 0.899312317 0
vt 0.185603932 0.903508306 0
vt 0.41535607 0.902942479 0
vt 0.823816478 0.901206136 0
vt 0.580851793 0.900589108 0
vt 0.590365112 0.904854476 0
vt 0.814283252 0.905423105 0
vt 0.408939987 0.90408814 0
vt 0.191851243 0.904622734 0
vt 0.229232103 0.911328673 0
vt 0.371766359 0.910762668 0
vt 0.808194637 0.906543016 0
vt 0.596618235 0.90600574 0
vt 0.771762908 0.913282514 0
vt 0.860426784 0.764164507 0
vt 0.872285783 0.587061703 0
vt 0.535494268 0.587061703 0
vt 0.547353208 0.764164507 0
vt 0.473980546 0.446433485 0
vt 0.474002302 0.336995184 0
vt 0.534204841 0.519894123 0
vt 0.873575211 0.519894123 0
vt 0.874492943 0.44719243 0
vt 0.533287108 0.44719243 0
vt 0.533303857 0.334926784 0
vt 0.874476194 0.334926784 0
vt 0.871112585 0.2524212 0
vt 0.536667347 0.2524212 0
vt 0.123785704 0.446436107 0
vt 0.123767793 0.336995244 0
vt 0.533279836 0.446038008 0
vt 0.874500215 0.446038008 0
vt 0.874500215 0.336081326 0
vt 0.533279836 0.336081326 0
vt 0.13467072 0.196017027 0
vt 0.463075936 0.196017027 0
vt 0.454793453 0.150990784 0
vt 0.142953321 0.150990784 0
vt 0.127395824 0.25259757 0
vt 0.47035107 0.25259757 0
vt 0.463260114 0.197165787 0
vt 0.134486616 0.197165668 0
vt 0.552132607 0.14799875 0
vt 0.855647385 0.14799875 0
vt 0.849900305 0.115111649 0
vt 0.557879806 0.115111649 0
vt 0.143162072 0.149842024 0
vt 0.454584658 0.149842024 0
vt 0.448687822 0.117118299 0
vt 0.149058968 0.117118299 0
vt 0.567269802 0.0971634984 0
vt 0.840510249 0.0971634984 0
vt 0.822389603 0.082885921 0
vt 0.585390449 0.082885921 0
vt 0.14951162 0.115969539 0
vt 0.448235095 0.115969539 0
vt 0.440398484 0.10040766 0
vt 0.15734832 0.1004076 0
vt 0.558320999 0.113957465 0
vt 0.849459112 0.113957465 0
vt 0.841821373 0.0983179212 0
vt 0.565958619 0.0983179212 0
vt 0.158693671 0.0992588997 0
vt 0.439053118 0.0992588997 0
vt 0.420460314 0.0850521326 0
vt 0.177286416 0.0850521922 0
vt 0.182580873 0.0839034319 0
vt 0.415165871 0.0839034319 0
vt 0.374935806 0.0753872991 0
vt 0.222811073 0.0753872395 0
vt 0.590550482 0.081731379 0
vt 0.817229688 0.081731379 0
vt 0.778020918 0.0731728673 0
vt 0.41341576 0.475595295 0
vt 0.414677769 0.475318372 0
vt 0.41341579 0.475595295 0
vt 0.201033622 0.288106859 0
vt 0.197187707 0.288384378 0
vt 0.197187707 0.288384318 0
vt 0.201033622 0.288106918 0
vt 0.425655544 0.466350853 0
vt 0.425036609 0.467494428 0
vt 0.171881318 0.304793239 0
vt 0.1700335 0.308207572 0
vt 0.191206306 0.28969717 0
vt 0.187593654 0.291056693 0
vt 0.187593669 0.291056573 0
vt 0.196063608 0.288547397 0
vt 0.186834186 0.475851417 0
vt 0.41100347 0.475851417 0
vt 0.423648655 0.469501615 0
vt 0.424422652 0.468458354 0
vt 0.178276092 0.297098339 0
vt 0.175549641 0.299848974 0
vt 0.175549656 0.299848974 0
vt 0.178276122 0.29709816 0
vt 0.415767491 0.474995553 0
vt 0.416977555 0.474540234 0
vt 0.18222104 0.2940166 0
vt 0.182221085 0.29401654 0
vt 0.420099497 0.472820163 0
vt 0.201033607 0.288106918 0
vt 0.421991765 0.471288919 0
vt 0.174805984 0.30071485 0
vt 0.172495335 0.303829253 0
vt 0.174805969 0.30071485 0
vt 0.166605651 0.323971272 0
vt 0.168478876 0.456220329 0
vt 0.166605651 0.323971212 0
vt 0.412291616 0.475758374 0
vt 0.186560631 0.291532576 0
vt 0.183176488 0.29339695 0
vt 0.183176473 0.293397069 0
vt 0.169561729 0.309249818 0
vt 0.168214232 0.312894762 0
vt 0.169561714 0.309249878 0
vt 0.418010652 0.474064231 0
vt 0.419144094 0.473439693 0
vt 0.426127344 0.465308607 0
vt 0.426578671 0.464087725 0
vt 0.42657876 0.464087665 0
vt 0.426127315 0.465308547 0
vt 0.409961879 0.290905237 0
vt 0.424422592 0.468458354 0
vt 0.423648715 0.469501495 0
vt 0.427334815 0.460580766 0
vt 0.427426964 0.459281147 0
vt 0.427426994 0.459281087 0
vt 0.427334845 0.460580766 0
vt 0.425655574 0.466350794 0
vt 0.425036639 0.467494369 0
vt 0.183176443 0.293397069 0
vt 0.186560601 0.291532576 0
vt 0.427173167 0.308270514 0
vt 0.428437829 0.311691344 0
vt 0.175471202 0.47157532 0
vt 0.426578701 0.464087665 0
vt 0.426127344 0.465308547 0
vt 0.168639123 0.458951533 0
vt 0.426898748 0.462988138 0
vt 0.405470103 0.28934586 0
vt 0.401939601 0.288571 0
vt 0.401937246 0.288587272 0
vt 0.405465513 0.289361596 0
vt 0.175549671 0.299848855 0
vt 0.178276107 0.297098279 0
vt 0.429527074 0.316358566 0
vt 0.174612924 0.470824897 0
vt 0.174805969 0.30071491 0
vt 0.426898688 0.462988257 0
vt 0.427173227 0.461714983 0
vt 0.202205896 0.288065851 0
vt 0.166913062 0.318929613 0
vt 0.166637957 0.322809994 0
vt 0.166913062 0.318929553 0
vt 0.172766045 0.468845963 0
vt 0.171831056 0.467585862 0
vt 0.169561729 0.309249878 0
vt 0.186834171 0.475851417 0
vt 0.185278013 0.475739181 0
vt 0.167894289 0.31399405 0
vt 0.16707468 0.317795336 0
vt 0.16707468 0.317795396 0
vt 0.167894289 0.31399411 0
vt 0.167894289 0.313994169 0
vt 0.170469314 0.465240419 0
vt 0.166913077 0.318929493 0
vt 0.414677769 0.475318432 0
vt 0.41341579 0.475595355 0
vt 0.421440661 0.299270689 0
vt 0.415767431 0.474995613 0
vt 0.401945382 0.288530529 0
vt 0.169452369 0.462723196 0
vt 0.410994917 0.29138118 0
vt 0.41417107 0.293130994 0
vt 0.418010622 0.474064231 0
vt 0.422184438 0.300136626 0
vt 0.181539699 0.474918485 0
vt 0.421133429 0.472039282 0
vt 0.169132441 0.461623788 0
vt 0.168800786 0.46008575 0
vt 0.421991765 0.471288979 0
vt 0.196063578 0.288547456 0
vt 0.396037906 0.288106799 0
vt 0.202207327 0.288106859 0
vt 0.202207938 0.28812325 0
vt 0.39603737 0.28812319 0
vt 0.400815487 0.288407981 0
vt 0.397210211 0.288147748 0
vt 0.397209585 0.288164198 0
vt 0.400813103 0.288424253 0
vt 0.409944981 0.29094255 0
vt 0.406559795 0.289668679 0
vt 0.406555235 0.289684474 0
vt 0.409938157 0.29095763 0
vt 0.40712297 0.296544433 0
vt 0.403974354 0.294824302 0
vt 0.403954208 0.29486841 0
vt 0.407096744 0.296585321 0
vt 0.414149046 0.293165624 0
vt 0.410977989 0.291418672 0
vt 0.410971224 0.291433573 0
vt 0.414140224 0.293179512 0
vt 0.410950422 0.29930985 0
vt 0.408078492 0.297158778 0
vt 0.408052236 0.297199726 0
vt 0.410918653 0.299346507 0
vt 0.417996824 0.295969725 0
vt 0.415104479 0.293785155 0
vt 0.415095627 0.293798923 0
vt 0.417986155 0.295982122 0
vt 0.414345562 0.302592039 0
vt 0.411808878 0.300054014 0
vt 0.41177702 0.30009079 0
vt 0.414308846 0.302623808 0
vt 0.421409935 0.29929769 0
vt 0.418855071 0.296720088 0
vt 0.418844491 0.296732485 0
vt 0.421397626 0.299308479 0
vt 0.417239219 0.306324184 0
vt 0.415089339 0.303450823 0
vt 0.415052623 0.303482711 0
vt 0.41719836 0.30635047 0
vt 0.42431888 0.303081751 0
vt 0.422153652 0.300163686 0
vt 0.422141314 0.300174475 0
vt 0.424305141 0.303090692 0
vt 0.426664412 0.307245195 0
vt 0.424932837 0.304045737 0
vt 0.424919158 0.304054677 0
vt 0.4266496 0.307252049 0
vt 0.428398728 0.311702967 0
vt 0.427136183 0.308287561 0
vt 0.427121371 0.308294296 0
vt 0.428383172 0.311707556 0
vt 0.429486752 0.316364408 0
vt 0.428718746 0.312802315 0
vt 0.428703099 0.312807024 0
vt 0.429470599 0.316366792 0
vt 0.19606936 0.288588166 0
vt 0.192307442 0.289413691 0
vt 0.192312047 0.289429545 0
vt 0.196071699 0.288604379 0
vt 0.205451146 0.291596413 0
vt 0.201628685 0.291869938 0
vt 0.201635569 0.291918039 0
vt 0.205452889 0.291644812 0
vt 0.205464289 0.291964948 0
vt 0.201681331 0.292235613 0
vt 0.201692715 0.292314708 0
vt 0.205467135 0.29204458 0
vt 0.201035067 0.288147807 0
vt 0.197193518 0.288425028 0
vt 0.197195828 0.2884413 0
vt 0.201035649 0.288164139 0
vt 0.200556874 0.29239738 0
vt 0.196871608 0.29319948 0
vt 0.196894094 0.293276072 0
vt 0.200568229 0.292476416 0
vt 0.191217735 0.289736629 0
vt 0.187610552 0.291094065 0
vt 0.187617347 0.291109025 0
vt 0.19122234 0.289752364 0
vt 0.200504392 0.292031765 0
vt 0.196767449 0.292845011 0
vt 0.196781129 0.292891622 0
vt 0.200511307 0.292079687 0
vt 0.195781589 0.293519735 0
vt 0.192247942 0.294838369 0
vt 0.192281082 0.294910967 0
vt 0.195804045 0.293596387 0
vt 0.186577529 0.291569948 0
vt 0.183198482 0.29343164 0
vt 0.183207303 0.293445468 0
vt 0.186584264 0.291584969 0
vt 0.195677653 0.293165207 0
vt 0.19209446 0.294502378 0
vt 0.192114592 0.294546485 0
vt 0.195691347 0.293211818 0
vt 0.191214576 0.295310497 0
vt 0.187904462 0.297118902 0
vt 0.187947571 0.297186077 0
vt 0.191247731 0.295383155 0
vt 0.182243079 0.294051111 0
vt 0.179161072 0.29637897 0
vt 0.179171741 0.296391308 0
vt 0.182251871 0.294064999 0
vt 0.191061258 0.294974446 0
vt 0.187704653 0.296808243 0
vt 0.187730908 0.296849012 0
vt 0.191081405 0.295018554 0
vt 0.186948746 0.297733426 0
vt 0.183929577 0.299994707 0
vt 0.183981821 0.300055027 0
vt 0.18699187 0.297800601 0
vt 0.17830278 0.297129214 0
vt 0.175580427 0.299875855 0
vt 0.175592765 0.299886584 0
vt 0.178313404 0.29714179 0
vt 0.18674916 0.297422528 0
vt 0.183687627 0.299715638 0
vt 0.183719397 0.299752295 0
vt 0.186775401 0.297463417 0
vt 0.183071017 0.30073905 0
vt 0.180404171 0.303407252 0
vt 0.180464491 0.303459466 0
vt 0.183123231 0.300799489 0
vt 0.183432877 0.301157117 0
vt 0.180822045 0.30376929 0
vt 0.180904731 0.303840876 0
vt 0.183504537 0.301239848 0
vt 0.174836725 0.300741792 0
vt 0.172529593 0.303851485 0
vt 0.172543287 0.303860366 0
vt 0.174849063 0.300752521 0
vt 0.182829261 0.300459743 0
vt 0.180124998 0.303165317 0
vt 0.18016167 0.303197145 0
vt 0.18286103 0.300496519 0
vt 0.171915591 0.304815412 0
vt 0.170070529 0.308224559 0
vt 0.170085341 0.308231354 0
vt 0.171929285 0.304824233 0
vt 0.179381192 0.30402416 0
vt 0.177089378 0.307087302 0
vt 0.177130207 0.307113588 0
vt 0.179417863 0.304056048 0
vt 0.169598743 0.309266925 0
vt 0.168253317 0.312906265 0
vt 0.168268979 0.312910795 0
vt 0.16961354 0.309273601 0
vt 0.176475316 0.308043361 0
vt 0.174642473 0.311401546 0
vt 0.174686611 0.311421692 0
vt 0.176516131 0.308069587 0
vt 0.16793336 0.314005733 0
vt 0.167114988 0.317801237 0
vt 0.167131096 0.317803621 0
vt 0.167948976 0.314010262 0
vt 0.174170643 0.312435269 0
vt 0.172834188 0.31602037 0
vt 0.172880754 0.316033959 0
vt 0.17421478 0.312455416 0
vt 0.173398793 0.317370772 0
vt 0.172613963 0.320980608 0
vt 0.172722265 0.320996106 0
vt 0.173503786 0.317401588 0
vt 0.166953355 0.318935454 0
vt 0.166678578 0.322811484 0
vt 0.166694835 0.32281208 0
vt 0.166969478 0.318937778 0
vt 0.172514185 0.317110658 0
vt 0.171701238 0.320849657 0
vt 0.171749264 0.320856512 0
vt 0.172560737 0.317124426 0
vt 0.172452256 0.322105944 0
vt 0.172185913 0.325831592 0
vt 0.172295064 0.325835526 0
vt 0.172560558 0.322121501 0
vt 0.166646302 0.323972642 0
vt 0.168519512 0.456218898 0
vt 0.168535754 0.456218302 0
vt 0.166662544 0.323973298 0
vt 0.17153959 0.321974456 0
vt 0.171266198 0.325798869 0
vt 0.171314597 0.325800538 0
vt 0.171587616 0.32198137 0
vt 0.182640836 0.475201964 0
vt 0.184159666 0.475535393 0
vt 0.184161961 0.475519061 0
vt 0.18264544 0.475186229 0
vt 0.185283825 0.475698352 0
vt 0.186835617 0.475810409 0
vt 0.186836183 0.475794017 0
vt 0.185286105 0.475682139 0
vt 0.187829077 0.474102259 0
vt 0.189361796 0.474211931 0
vt 0.189363539 0.474163532 0
vt 0.187835962 0.474054217 0
vt 0.187881753 0.473736525 0
vt 0.189374954 0.473843336 0
vt 0.1893778 0.473763704 0
vt 0.187893122 0.473657489 0
vt 0.187960595 0.473189116 0
vt 0.189394623 0.473291695 0
vt 0.189398497 0.473182499 0
vt 0.187976182 0.473080754 0
vt 0.184956208 0.464330912 0
vt 0.18522054 0.464475274 0
vt 0.185315102 0.464268088 0
vt 0.185079336 0.464139223 0
vt 0.180094853 0.474331021 0
vt 0.181551129 0.474879146 0
vt 0.181555718 0.47486341 0
vt 0.180101603 0.47431612 0
vt 0.178134546 0.470024645 0
vt 0.179358393 0.470941305 0
vt 0.179384619 0.470900357 0
vt 0.17816633 0.469987929 0
vt 0.17549786 0.471544325 0
vt 0.176742151 0.472484112 0
vt 0.176750928 0.472470284 0
vt 0.175508529 0.471531928 0
vt 0.176892236 0.467594981 0
vt 0.177879855 0.468583047 0
vt 0.17795147 0.468500376 0
vt 0.176974952 0.467523277 0
vt 0.177440271 0.467120111 0
vt 0.178354427 0.468034804 0
vt 0.178444013 0.46793133 0
vt 0.17754364 0.467030525 0
vt 0.173540503 0.469684958 0
vt 0.174639553 0.470793962 0
vt 0.174650222 0.470781505 0
vt 0.173552811 0.46967423 0
vt 0.171865314 0.467563629 0
vt 0.172796771 0.468819022 0
vt 0.172809079 0.468808234 0
vt 0.171879023 0.467554748 0
vt 0.170506388 0.465223312 0
vt 0.171251297 0.466599703 0
vt 0.171265006 0.466590822 0
vt 0.17052117 0.465216517 0
vt 0.172182396 0.461350322 0
vt 0.172716632 0.462783575 0
vt 0.1727608 0.462763309 0
vt 0.172228962 0.461336732 0
vt 0.16949141 0.462711692 0
vt 0.170034572 0.464181066 0
vt 0.170049399 0.464174151 0
vt 0.169507042 0.462707043 0
vt 0.179828852 0.455801547 0
vt 0.179872811 0.456416845 0
vt 0.180098191 0.45638448 0
vt 0.180055976 0.45579344 0
vt 0.168841064 0.460079849 0
vt 0.169171467 0.461612284 0
vt 0.169187099 0.461607575 0
vt 0.168857217 0.460077524 0
vt 0.17163454 0.456093967 0
vt 0.171741351 0.457587898 0
vt 0.171820328 0.457576573 0
vt 0.171714127 0.456091106 0
vt 0.172909051 0.456048608 0
vt 0.173006073 0.457405627 0
vt 0.173141479 0.457386136 0
vt 0.173045531 0.456043601 0
vt 0.168568477 0.457379997 0
vt 0.168679446 0.458945632 0
vt 0.168695584 0.458943367 0
vt 0.168584734 0.457379401 0
vt 0.172145277 0.326969564 0
vt 0.172145292 0.454936445 0
vt 0.172254428 0.454932511 0
vt 0.172254443 0.326973438 0
vt 0.171225578 0.326936603 0
vt 0.171225578 0.454969406 0
vt 0.171274006 0.454967678 0
vt 0.171274006 0.326938272 0
vt 0.413410008 0.475554705 0
vt 0.414666295 0.475278974 0
vt 0.414661735 0.475263238 0
vt 0.413407683 0.475538433 0
vt 0.4065274 0.472568274 0
vt 0.40761587 0.47249037 0
vt 0.40759638 0.472354889 0
vt 0.406522512 0.472431719 0
vt 0.4064596 0.470667779 0
vt 0.407344401 0.470604479 0
vt 0.407318413 0.47042346 0
vt 0.406453103 0.470485389 0
vt 0.41100198 0.475810409 0
vt 0.412285835 0.475717723 0
vt 0.41228354 0.475701451 0
vt 0.411001414 0.475794017 0
vt 0.40775466 0.465457916 0
vt 0.407786399 0.465451121 0
vt 0.407722265 0.465232491 0
vt 0.407722235 0.465232491 0
vt 0.408470422 0.470442474 0
vt 0.409204841 0.470282733 0
vt 0.409153372 0.470107257 0
vt 0.408444405 0.470261455 0
vt 0.415755987 0.474956214 0
vt 0.416960627 0.474502802 0
vt 0.416953862 0.474487841 0
vt 0.415751457 0.47494036 0
vt 0.4092592 0.466426134 0
vt 0.40947026 0.466347396 0
vt 0.409377575 0.466144443 0
vt 0.409196317 0.466212034 0
vt 0.417993665 0.474026859 0
vt 0.41912207 0.473405123 0
vt 0.419113278 0.473391294 0
vt 0.41798687 0.474011898 0
vt 0.409945041 0.464645505 0
vt 0.409973532 0.464629948 0
vt 0.409850478 0.4644382 0
vt 0.410505772 0.465874314 0
vt 0.41070354 0.465766251 0
vt 0.41058287 0.465578556 0
vt 0.410413116 0.465671301 0
vt 0.413509905 0.472458899 0
vt 0.414615929 0.471854687 0
vt 0.414589673 0.471813798 0
vt 0.413489699 0.472414792 0
vt 0.410931408 0.464014113 0
vt 0.410957456 0.463994622 0
vt 0.410808384 0.463822365 0
vt 0.410808325 0.463822484 0
vt 0.411661297 0.465150416 0
vt 0.411841631 0.465015352 0
vt 0.41169554 0.46484673 0
vt 0.411540627 0.464962721 0
vt 0.421965063 0.471257925 0
vt 0.422874182 0.470340669 0
vt 0.422861904 0.470329881 0
vt 0.421954453 0.471245468 0
vt 0.415571392 0.471240342 0
vt 0.41658017 0.470484793 0
vt 0.416548371 0.470448077 0
vt 0.415545166 0.471199393 0
vt 0.411817908 0.46324867 0
vt 0.411841065 0.463225484 0
vt 0.411668867 0.463076353 0
vt 0.411668777 0.463076413 0
vt 0.416360319 0.468494892 0
vt 0.417084545 0.467770278 0
vt 0.416981101 0.467680693 0
vt 0.416270733 0.468391418 0
vt 0.423617899 0.469474673 0
vt 0.424388438 0.468436182 0
vt 0.424374729 0.4684273 0
vt 0.423605591 0.469463944 0
vt 0.417438596 0.46974057 0
vt 0.418329686 0.468849063 0
vt 0.418292969 0.468817294 0
vt 0.417406797 0.469703913 0
vt 0.41258657 0.462364614 0
vt 0.41260612 0.462338567 0
vt 0.412414551 0.462215304 0
vt 0.412414491 0.462215424 0
vt 0.425002396 0.467472196 0
vt 0.425618559 0.466333747 0
vt 0.425603718 0.466327012 0
vt 0.424988747 0.467463315 0
vt 0.419073462 0.46799022 0
vt 0.419828624 0.466980875 0
vt 0.419787794 0.466954648 0
vt 0.419036806 0.467958391 0
vt 0.413221627 0.461380303 0
vt 0.413237214 0.461351752 0
vt 0.413030058 0.46125716 0
vt 0.413030088 0.4612571 0
vt 0.415456295 0.462817371 0
vt 0.415653706 0.46245563 0
vt 0.415459126 0.4623667 0
vt 0.415276408 0.462701619 0
vt 0.4260903 0.4652915 0
vt 0.42653966 0.464076102 0
vt 0.426523983 0.464071512 0
vt 0.426075459 0.465284705 0
vt 0.420442671 0.466024995 0
vt 0.421046585 0.464918435 0
vt 0.421002507 0.464898229 0
vt 0.420401812 0.46599865 0
vt 0.413710177 0.460315585 0
vt 0.413721591 0.460285008 0
vt 0.41350311 0.460220814 0
vt 0.413503051 0.460220873 0
vt 0.421518445 0.463884711 0
vt 0.421958745 0.462703466 0
vt 0.421912193 0.462689817 0
vt 0.421474308 0.463864565 0
vt 0.414042354 0.459191918 0
vt 0.414049268 0.459160209 0
vt 0.413823843 0.459127724 0
vt 0.413823843 0.459127784 0
vt 0.416591108 0.459940851 0
vt 0.416678607 0.459538221 0
vt 0.416466951 0.459507704 0
vt 0.416385889 0.45988059 0
vt 0.427294552 0.460574925 0
vt 0.427386433 0.459279597 0
vt 0.427370131 0.459279001 0
vt 0.427278459 0.4605726 0
vt 0.422342867 0.459203541 0
vt 0.422430456 0.457977712 0
vt 0.422350883 0.457974851 0
vt 0.422263801 0.459192276 0
vt 0.421795666 0.459124744 0
vt 0.421879083 0.457958043 0
vt 0.421770006 0.457954109 0
vt 0.421687394 0.459109128 0
vt 0.419193089 0.458749771 0
vt 0.419256449 0.457864463 0
vt 0.419074148 0.457857966 0
vt 0.419012189 0.458723783 0
vt 0.190512165 0.473883986 0
vt 0.405435562 0.473883927 0
vt 0.405432701 0.473804355 0
vt 0.190515012 0.473804355 0
vt 0.186256215 0.464948535 0
vt 0.186538413 0.465053916 0
vt 0.186602563 0.464835286 0
vt 0.186350822 0.46474123 0
vt 0.422839433 0.456853092 0
vt 0.422839403 0.325275362 0
vt 0.422791004 0.32527703 0
vt 0.422790945 0.456851423 0
vt 0.420316398 0.456762731 0
vt 0.420316398 0.325365484 0
vt 0.420155346 0.325371265 0
vt 0.420155406 0.456756949 0
vt 0.400821298 0.288367271 0
vt 0.126038238 0.586152077 0
vt 0.125479981 0.586152077 0
vt 0.125519544 0.586725056 0
vt 0.546797156 0.764165878 0
vt 0.546861708 0.765318394 0
vt 0.534888625 0.5859074 0
vt 0.534937978 0.587060273 0
vt 0.54852134 0.802073598 0
vt 0.54858613 0.803226054 0
vt 0.549547493 0.817520261 0
vt 0.549653649 0.818669081 0
vt 0.553882122 0.849561512 0
vt 0.553151488 0.848409891 0
vt 0.553316653 0.849551082 0
vt 0.557994187 0.872250438 0
vt 0.557587028 0.871095002 0
vt 0.557024777 0.871103048 0
vt 0.557356954 0.872194469 0
vt 0.563089073 0.882960618 0
vt 0.562274575 0.881804287 0
vt 0.561686218 0.881857574 0
vt 0.562270701 0.882828593 0
vt 0.567353427 0.888416469 0
vt 0.566738963 0.888545215 0
vt 0.567490876 0.889391065 0
vt 0.577827156 0.899626255 0
vt 0.578738511 0.900252759 0
vt 0.589736998 0.905183911 0
vt 0.590792775 0.905513525 0
vt 0.533649981 0.519894242 0
vt 0.53366816 0.521048546 0
vt 0.532724977 0.446038008 0
vt 0.532732248 0.447192371 0
vt 0.53274852 0.33492738 0
vt 0.532724977 0.336081326 0
vt 0.536766648 0.251266658 0
vt 0.536206603 0.251271427 0
vt 0.53611213 0.252420843 0
vt 0.543856859 0.194404066 0
vt 0.543290854 0.194413722 0
vt 0.543118536 0.19555372 0
vt 0.543677449 0.195558608 0
vt 0.551567078 0.148007929 0
vt 0.551366568 0.149143398 0
vt 0.551929116 0.149153054 0
vt 0.55766803 0.11401993 0
vt 0.557317495 0.115102589 0
vt 0.566060483 0.097392261 0
vt 0.565366864 0.0982555747 0
vt 0.585747004 0.0821902156 0
vt 0.584761679 0.0826571584 0
vt 0.400821269 0.288367331 0
vt 0.397211611 0.288106918 0
vt 0.406021714 0.289483964 0
vt 0.4060103 0.289523125 0
vt 0.406551838 0.289726913 0
vt 0.410471499 0.291158438 0
vt 0.410454631 0.291195691 0
vt 0.410961956 0.291475177 0
vt 0.414639771 0.293454945 0
vt 0.414617896 0.293489337 0
vt 0.415080637 0.293838859 0
vt 0.418441772 0.296326518 0
vt 0.418415308 0.296357393 0
vt 0.418824017 0.296769798 0
vt 0.421800017 0.299714804 0
vt 0.42176941 0.299741566 0
vt 0.422115803 0.30020839 0
vt 0.424646139 0.303550601 0
vt 0.424612075 0.303572774 0
vt 0.424889088 0.304084659 0
vt 0.426922262 0.307756305 0
vt 0.426885396 0.307773232 0
vt 0.427087367 0.308319688 0
vt 0.42964837 0.317498624 0
vt 0.429919779 0.322297513 0
vt 0.429930508 0.321709573 0
vt 0.429889977 0.321711063 0
vt 0.429879099 0.322303474 0
vt 0.206590056 0.291604102 0
vt 0.206601515 0.291924357 0
vt 0.201603502 0.28812331 0
vt 0.201604933 0.288164139 0
vt 0.202213988 0.288164139 0
vt 0.196068972 0.288646936 0
vt 0.196633786 0.288522959 0
vt 0.196628004 0.288482487 0
vt 0.191225603 0.289794862 0
vt 0.191767186 0.289591014 0
vt 0.191755801 0.289551854 0
vt 0.186593547 0.291626632 0
vt 0.187100857 0.291347146 0
vt 0.187084019 0.291309953 0
vt 0.182266906 0.294104815 0
vt 0.182729632 0.293755293 0
vt 0.182707727 0.293720901 0
vt 0.178333923 0.297178924 0
vt 0.178742647 0.29676652 0
vt 0.178716123 0.296735704 0
vt 0.174874604 0.300786495 0
vt 0.175220996 0.300319672 0
vt 0.175190374 0.30029285 0
vt 0.179660261 0.304266214 0
vt 0.17195937 0.304854214 0
vt 0.172236383 0.304342389 0
vt 0.172202319 0.304320216 0
vt 0.176785916 0.308243275 0
vt 0.177400127 0.307286978 0
vt 0.16964753 0.309298873 0
vt 0.169849515 0.308752537 0
vt 0.169812694 0.308735609 0
vt 0.167986214 0.314030468 0
vt 0.168109074 0.313460588 0
vt 0.168070197 0.313449144 0
vt 0.172945023 0.317237377 0
vt 0.173718944 0.316279948 0
vt 0.173265085 0.316146731 0
vt 0.167009145 0.318952501 0
vt 0.167050377 0.318370759 0
vt 0.167010292 0.318364859 0
vt 0.171984106 0.322038472 0
vt 0.172145769 0.320913434 0
vt 0.166703254 0.323979259 0
vt 0.16669485 0.32338649 0
vt 0.166654319 0.323385 0
vt 0.187990993 0.475851357 0
vt 0.17906177 0.473855078 0
vt 0.177697554 0.473103583 0
vt 0.168544203 0.45680654 0
vt 0.168584734 0.45680511 0
vt 0.16857633 0.456212342 0
vt 0.409846634 0.475851417 0
vt 0.409846038 0.475835025 0
vt 0.410433561 0.475834846 0
vt 0.4104321 0.475794017 0
vt 0.409840077 0.475794017 0
vt 0.420077503 0.472785592 0
vt 0.421106726 0.472008348 0
vt 0.426859617 0.462976635 0
vt 0.427132934 0.461709082 0
vt 0.42742157 0.4581182 0
vt 0.427381039 0.45811224 0
vt 0.427370131 0.45870465 0
vt 0.427410662 0.458706081 0
vt 0.429978043 0.32229358 0
vt 0.168479323 0.456220984 0
vt 0.137687609 0.76295197 0
vt 0.860982955 0.764165878 0
vt 0.872842014 0.587060273 0
vt 0.460059285 0.76295197 0
vt 0.472227365 0.586725116 0
vt 0.856571913 0.802707493 0
vt 0.860878348 0.765314877 0
vt 0.137794897 0.764095247 0
vt 0.142213508 0.801302314 0
vt 0.45829007 0.800671577 0
vt 0.459992975 0.764098704 0
vt 0.850993037 0.850189149 0
vt 0.453539252 0.846777976 0
vt 0.457128167 0.817184746 0
vt 0.851727962 0.849040627 0
vt 0.85533917 0.819299221 0
vt 0.143478394 0.817811728 0
vt 0.147183686 0.847405612 0
vt 0.663826525 0.877750278 0
vt 0.663826525 0.876806915 0
vt 0.84720391 0.871723413 0
vt 0.847766161 0.871733904 0
vt 0.851558566 0.850181043 0
vt 0.147357553 0.848540425 0
vt 0.151248693 0.869986236 0
vt 0.439597845 0.88671416 0
vt 0.444182485 0.881025851 0
vt 0.841657043 0.883585811 0
vt 0.837366819 0.889045596 0
vt 0.837980509 0.889176607 0
vt 0.842473984 0.883458078 0
vt 0.156678736 0.881652176 0
vt 0.16128923 0.887342334 0
vt 0.415946603 0.903293788 0
vt 0.427231699 0.898387015 0
vt 0.173706487 0.899011374 0
vt 0.185015053 0.903862476 0
vt 0.37237823 0.911236167 0
vt 0.414917231 0.903598249 0
vt 0.772357225 0.913758874 0
vt 0.813853025 0.90608269 0
vt 0.186045423 0.904164612 0
vt 0.228622347 0.911802709 0
vt 0.472987592 0.519898117 0
vt 0.124762885 0.519898653 0
vt 0.124216475 0.521040797 0
vt 0.125468835 0.585577846 0
vt 0.872891486 0.5859074 0
vt 0.874111891 0.521048546 0
vt 0.123801477 0.447580159 0
vt 0.473959714 0.447578132 0
vt 0.473548919 0.519892156 0
vt 0.474490494 0.447551131 0
vt 0.123256236 0.447551191 0
vt 0.124197863 0.519892216 0
vt 0.87413007 0.519894242 0
vt 0.875047803 0.447192371 0
vt 0.123797007 0.335842609 0
vt 0.474497974 0.44640249 0
vt 0.474497974 0.33699137 0
vt 0.123248756 0.33699131 0
vt 0.123248756 0.446402431 0
vt 0.875055134 0.446038008 0
vt 0.875055134 0.336081326 0
vt 0.871013403 0.251266658 0
vt 0.127284035 0.253746331 0
vt 0.470468014 0.253746331 0
vt 0.863923192 0.194404066 0
vt 0.777069747 0.194404066 0
vt 0.777069747 0.195558608 0
vt 0.864102662 0.195558608 0
vt 0.470925629 0.252602279 0
vt 0.46383357 0.197161019 0
vt 0.133913189 0.197161019 0
vt 0.12682119 0.252602279 0
vt 0.871573448 0.251271427 0
vt 0.864661455 0.19555372 0
vt 0.855850875 0.149153054 0
vt 0.142376065 0.150981069 0
vt 0.134089947 0.196026683 0
vt 0.864489198 0.194413722 0
vt 0.856413484 0.149143398 0
vt 0.448905051 0.116031826 0
vt 0.441005677 0.100345314 0
vt 0.156741142 0.100345314 0
vt 0.148841709 0.116031826 0
vt 0.850111961 0.11401993 0
vt 0.842413187 0.0982555747 0
vt 0.42009446 0.0843598843 0
vt 0.375552118 0.0749308467 0
vt 0.222194761 0.0749308467 0
vt 0.177652299 0.0843598843 0
vt 0.427477717 0.458121181 0
vt 0.166604713 0.323969722 0
vt 0.473969311 0.33584249 0
vt 0.394984692 0.292014718 0
vt 0.398490131 0.292777658 0
vt 0.398527265 0.292661786 0
vt 0.394999057 0.291894019 0
vt 0.399579972 0.293097854 0
vt 0.402941167 0.294352233 0
vt 0.402994394 0.294242859 0
vt 0.399611413 0.292980313 0
vt 0.402921051 0.294396281 0
vt 0.407191217 0.296443701 0
vt 0.404022157 0.294712424 0
vt 0.411032319 0.299219906 0
vt 0.408141762 0.297054946 0
vt 0.411133528 0.300834179 0
vt 0.411205173 0.300751448 0
vt 0.410346329 0.300006866 0
vt 0.410274684 0.300089598 0
vt 0.41443935 0.302514672 0
vt 0.411886215 0.299960256 0
vt 0.414309919 0.304126859 0
vt 0.41439265 0.304055154 0
vt 0.413648486 0.303195953 0
vt 0.413565814 0.303267598 0
vt 0.41734308 0.306260943 0
vt 0.415179253 0.303369045 0
vt 0.419635981 0.311650813 0
vt 0.41970849 0.311617792 0
vt 0.419236541 0.31058383 0
vt 0.419164002 0.31061697 0
vt 0.429632246 0.317500949 0
vt 0.422097832 0.320613444 0
vt 0.422176749 0.320602119 0
vt 0.422015071 0.319477022 0
vt 0.421936125 0.319488406 0
vt 0.422798723 0.324137568 0
vt 0.422750354 0.324139237 0
vt 0.20544827 0.291475236 0
vt 0.201608464 0.291750014 0
vt 0.206588313 0.291555703 0
vt 0.206604362 0.29200387 0
vt 0.206625164 0.292585194 0
vt 0.206621274 0.292475998 0
vt 0.205483958 0.292516589 0
vt 0.205487877 0.292625785 0
vt 0.20665206 0.293335974 0
vt 0.206647173 0.29319948 0
vt 0.205509782 0.29324007 0
vt 0.205514684 0.293376565 0
vt 0.200490072 0.291910946 0
vt 0.196730375 0.292729259 0
vt 0.195646226 0.293047667 0
vt 0.192041278 0.294393063 0
vt 0.19101347 0.294862628 0
vt 0.187636495 0.296707511 0
vt 0.18668595 0.297318637 0
vt 0.183605805 0.299625635 0
vt 0.182751879 0.300365925 0
vt 0.18003121 0.30308795 0
vt 0.179720551 0.304318488 0
vt 0.179291308 0.303942323 0
vt 0.176985532 0.307024121 0
vt 0.176374674 0.307975113 0
vt 0.174530685 0.311353683 0
vt 0.174061313 0.312382042 0
vt 0.172716737 0.315988839 0
vt 0.172398418 0.317073464 0
vt 0.171580508 0.320835173 0
vt 0.171905145 0.322027087 0
vt 0.172066823 0.32090199 0
vt 0.173331603 0.321083665 0
vt 0.174094349 0.317575395 0
vt 0.17141971 0.32195425 0
vt 0.171145082 0.325796068 0
vt 0.171714127 0.325814784 0
vt 0.389123797 0.291924357 0
vt 0.389135331 0.291604161 0
vt 0.187991589 0.475834966 0
vt 0.190498978 0.474252522 0
vt 0.190500677 0.474204183 0
vt 0.190531939 0.473332286 0
vt 0.190535814 0.473223209 0
vt 0.179068536 0.473840237 0
vt 0.177276164 0.469280422 0
vt 0.176195145 0.468198895 0
vt 0.173961967 0.465133429 0
vt 0.173921123 0.465159655 0
vt 0.174535185 0.466115594 0
vt 0.174576014 0.466089427 0
vt 0.173188478 0.463817239 0
vt 0.173232615 0.463797092 0
vt 0.173125148 0.462596714 0
vt 0.173052549 0.462629914 0
vt 0.173524454 0.463663876 0
vt 0.173597038 0.463630676 0
vt 0.171423852 0.457633734 0
vt 0.171375826 0.457640648 0
vt 0.171537459 0.458765447 0
vt 0.1715855 0.458758533 0
vt 0.171266198 0.45610714 0
vt 0.171314597 0.456105471 0
vt 0.172185928 0.456074357 0
vt 0.172295064 0.456070423 0
vt 0.171104565 0.32693094 0
vt 0.17110458 0.454975247 0
vt 0.407850713 0.474121451 0
vt 0.406585872 0.474211991 0
vt 0.406588793 0.474333107 0
vt 0.407870889 0.474241436 0
vt 0.405446947 0.474204183 0
vt 0.405448735 0.474252582 0
vt 0.406584173 0.474163532 0
vt 0.406572789 0.473843336 0
vt 0.406569898 0.473763764 0
vt 0.408922464 0.473594069 0
vt 0.408911169 0.473514974 0
vt 0.407786667 0.473676682 0
vt 0.407798052 0.473755717 0
vt 0.405411988 0.473223209 0
vt 0.405415833 0.473332345 0
vt 0.406553149 0.473291695 0
vt 0.406549305 0.473182499 0
vt 0.405352801 0.471567094 0
vt 0.405358464 0.471728265 0
vt 0.406495988 0.471687555 0
vt 0.406490266 0.471526504 0
vt 0.405274272 0.469370246 0
vt 0.405281425 0.46957022 0
vt 0.406419098 0.46952951 0
vt 0.406411946 0.469329596 0
vt 0.412456572 0.47288686 0
vt 0.412476718 0.472931027 0
vt 0.420068681 0.472771823 0
vt 0.421096146 0.471995771 0
vt 0.421182543 0.46373111 0
vt 0.421109974 0.46369797 0
vt 0.420638055 0.464731812 0
vt 0.420710653 0.464764953 0
vt 0.426843971 0.462972045 0
vt 0.427116811 0.461706698 0
vt 0.422708333 0.459256291 0
vt 0.422660321 0.459249377 0
vt 0.422498643 0.460374236 0
vt 0.422546655 0.46038115 0
vt 0.422750384 0.457989156 0
vt 0.422798783 0.457990885 0
vt 0.420114756 0.457895041 0
vt 0.420275748 0.457900822 0
vt 0.429936022 0.322296858 0
vt 0.427437782 0.458118796 0
vt 0.422960401 0.456858873 0
vt 0.422960401 0.325269461 0
vt 0.756163359 0.885378659 0
vt 0.756163359 0.885378718 0
vt 0.730229497 0.891814291 0
vt 0.702408373 0.891814291 0
vt 0.689352036 0.868142009 0
vt 0.702408373 0.866675973 0
vt 0.748472631 0.887949467 0
vt 0.737383723 0.890176475 0
vt 0.737383723 0.890176535 0
vt 0.677547753 0.868849695 0
vt 0.756237566 0.877007425 0
vt 0.756237566 0.877950788 0
vt 0.846792936 0.872877061 0
vt 0.751384258 0.885751247 0
vt 0.748688996 0.88668859 0
vt 0.842473328 0.882433116 0
vt 0.67040062 0.885218501 0
vt 0.72860229 0.880852044 0
vt 0.704025328 0.880852044 0
vt 0.735732317 0.880852044 0
vt 0.731816411 0.880852044 0
vt 0.704025328 0.877638161 0
vt 0.72860229 0.877638161 0
vt 0.746794403 0.880852044 0
vt 0.738947392 0.880852044 0
vt 0.754353523 0.880852044 0
vt 0.750011325 0.880852044 0
vt 0.518319666 0.502149343 0
vt 0.518164396 0.502267361 0
vt 0.518164396 0.502220511 0
vt 0.518311143 0.502220511 0
vt 0.679207087 0.877638161 0
vt 0.687762618 0.877638161 0
vt 0.690976679 0.877638161 0
vt 0.700811386 0.877638161 0
vt 0.672007561 0.874332666 0
vt 0.675991535 0.877638161 0
vt 0.731816411 0.877638161 0
vt 0.735732317 0.877638161 0
vt 0.757590175 0.880852044 0
vt 0.757590175 0.877638221 0
vt 0.75723213 0.877524018 0
vt 0.75723213 0.880966246 0
vt 0.774279118 0.232741177 0
vt 0.631472051 0.188744724 0
vt 0.639191031 0.181025922 0
vt 0.632604599 0.195558608 0
vt 0.632604539 0.194404066 0
vt 0.7817716 0.225248754 0
vt 0.7817716 0.195558608 0
vt 0.7817716 0.194404066 0
vt 0.7600981 0.877950788 0
vt 0.7600981 0.877007425 0
vt 0.695376992 0.891024768 0
vt 0.66914165 0.886049747 0
vt 0.668425024 0.885564446 0
vt 0.670222998 0.886511624 0
vt 0.752455592 0.885378718 0
vt 0.756237566 0.882387638 0
vt 0.756237566 0.879245102 0
vt 0.756237566 0.876102626 0
vt 0.752455592 0.873111486 0
vt 0.745063365 0.870540798 0
vt 0.734404922 0.868313789 0
vt 0.727528453 0.866675973 0
vt 0.700787306 0.866675973 0
vt 0.663826466 0.875953257 0
vt 0.668811917 0.872440457 0
vt 0.676891685 0.868849695 0
vt 0.688237786 0.868142009 0
vt 0.730486691 0.891109705 0
vt 0.734404922 0.890176535 0
vt 0.745063365 0.887949467 0
vt 0.769868135 0.232741177 0
vt 0.777069747 0.225248754 0
vt 0.640009403 0.232741177 0
vt 0.632604599 0.225037396 0
vt 0.777069747 0.188241065 0
vt 0.770134687 0.181025922 0
vt 0.640023947 0.181025922 0
vt 0.632604599 0.188744724 0
vt 0.668811917 0.886049747 0
vt 0.669851303 0.886511624 0
vt 0.668123126 0.885564446 0
vt 0.727528453 0.891814291 0
vt 0.700787306 0.891814291 0
vt 0.694028854 0.891024768 0
vt 0.663826466 0.882537007 0
vt 0.663826466 0.879245102 0
vt 0.755048752 0.885751307 0
vt 0.752244651 0.88668859 0
vt 0.733307242 0.891109765 0
vt 0.688237786 0.890348196 0
vt 0.676891685 0.88964057 0
vt 0.663954914 0.876806915 0
vt 0.663954914 0.877750278 0
vt 0.631471992 0.194404066 0
vt 0.631472051 0.195558608 0
vt 0.770020843 0.506730378 0
vt 0.770020843 0.506539464 0
vt 0.769763231 0.50655663 0
vt 0.847811639 0.506730318 0
vt 0.84806931 0.50655663 0
vt 0.847811699 0.506539464 0
vt 0.770020843 0.457741439 0
vt 0.769763172 0.457916081 0
vt 0.770020843 0.457932532 0
vt 0.765841484 0.553553104 0
vt 0.765560687 0.553723216 0
vt 0.765841484 0.553742886 0
vt 0.851991296 0.553553104 0
vt 0.851991296 0.553742945 0
vt 0.852272093 0.553723276 0
vt 0.765841484 0.605813622 0
vt 0.765841484 0.605623722 0
vt 0.765560687 0.605643451 0
vt 0.676528871 0.463932097 0
vt 0.691031098 0.463932097 0
vt 0.691031516 0.463544667 0
vt 0.676528811 0.463544667 0
vt 0.587216079 0.404078186 0
vt 0.587216139 0.463612258 0
vt 0.601723313 0.463612318 0
vt 0.601725996 0.404078126 0
vt 0.676528752 0.40403682 0
vt 0.691031575 0.463544667 0
vt 0.691033423 0.40403682 0
vt 0.58721602 0.463999867 0
vt 0.601722062 0.463999867 0
vt 0.673365712 0.375160277 0
vt 0.658773243 0.375160277 0
vt 0.658796191 0.375543714 0
vt 0.673365831 0.375543714 0
vt 0.762678564 0.39091152 0
vt 0.748155832 0.39091152 0
vt 0.748164415 0.391298771 0
vt 0.762678564 0.391298771 0
vt 0.673365831 0.385542989 0
vt 0.658814311 0.385542989 0
vt 0.658828378 0.385928929 0
vt 0.673365831 0.385928929 0
vt 0.762678504 0.385722697 0
vt 0.748129129 0.385722697 0
vt 0.748144209 0.386108637 0
vt 0.762678623 0.386108637 0
vt 0.762678564 0.375348151 0
vt 0.74808687 0.37534821 0
vt 0.748110235 0.375731468 0
vt 0.762678504 0.375731468 0
vt 0.673365772 0.367546022 0
vt 0.658712268 0.367546022 0
vt 0.65874511 0.367912769 0
vt 0.673365831 0.367912769 0
vt 0.851991296 0.529398084 0
vt 0.837207437 0.529398024 0
vt 0.837236524 0.529538631 0
vt 0.851991355 0.529538631 0
vt 0.762678564 0.367742777 0
vt 0.74802494 0.367742777 0
vt 0.748058259 0.368109226 0
vt 0.762678623 0.368109226 0
vt 0.673365891 0.363967001 0
vt 0.658643067 0.363967001 0
vt 0.658677399 0.364293337 0
vt 0.673365772 0.364293337 0
vt 0.762678564 0.364174604 0
vt 0.747955322 0.364174604 0
vt 0.747989893 0.364500284 0
vt 0.762678504 0.364500284 0
vt 0.766015232 0.43902266 0
vt 0.780768394 0.43902266 0
vt 0.780651808 0.438703597 0
vt 0.765841484 0.438703597 0
vt 0.765841603 0.435083389 0
vt 0.78062582 0.435083389 0
vt 0.780596972 0.434942603 0
vt 0.765841603 0.434942603 0
vt 0.851817548 0.525455058 0
vt 0.837064624 0.525455058 0
vt 0.83718133 0.525774062 0
vt 0.851991236 0.525774002 0
vt 0.834783316 0.458126545 0
vt 0.84781158 0.458126605 0
vt 0.847811759 0.45774138 0
vt 0.8347857 0.45774138 0
vt 0.847811639 0.521234989 0
vt 0.834791183 0.521234989 0
vt 0.83489728 0.5216043 0
vt 0.847980857 0.5216043 0
vt 0.587216139 0.486186802 0
vt 0.601724982 0.486186802 0
vt 0.601722717 0.485798955 0
vt 0.587216079 0.485798955 0
vt 0.770020962 0.443240643 0
vt 0.783041596 0.443240643 0
vt 0.782935619 0.442871332 0
vt 0.769851804 0.442871273 0
vt 0.587216079 0.511009455 0
vt 0.601735592 0.511009455 0
vt 0.601729274 0.510621488 0
vt 0.587216139 0.510621488 0
vt 0.762678564 0.403649509 0
vt 0.748170257 0.403649509 0
vt 0.748173833 0.40403676 0
vt 0.762678504 0.40403682 0
vt 0.673365831 0.390734196 0
vt 0.658838689 0.390734196 0
vt 0.658846021 0.391120434 0
vt 0.673365831 0.391120374 0
vt 0.676528871 0.48611629 0
vt 0.691034675 0.48611629 0
vt 0.691032052 0.485728383 0
vt 0.676528811 0.485728383 0
vt 0.676528692 0.510936856 0
vt 0.691045582 0.510936916 0
vt 0.691039085 0.51054883 0
vt 0.676528752 0.51054889 0
vt 0.58721602 0.595564365 0
vt 0.601842761 0.595564365 0
vt 0.601815164 0.595181406 0
vt 0.58721602 0.595181346 0
vt 0.676528811 0.548278928 0
vt 0.691067159 0.548278928 0
vt 0.69105494 0.547891021 0
vt 0.676528871 0.547891021 0
vt 0.587216139 0.576462984 0
vt 0.601791978 0.576462924 0
vt 0.601772487 0.576076865 0
vt 0.587216079 0.576076865 0
vt 0.676528811 0.576398015 0
vt 0.691102386 0.576398015 0
vt 0.691082835 0.576011717 0
vt 0.676528811 0.576011658 0
vt 0.676528811 0.595515013 0
vt 0.691153228 0.595515013 0
vt 0.691125572 0.595131636 0
vt 0.676528752 0.595131636 0
vt 0.587216079 0.611151695 0
vt 0.601915836 0.611151695 0
vt 0.601875544 0.610770285 0
vt 0.58721602 0.610770345 0
vt 0.765841484 0.531490564 0
vt 0.780784369 0.531490564 0
vt 0.780719519 0.53133589 0
vt 0.765841544 0.53133589 0
vt 0.676528811 0.611120641 0
vt 0.691226363 0.611120582 0
vt 0.69118619 0.610738814 0
vt 0.676528871 0.610738814 0
vt 0.587216079 0.622568011 0
vt 0.602027535 0.622568071 0
vt 0.601966679 0.622204542 0
vt 0.58721602 0.622204542 0
vt 0.676528811 0.622550488 0
vt 0.691338181 0.622550488 0
vt 0.691277266 0.622186184 0
vt 0.676528752 0.622186184 0
vt 0.851991296 0.620992541 0
vt 0.836952329 0.620992601 0
vt 0.836994052 0.621337175 0
vt 0.851991177 0.621337175 0
vt 0.851991177 0.627876163 0
vt 0.83705008 0.627876163 0
vt 0.837115228 0.628030777 0
vt 0.851991236 0.628030777 0
vt 0.765841424 0.538374126 0
vt 0.780881405 0.538374126 0
vt 0.78083998 0.538029552 0
vt 0.765841424 0.538029552 0
vt 0.765841484 0.553936899 0
vt 0.780919433 0.553936899 0
vt 0.780907512 0.553553104 0
vt 0.587216079 0.548351526 0
vt 0.601756752 0.548351526 0
vt 0.601744711 0.547963679 0
vt 0.587216139 0.547963679 0
vt 0.673365891 0.403691828 0
vt 0.658851624 0.403691888 0
vt 0.658855855 0.404078186 0
vt 0.673365772 0.404078186 0
vt 0.587216079 0.403691828 0
vt 0.586935341 0.403667331 0
vt 0.586935341 0.40388453 0
vt 0.587216139 0.40388453 0
vt 0.556129992 0.46506685 0
vt 0.55616504 0.464682043 0
vt 0.555978775 0.464681566 0
vt 0.555942714 0.465068161 0
vt 0.560153186 0.404983699 0
vt 0.559967339 0.40498364 0
vt 0.559950352 0.405370295 0
vt 0.560136616 0.405369818 0
vt 0.762678564 0.403843284 0
vt 0.762959361 0.403843284 0
vt 0.762959361 0.403640211 0
vt 0.762678504 0.463932157 0
vt 0.762959361 0.463928342 0
vt 0.762959361 0.463738143 0
vt 0.762678564 0.463738203 0
vt 0.587216139 0.390734196 0
vt 0.586935341 0.390719831 0
vt 0.586935341 0.390927732 0
vt 0.587216139 0.390927732 0
vt 0.673365831 0.390927732 0
vt 0.673646629 0.390927732 0
vt 0.673646629 0.390719771 0
vt 0.762678564 0.391104996 0
vt 0.762959361 0.391104996 0
vt 0.762959361 0.390897095 0
vt 0.587216258 0.38554287 0
vt 0.586935341 0.385517538 0
vt 0.586935341 0.385735512 0
vt 0.587216139 0.385735512 0
vt 0.673365831 0.385735512 0
vt 0.673646629 0.385735512 0
vt 0.673646688 0.385517538 0
vt 0.762678564 0.38591516 0
vt 0.762959361 0.38591516 0
vt 0.762959361 0.385697246 0
vt 0.587216079 0.375160277 0
vt 0.586935341 0.375122607 0
vt 0.586935341 0.375351191 0
vt 0.587216139 0.375351191 0
vt 0.553008854 0.493488252 0
vt 0.553065538 0.493106306 0
vt 0.552878499 0.493104398 0
vt 0.552819431 0.493490934 0
vt 0.762678564 0.375538945 0
vt 0.762959361 0.375538945 0
vt 0.762959361 0.375310421 0
vt 0.587216139 0.367546022 0
vt 0.586935401 0.367445588 0
vt 0.586935341 0.367721856 0
vt 0.587216139 0.367721796 0
vt 0.673365831 0.367721856 0
vt 0.673646629 0.367721856 0
vt 0.673646629 0.367445529 0
vt 0.762678564 0.367918372 0
vt 0.762959361 0.367918372 0
vt 0.762959301 0.367642224 0
vt 0.58721602 0.363967001 0
vt 0.586935341 0.363800883 0
vt 0.586935341 0.364117563 0
vt 0.587216079 0.364117563 0
vt 0.673365831 0.364117563 0
vt 0.673646629 0.364117563 0
vt 0.673646629 0.363800883 0
vt 0.762678564 0.364324689 0
vt 0.762959361 0.364324689 0
vt 0.762959361 0.364008248 0
vt 0.765841544 0.529398084 0
vt 0.765560806 0.529187083 0
vt 0.765560806 0.529538631 0
vt 0.765841663 0.529538631 0
vt 0.852272153 0.529538631 0
vt 0.852272153 0.529187083 0
vt 0.765560806 0.434942603 0
vt 0.765560806 0.43529582 0
vt 0.766015172 0.525455117 0
vt 0.766398966 0.524794221 0
vt 0.765560687 0.525633454 0
vt 0.765841484 0.525633514 0
vt 0.851991236 0.525633454 0
vt 0.852272034 0.525633454 0
vt 0.851433814 0.524794221 0
vt 0.765841484 0.438844323 0
vt 0.765560687 0.438844323 0
vt 0.766398907 0.43968308 0
vt 0.770020902 0.52123493 0
vt 0.769763291 0.519291043 0
vt 0.769763291 0.521418929 0
vt 0.76999563 0.521425903 0
vt 0.847837031 0.521425903 0
vt 0.84806937 0.521418929 0
vt 0.84806937 0.519291043 0
vt 0.76999563 0.44304955 0
vt 0.769763291 0.443057418 0
vt 0.769763231 0.445244193 0
vt 0.587216139 0.485992849 0
vt 0.586935341 0.485992849 0
vt 0.586935341 0.486184299 0
vt 0.560567975 0.382876098 0
vt 0.560382187 0.382876098 0
vt 0.560376048 0.383262753 0
vt 0.560561895 0.383262634 0
vt 0.762678504 0.48611635 0
vt 0.762959361 0.486113787 0
vt 0.762959361 0.485922337 0
vt 0.762678623 0.485922337 0
vt 0.587216139 0.510815442 0
vt 0.586935341 0.510815442 0
vt 0.586935341 0.511009455 0
vt 0.56087774 0.35814184 0
vt 0.560691953 0.35814184 0
vt 0.560689509 0.358528435 0
vt 0.560875356 0.358528435 0
vt 0.762678504 0.510936856 0
vt 0.762959361 0.510936856 0
vt 0.762959361 0.510742843 0
vt 0.762678623 0.510742843 0
vt 0.587216079 0.548157692 0
vt 0.586935282 0.548157692 0
vt 0.586935282 0.548359871 0
vt 0.673365891 0.548351526 0
vt 0.673646629 0.548359871 0
vt 0.673646629 0.548157692 0
vt 0.673365831 0.548157692 0
vt 0.762678623 0.548278928 0
vt 0.762959361 0.548287332 0
vt 0.762959361 0.548085093 0
vt 0.762678623 0.548085034 0
vt 0.587216079 0.5762707 0
vt 0.586935282 0.5762707 0
vt 0.586935282 0.576489389 0
vt 0.673365831 0.576462984 0
vt 0.673646629 0.576489449 0
vt 0.673646629 0.5762707 0
vt 0.673365831 0.5762707 0
vt 0.762678623 0.576398015 0
vt 0.762959361 0.576424479 0
vt 0.762959361 0.576205552 0
vt 0.762678623 0.576205552 0
vt 0.587216079 0.59537375 0
vt 0.586935282 0.59537375 0
vt 0.586935282 0.595602989 0
vt 0.557339311 0.273873508 0
vt 0.557149708 0.27387023 0
vt 0.557209849 0.274256885 0
vt 0.557397008 0.274255276 0
vt 0.762678564 0.595515013 0
vt 0.762959361 0.595553756 0
vt 0.762959361 0.595324159 0
vt 0.762678623 0.595324159 0
vt 0.587216079 0.61096096 0
vt 0.586935282 0.61096096 0
vt 0.586935282 0.611189485 0
vt 0.673365891 0.611151695 0
vt 0.673646629 0.611189485 0
vt 0.673646629 0.61096096 0
vt 0.673365831 0.610960901 0
vt 0.762678623 0.611120641 0
vt 0.762959361 0.61115849 0
vt 0.762959361 0.610929608 0
vt 0.762678623 0.610929608 0
vt 0.587216079 0.622395337 0
vt 0.586935282 0.622395337 0
vt 0.586935341 0.62267679 0
vt 0.673365772 0.622568011 0
vt 0.673646688 0.62267679 0
vt 0.673646629 0.622395337 0
vt 0.673365831 0.622395337 0
vt 0.762678504 0.622550488 0
vt 0.762959361 0.622659564 0
vt 0.762959361 0.622377157 0
vt 0.762678623 0.622377157 0
vt 0.765560746 0.53133589 0
vt 0.765560746 0.531796277 0
vt 0.851991236 0.531490564 0
vt 0.852272093 0.531796336 0
vt 0.852272093 0.53133595 0
vt 0.851991355 0.53133589 0
vt 0.765841424 0.627876163 0
vt 0.765560687 0.627570391 0
vt 0.765560687 0.628030777 0
vt 0.765841544 0.628030777 0
vt 0.765841484 0.538184166 0
vt 0.765560627 0.53820765 0
vt 0.765560627 0.54001379 0
vt 0.851991236 0.538374126 0
vt 0.852272093 0.54001379 0
vt 0.852272093 0.53820765 0
vt 0.851991355 0.538184166 0
vt 0.765841424 0.620992661 0
vt 0.765560746 0.619352937 0
vt 0.765560687 0.621159077 0
vt 0.765841484 0.621182561 0
vt 0.658851683 0.403691828 0
vt 0.601722658 0.485798955 0
vt 0.688973486 0.625369787 0
vt 0.692945004 0.684682012 0
vt 0.693131268 0.684681535 0
vt 0.689159751 0.625370264 0
vt 0.691031039 0.463932097 0
vt 0.691031992 0.485728383 0
vt 0.658828378 0.385928988 0
vt 0.748144269 0.386108637 0
vt 0.658796132 0.375543714 0
vt 0.748129129 0.385722756 0
vt 0.748110175 0.375731468 0
vt 0.587216198 0.385928988 0
vt 0.586935341 0.385915577 0
vt 0.762959361 0.386095226 0
vt 0.693544209 0.697763145 0
vt 0.693866134 0.702550232 0
vt 0.694052398 0.702550113 0
vt 0.693730474 0.697764039 0
vt 0.673646629 0.385915577 0
vt 0.658773243 0.375160336 0
vt 0.65874505 0.367912829 0
vt 0.748086929 0.375348151 0
vt 0.748058319 0.368109226 0
vt 0.658712208 0.367546022 0
vt 0.748025 0.367742777 0
vt 0.762959361 0.368077755 0
vt 0.695128381 0.713277221 0
vt 0.696370244 0.720494986 0
vt 0.696558535 0.720492244 0
vt 0.695317745 0.713280737 0
vt 0.673365831 0.362040401 0
vt 0.658611 0.362040401 0
vt 0.747955382 0.364174604 0
vt 0.762678564 0.362258494 0
vt 0.747923255 0.362258494 0
vt 0.587216079 0.364293337 0
vt 0.586935401 0.364229381 0
vt 0.762959361 0.364436328 0
vt 0.696481466 0.720860481 0
vt 0.697931349 0.724096596 0
vt 0.698128402 0.724078774 0
vt 0.696694851 0.720879197 0
vt 0.673646629 0.364229441 0
vt 0.780625939 0.435083389 0
vt 0.837064683 0.525455058 0
vt 0.765841424 0.525774062 0
vt 0.765560746 0.525689721 0
vt 0.765560687 0.438788235 0
vt 0.699875355 0.726619542 0
vt 0.703336895 0.730047286 0
vt 0.703545988 0.729987442 0
vt 0.700206578 0.726680696 0
vt 0.852272034 0.525689721 0
vt 0.834791124 0.521234989 0
vt 0.834785581 0.506730378 0
vt 0.783046901 0.457741439 0
vt 0.70364213 0.730257034 0
vt 0.707325459 0.73190856 0
vt 0.707535863 0.731798172 0
vt 0.704349875 0.730369687 0
vt 0.848106861 0.521463454 0
vt 0.84781158 0.50634551 0
vt 0.834783316 0.506345451 0
vt 0.84806931 0.50652194 0
vt 0.84806931 0.457949281 0
vt 0.770020783 0.458126545 0
vt 0.783049107 0.458126545 0
vt 0.770020783 0.506345451 0
vt 0.769763172 0.457949281 0
vt 0.769763172 0.506521881 0
vt 0.601729274 0.510621428 0
vt 0.762678504 0.485728443 0
vt 0.762959361 0.485724568 0
vt 0.688548148 0.603262603 0
vt 0.688956857 0.624983668 0
vt 0.689142704 0.624983609 0
vt 0.688733995 0.603262722 0
vt 0.601735532 0.511009455 0
vt 0.691045642 0.510936856 0
vt 0.601756811 0.548351526 0
vt 0.601791978 0.576462984 0
vt 0.601815104 0.595181406 0
vt 0.691102326 0.576398015 0
vt 0.691125631 0.595131636 0
vt 0.762678564 0.576011658 0
vt 0.762959301 0.576019764 0
vt 0.586935282 0.576084912 0
vt 0.673365831 0.576076865 0
vt 0.673646629 0.576084912 0
vt 0.689366639 0.513299882 0
vt 0.68824017 0.540931106 0
vt 0.688426137 0.540930986 0
vt 0.689552605 0.513300061 0
vt 0.601875603 0.610770345 0
vt 0.691226363 0.611120641 0
vt 0.762678623 0.610738754 0
vt 0.762959361 0.610770941 0
vt 0.694475293 0.478712678 0
vt 0.691770792 0.493873477 0
vt 0.691960335 0.493870199 0
vt 0.694663763 0.478715897 0
vt 0.602027535 0.622568011 0
vt 0.587216079 0.627858102 0
vt 0.602093995 0.627858102 0
vt 0.676528811 0.627857566 0
vt 0.69140476 0.627857566 0
vt 0.762678623 0.622186184 0
vt 0.762959361 0.622217774 0
vt 0.586935282 0.622236133 0
vt 0.673365831 0.622204542 0
vt 0.673646629 0.622236133 0
vt 0.696468234 0.467312455 0
vt 0.694542468 0.478332341 0
vt 0.694731891 0.478329241 0
vt 0.696656585 0.467315555 0
vt 0.837050021 0.627876163 0
vt 0.851991236 0.605813622 0
vt 0.836925805 0.605813622 0
vt 0.765841424 0.621337175 0
vt 0.765560687 0.621234417 0
vt 0.765560687 0.53813225 0
vt 0.851991236 0.538029552 0
vt 0.852272093 0.53813225 0
vt 0.70565927 0.456446588 0
vt 0.699396253 0.461381316 0
vt 0.699801266 0.461304724 0
vt 0.705869853 0.45652318 0
vt 0.780919194 0.605429769 0
vt 0.780919492 0.553936899 0
vt 0.765841484 0.605429769 0
vt 0.851991296 0.553936958 0
vt 0.851991236 0.605429769 0
vt 0.852272034 0.605603576 0
vt 0.852272093 0.553763092 0
vt 0.836913407 0.605429769 0
vt 0.765560687 0.553763032 0
vt 0.765560687 0.605603576 0
vt 0.720527589 0.453116596 0
vt 0.705989242 0.456290126 0
vt 0.707597911 0.456136525 0
vt 0.720728815 0.453270257 0
vt 0.780906796 0.605813622 0
vt 0.836913347 0.553936899 0
vt 0.836913347 0.605429769 0
vt 0.780880392 0.620992661 0
vt 0.836951256 0.538374126 0
vt 0.836925268 0.553553104 0
vt 0.78078258 0.627876163 0
vt 0.780838609 0.621337175 0
vt 0.837048411 0.531490564 0
vt 0.836992621 0.538029552 0
vt 0.747869134 0.622550488 0
vt 0.747802556 0.627857566 0
vt 0.762678504 0.627857566 0
vt 0.658554256 0.622568071 0
vt 0.658487916 0.627858102 0
vt 0.673365831 0.627858102 0
vt 0.747981071 0.611120641 0
vt 0.74793011 0.622186184 0
vt 0.658666134 0.611151695 0
vt 0.658615172 0.622204542 0
vt 0.748054147 0.595515013 0
vt 0.748021364 0.610738814 0
vt 0.673365891 0.595564306 0
vt 0.658739209 0.595564306 0
vt 0.658706307 0.610770345 0
vt 0.673365831 0.610770345 0
vt 0.748105049 0.576398015 0
vt 0.748081744 0.595131695 0
vt 0.762678564 0.595131695 0
vt 0.658789992 0.576462984 0
vt 0.658766747 0.595181406 0
vt 0.673365831 0.595181406 0
vt 0.748140335 0.548278928 0
vt 0.74812448 0.576011717 0
vt 0.658825159 0.548351526 0
vt 0.658809483 0.576076865 0
vt 0.748161554 0.510936856 0
vt 0.748152494 0.547891021 0
vt 0.762678564 0.54789108 0
vt 0.673365712 0.511009455 0
vt 0.658846259 0.511009455 0
vt 0.658837318 0.547963738 0
vt 0.673365831 0.547963738 0
vt 0.748172641 0.48611635 0
vt 0.74816817 0.51054883 0
vt 0.762678504 0.51054889 0
vt 0.673365772 0.486186862 0
vt 0.658856928 0.486186862 0
vt 0.658852696 0.510621488 0
vt 0.673365772 0.510621488 0
vt 0.783049107 0.506345451 0
vt 0.783046842 0.506730378 0
vt 0.847811818 0.443240583 0
vt 0.834791183 0.443240583 0
vt 0.783041418 0.52123493 0
vt 0.851817489 0.43902266 0
vt 0.837064385 0.43902266 0
vt 0.834896922 0.442871332 0
vt 0.847980797 0.442871332 0
vt 0.780767918 0.525455117 0
vt 0.782935381 0.5216043 0
vt 0.769851804 0.5216043 0
vt 0.851991355 0.435083389 0
vt 0.837207019 0.435083389 0
vt 0.837180853 0.438703597 0
vt 0.851991177 0.438703597 0
vt 0.780625343 0.529398024 0
vt 0.780651331 0.525774062 0
vt 0.676528811 0.364174664 0
vt 0.691251993 0.364174604 0
vt 0.69128406 0.362258554 0
vt 0.676528752 0.362258554 0
vt 0.601938844 0.363967001 0
vt 0.601970971 0.362040401 0
vt 0.587216139 0.362040401 0
vt 0.676528811 0.367742777 0
vt 0.691182375 0.367742777 0
vt 0.691217363 0.364500284 0
vt 0.676528811 0.364500225 0
vt 0.601869702 0.367546022 0
vt 0.601904392 0.364293337 0
vt 0.676528752 0.375348151 0
vt 0.691120386 0.375348151 0
vt 0.691149235 0.368109226 0
vt 0.676528871 0.368109226 0
vt 0.601808488 0.375160336 0
vt 0.601836801 0.367912889 0
vt 0.587216079 0.367912889 0
vt 0.676528811 0.385722697 0
vt 0.691078186 0.385722756 0
vt 0.691097021 0.375731468 0
vt 0.676528752 0.375731468 0
vt 0.601767778 0.38554287 0
vt 0.601785779 0.375543714 0
vt 0.587216139 0.375543714 0
vt 0.676528871 0.39091152 0
vt 0.691051543 0.390911579 0
vt 0.691063106 0.386108696 0
vt 0.676528752 0.386108696 0
vt 0.601743221 0.390734196 0
vt 0.601753592 0.385928988 0
vt 0.748173833 0.40403682 0
vt 0.74817574 0.463544667 0
vt 0.762678504 0.463544667 0
vt 0.676528811 0.403649509 0
vt 0.691037059 0.403649509 0
vt 0.69104296 0.391298771 0
vt 0.676528811 0.391298771 0
vt 0.658855915 0.404078126 0
vt 0.658858657 0.463612318 0
vt 0.673365831 0.463612318 0
vt 0.601730347 0.403691888 0
vt 0.658837318 0.547963679 0
vt 0.836925328 0.553553104 0
vt 0.780717492 0.628030777 0
vt 0.780880332 0.620992661 0
vt 0.658554316 0.622568011 0
vt 0.748021305 0.610738814 0
vt 0.837048352 0.531490564 0
vt 0.83711344 0.53133589 0
vt 0.658706307 0.610770285 0
vt 0.748054087 0.595515013 0
vt 0.658809423 0.576076865 0
vt 0.748140275 0.548278928 0
vt 0.74816823 0.51054889 0
vt 0.748175263 0.485728383 0
vt 0.601743281 0.390734196 0
vt 0.587216079 0.391120434 0
vt 0.60173589 0.391120434 0
vt 0.658852756 0.510621488 0
vt 0.834896922 0.442871392 0
vt 0.673365772 0.485798895 0
vt 0.658859253 0.485798895 0
vt 0.783041477 0.52123493 0
vt 0.782935441 0.5216043 0
vt 0.834783316 0.50634551 0
vt 0.780768037 0.525455117 0
vt 0.837207079 0.435083389 0
vt 0.851991415 0.434942544 0
vt 0.837236047 0.434942544 0
vt 0.691251993 0.364174664 0
vt 0.691182315 0.367742777 0
vt 0.780596495 0.529538631 0
vt 0.691120386 0.37534821 0
vt 0.691063046 0.386108696 0
vt 0.601767778 0.385542929 0
vt 0.601753652 0.385928988 0
vt 0.691051602 0.39091152 0
vt 0.691043019 0.391298711 0
vt 0.601808488 0.375160277 0
vt 0.65885973 0.463999927 0
vt 0.673365772 0.463999927 0
vt 0.748176277 0.463932157 0
vt 0.748175263 0.485728443 0
vt 0.7481758 0.463544667 0
vt 0.601730347 0.403691828 0
vt 0.394602895 0.299235761 0
vt 0.393470824 0.299078584 0
vt 0.393879592 0.30021292 0
vt 0.389671624 0.298855662 0
vt 0.390203297 0.299959004 0
vt 0.390814662 0.298895121 0
vt 0.397984833 0.300027132 0
vt 0.396887451 0.299715817 0
vt 0.397125006 0.300894797 0
vt 0.401215732 0.301275074 0
vt 0.400175333 0.300816178 0
vt 0.400236726 0.302015841 0
vt 0.404229701 0.302954614 0
vt 0.403267562 0.302357256 0
vt 0.403151661 0.303553224 0
vt 0.406965643 0.3050313 0
vt 0.406101346 0.304307818 0
vt 0.405810416 0.305475593 0
vt 0.409367889 0.307462931 0
vt 0.408618867 0.306628048 0
vt 0.408158809 0.307743907 0
vt 0.411387146 0.310199916 0
vt 0.410768777 0.309270561 0
vt 0.410148948 0.310311854 0
vt 0.412982762 0.313186705 0
vt 0.412507594 0.312181771 0
vt 0.411740661 0.313127398 0
vt 0.414121956 0.3163625 0
vt 0.413799793 0.315302551 0
vt 0.412901342 0.316133082 0
vt 0.414781719 0.319662452 0
vt 0.414618909 0.318568945 0
vt 0.41360724 0.319267511 0
vt 0.415012538 0.323331952 0
vt 0.414971679 0.322227895 0
vt 0.413870215 0.322818696 0
vt 0.206929386 0.298855662 0
vt 0.205786332 0.298895121 0
vt 0.206397712 0.299959004 0
vt 0.201760679 0.299252212 0
vt 0.202483982 0.300229311 0
vt 0.20289278 0.299095035 0
vt 0.19814615 0.30009228 0
vt 0.199005932 0.300960124 0
vt 0.199243516 0.299781084 0
vt 0.194692403 0.301420629 0
vt 0.19567138 0.302161396 0
vt 0.195732743 0.300961733 0
vt 0.191469461 0.303210318 0
vt 0.19254747 0.303809047 0
vt 0.192431584 0.30261302 0
vt 0.188543037 0.30542469 0
vt 0.189698339 0.305869102 0
vt 0.189407408 0.304701328 0
vt 0.185972601 0.308018863 0
vt 0.187181681 0.308299899 0
vt 0.186721563 0.307184041 0
vt 0.183810562 0.310940087 0
vt 0.185048759 0.311052024 0
vt 0.18442893 0.310010672 0
vt 0.182101011 0.314128458 0
vt 0.183343038 0.314069152 0
vt 0.182576135 0.313123643 0
vt 0.180878609 0.317519665 0
vt 0.182099283 0.317290127 0
vt 0.181200847 0.316459656 0
vt 0.180168271 0.321044207 0
vt 0.181342751 0.320649326 0
vt 0.180331051 0.319950819 0
vt 0.179920509 0.324943006 0
vt 0.181062788 0.32442975 0
vt 0.179961309 0.323839009 0
vt 0.187898666 0.468182623 0
vt 0.189030737 0.468339801 0
vt 0.188621849 0.467205405 0
vt 0.190767169 0.468420208 0
vt 0.190235719 0.467316985 0
vt 0.189624175 0.468380809 0
vt 0.186537549 0.467815936 0
vt 0.187634945 0.468127191 0
vt 0.187397331 0.466948211 0
vt 0.185244247 0.467265904 0
vt 0.186284631 0.46772486 0
vt 0.186223224 0.466525137 0
vt 0.184045285 0.466543734 0
vt 0.185007393 0.467140973 0
vt 0.185123324 0.465945005 0
vt 0.182964891 0.465664029 0
vt 0.183829218 0.46638757 0
vt 0.184120178 0.465219736 0
vt 0.182024986 0.464644909 0
vt 0.182773978 0.465479732 0
vt 0.183234096 0.464363813 0
vt 0.181244925 0.463506877 0
vt 0.181863263 0.464436173 0
vt 0.182483047 0.463394761 0
vt 0.180640459 0.46227324 0
vt 0.181115627 0.463278055 0
vt 0.181882501 0.462332606 0
vt 0.180223942 0.460968971 0
vt 0.180546135 0.462028861 0
vt 0.181444541 0.461198449 0
vt 0.180003732 0.459620714 0
vt 0.180166543 0.460714221 0
vt 0.181178197 0.460015714 0
vt 0.179920509 0.457943559 0
vt 0.179961309 0.459047675 0
vt 0.181062788 0.458456874 0
vt 0.40605706 0.468420208 0
vt 0.407200068 0.468380809 0
vt 0.406588554 0.467316985 0
vt 0.408656538 0.46820122 0
vt 0.407933295 0.467224002 0
vt 0.407524377 0.468358397 0
vt 0.409753919 0.467889905 0
vt 0.408894032 0.467022121 0
vt 0.408656538 0.46820116 0
vt 0.410794348 0.467430949 0
vt 0.409815431 0.466690242 0
vt 0.411756516 0.466833711 0
vt 0.410678387 0.466235161 0
vt 0.412620932 0.466110289 0
vt 0.411465555 0.465665996 0
vt 0.413369954 0.465275347 0
vt 0.412160873 0.464994252 0
vt 0.412620991 0.46611017 0
vt 0.413988322 0.464345932 0
vt 0.412750185 0.464233935 0
vt 0.414463431 0.463341117 0
vt 0.413221389 0.463400483 0
vt 0.414785683 0.462281048 0
vt 0.41356495 0.462510467 0
vt 0.41446349 0.463340938 0
vt 0.414948523 0.461187601 0
vt 0.413774043 0.461582482 0
vt 0.414785683 0.462280989 0
vt 0.415012538 0.459770262 0
vt 0.413870215 0.460283518 0
vt 0.414971679 0.460874319 0
vt 0.396951884 0.299503863 0
vt 0.394635439 0.299017191 0
vt 0.39733398 0.29824698 0
vt 0.394828409 0.297720492 0
vt 0.39479652 0.29793483 0
vt 0.397270858 0.298454762 0
vt 0.399382651 0.29151237 0
vt 0.395861417 0.290772557 0
vt 0.395854443 0.290819108 0
vt 0.399368942 0.29155761 0
vt 0.399278134 0.291856229 0
vt 0.395808697 0.291127205 0
vt 0.395797282 0.291203856 0
vt 0.399255514 0.291930497 0
vt 0.399121463 0.292370796 0
vt 0.39572984 0.291658103 0
vt 0.395714164 0.291763186 0
vt 0.399090469 0.292472601 0
vt 0.398916095 0.2930457 0
vt 0.395626336 0.292354405 0
vt 0.395606816 0.292485774 0
vt 0.398877382 0.293172956 0
vt 0.398666143 0.293867052 0
vt 0.395500392 0.293201923 0
vt 0.395477295 0.293356955 0
vt 0.398620486 0.294017434 0
vt 0.398376822 0.294818401 0
vt 0.39535448 0.294183314 0
vt 0.395328373 0.29435885 0
vt 0.398325026 0.294988573 0
vt 0.398053735 0.295880198 0
vt 0.39519161 0.295278788 0
vt 0.395163 0.295471251 0
vt 0.397997051 0.296066701 0
vt 0.397703826 0.297030807 0
vt 0.395015061 0.296465933 0
vt 0.394984484 0.296671331 0
vt 0.397643298 0.297230065 0
vt 0.394732058 0.290615678 0
vt 0.391129673 0.290366769 0
vt 0.391127914 0.290413857 0
vt 0.394725084 0.290662348 0
vt 0.394679129 0.290970385 0
vt 0.39111644 0.290724218 0
vt 0.391113609 0.290801466 0
vt 0.394667745 0.291046917 0
vt 0.394599944 0.291501164 0
vt 0.391096711 0.291259229 0
vt 0.391092837 0.291365147 0
vt 0.394584298 0.291606247 0
vt 0.394496143 0.292197406 0
vt 0.391070813 0.291960776 0
vt 0.391065896 0.292093217 0
vt 0.394476533 0.292328835 0
vt 0.394369781 0.293044865 0
vt 0.391039342 0.292814851 0
vt 0.39103353 0.292971015 0
vt 0.394346684 0.293199956 0
vt 0.394223452 0.294026315 0
vt 0.391002774 0.293803811 0
vt 0.390996218 0.293980718 0
vt 0.394197345 0.294201791 0
vt 0.394060194 0.29512167 0
vt 0.390962034 0.294907689 0
vt 0.390954822 0.295101583 0
vt 0.394031584 0.295314133 0
vt 0.393883318 0.296308756 0
vt 0.390917808 0.296103954 0
vt 0.390910208 0.296310902 0
vt 0.393852741 0.296514153 0
vt 0.393696427 0.297563314 0
vt 0.390871108 0.297368169 0
vt 0.390863121 0.297584116 0
vt 0.393664598 0.297777593 0
vt 0.393503398 0.298859894 0
vt 0.390822798 0.298674703 0
vt 0.400833786 0.299423695 0
vt 0.398431242 0.298558235 0
vt 0.39836818 0.298765898 0
vt 0.400740683 0.299620569 0
vt 0.403391272 0.302171469 0
vt 0.401310742 0.301074147 0
vt 0.403853863 0.293039262 0
vt 0.400477409 0.291822851 0
vt 0.40046367 0.291868091 0
vt 0.403833568 0.293082058 0
vt 0.403699696 0.29336518 0
vt 0.400372982 0.29216671 0
vt 0.400350422 0.292240977 0
vt 0.403666317 0.293435574 0
vt 0.403468847 0.293852925 0
vt 0.400216728 0.292681336 0
vt 0.400185704 0.292783201 0
vt 0.40342316 0.293949544 0
vt 0.403166115 0.294492781 0
vt 0.400011718 0.293356359 0
vt 0.399973035 0.293483734 0
vt 0.403109074 0.294613481 0
vt 0.402797699 0.295271516 0
vt 0.399762154 0.294177949 0
vt 0.399716467 0.294328213 0
vt 0.402730346 0.295413911 0
vt 0.402371079 0.296173334 0
vt 0.39947319 0.295129359 0
vt 0.399421513 0.29529953 0
vt 0.402294785 0.296334624 0
vt 0.401894897 0.297179937 0
vt 0.399150521 0.296191335 0
vt 0.399093837 0.296377778 0
vt 0.401811361 0.297356725 0
vt 0.401379049 0.298270822 0
vt 0.39880085 0.297341943 0
vt 0.398740381 0.297541082 0
vt 0.401289701 0.298459589 0
vt 0.404124439 0.301069498 0
vt 0.401874006 0.299882591 0
vt 0.401780933 0.300079525 0
vt 0.404003263 0.301251531 0
vt 0.406251162 0.304140866 0
vt 0.40435338 0.302768648 0
vt 0.407853931 0.295466602 0
vt 0.404737651 0.293823063 0
vt 0.404704481 0.293893456 0
vt 0.407810569 0.29553175 0
vt 0.407553554 0.29591769 0
vt 0.40450713 0.294310987 0
vt 0.404461503 0.294407606 0
vt 0.407494128 0.296006978 0
vt 0.407159626 0.296509385 0
vt 0.404204786 0.294950962 0
vt 0.404147685 0.295071721 0
vt 0.407085359 0.296620965 0
vt 0.406680256 0.297229469 0
vt 0.403836727 0.295729816 0
vt 0.403769374 0.295872331 0
vt 0.406592578 0.297361314 0
vt 0.406125069 0.298063517 0
vt 0.403410524 0.296631813 0
vt 0.40333429 0.296793163 0
vt 0.406025887 0.298212707 0
vt 0.405505478 0.298994482 0
vt 0.4029347 0.297638595 0
vt 0.402851105 0.297815382 0
vt 0.4053967 0.299157977 0
vt 0.404834092 0.30000329 0
vt 0.402419031 0.298729599 0
vt 0.402329803 0.298918366 0
vt 0.404717863 0.300177872 0
vt 0.407139242 0.303150952 0
vt 0.405086517 0.301666677 0
vt 0.404965341 0.301848769 0
vt 0.406992525 0.303314507 0
vt 0.408791751 0.306483328 0
vt 0.407115459 0.304864287 0
vt 0.41165629 0.298117697 0
vt 0.408813894 0.296062529 0
vt 0.408770561 0.296127617 0
vt 0.411603808 0.298176169 0
vt 0.411292553 0.29852289 0
vt 0.408513874 0.296513796 0
vt 0.408454478 0.296603084 0
vt 0.411220521 0.298603117 0
vt 0.410815418 0.299054384 0
vt 0.408120304 0.29710561 0
vt 0.408046007 0.297217309 0
vt 0.410725445 0.299154758 0
vt 0.410234809 0.299701333 0
vt 0.407641113 0.297826052 0
vt 0.407553494 0.297957778 0
vt 0.410128564 0.299819708 0
vt 0.409562409 0.300450563 0
vt 0.407086343 0.298660219 0
vt 0.406987131 0.298809409 0
vt 0.409442186 0.300584555 0
vt 0.408811897 0.301286757 0
vt 0.406467021 0.299591303 0
vt 0.406358212 0.299754918 0
vt 0.408680141 0.301433742 0
vt 0.407998711 0.302193046 0
vt 0.405795932 0.30060035 0
vt 0.405679733 0.300774872 0
vt 0.407858014 0.302349865 0
vt 0.409816682 0.305625558 0
vt 0.408003569 0.303874254 0
vt 0.407856762 0.304037809 0
vt 0.409647375 0.305767238 0
vt 0.410961151 0.309151173 0
vt 0.409540743 0.30731827 0
vt 0.415029317 0.301264465 0
vt 0.41251871 0.29883945 0
vt 0.412466228 0.298898041 0
vt 0.414968729 0.301315129 0
vt 0.414609581 0.301615536 0
vt 0.412155211 0.29924494 0
vt 0.412083149 0.299325228 0
vt 0.414526463 0.301685035 0
vt 0.414058954 0.302076042 0
vt 0.411678433 0.299776673 0
vt 0.41158843 0.299876988 0
vt 0.413955092 0.302163005 0
vt 0.413388908 0.302636564 0
vt 0.411098093 0.300423861 0
vt 0.410991877 0.300542176 0
vt 0.413266331 0.302739143 0
vt 0.412613004 0.303285778 0
vt 0.410425931 0.301173329 0
vt 0.410305768 0.301307321 0
vt 0.412474304 0.303401887 0
vt 0.411746979 0.304010332 0
vt 0.409675837 0.302009881 0
vt 0.409543991 0.302156746 0
vt 0.411594868 0.304137647 0
vt 0.410808474 0.304795563 0
vt 0.40886277 0.302916229 0
vt 0.408722132 0.303073108 0
vt 0.410646141 0.304931521 0
vt 0.412102163 0.30844295 0
vt 0.410565585 0.306460381 0
vt 0.410396188 0.30660212 0
vt 0.411913633 0.308559954 0
vt 0.412715644 0.312090039 0
vt 0.411579579 0.310080349 0
vt 0.417904317 0.30484277 0
vt 0.415776521 0.30209744 0
vt 0.415715992 0.302148163 0
vt 0.417836934 0.304884613 0
vt 0.417437106 0.305132627 0
vt 0.415356994 0.302448809 0
vt 0.415274024 0.302518308 0
vt 0.41734463 0.305190027 0
vt 0.416824281 0.305512846 0
vt 0.414806753 0.302909553 0
vt 0.414702952 0.302996516 0
vt 0.416708738 0.30558455 0
vt 0.416078508 0.305975497 0
vt 0.414137006 0.303470373 0
vt 0.414014369 0.303572953 0
vt 0.415942043 0.306060135 0
vt 0.415214777 0.306511343 0
vt 0.413361341 0.304119885 0
vt 0.413222581 0.304235995 0
vt 0.415060371 0.306607246 0
vt 0.414250791 0.307109594 0
vt 0.412495553 0.304844737 0
vt 0.412343442 0.304972053 0
vt 0.414081514 0.307214677 0
vt 0.41320622 0.307757795 0
vt 0.411557257 0.305630267 0
vt 0.411394894 0.305766165 0
vt 0.413025409 0.307869971 0
vt 0.41394937 0.311545968 0
vt 0.412720472 0.309372187 0
vt 0.412531883 0.30948925 0
vt 0.413745522 0.311635792 0
vt 0.414019227 0.315240264 0
vt 0.413190812 0.313094914 0
vt 0.42056036 0.308631241 0
vt 0.418833315 0.305576265 0
vt 0.418792307 0.305601716 0
vt 0.420516014 0.308650732 0
vt 0.420222938 0.308779895 0
vt 0.418521315 0.305770099 0
vt 0.418453872 0.305811942 0
vt 0.420149952 0.308812141 0
vt 0.419717729 0.309002638 0
vt 0.418054163 0.306060135 0
vt 0.417961836 0.306117475 0
vt 0.419617802 0.309046686 0
vt 0.419055164 0.309294641 0
vt 0.417441726 0.306440532 0
vt 0.417326033 0.306512356 0
vt 0.418930113 0.309349775 0
vt 0.418248802 0.309650183 0
vt 0.416696101 0.30690366 0
vt 0.416559696 0.306988299 0
vt 0.418101311 0.309715211 0
vt 0.417314947 0.310061872 0
vt 0.415832549 0.307439864 0
vt 0.415678144 0.307535768 0
vt 0.417147875 0.310135543 0
vt 0.416272581 0.310521424 0
vt 0.414868832 0.308038354 0
vt 0.414699525 0.308143437 0
vt 0.416089535 0.310602248 0
vt 0.415143102 0.31101948 0
vt 0.413824409 0.308686852 0
vt 0.413643599 0.308799028 0
vt 0.414947629 0.311105728 0
vt 0.415320486 0.314871252 0
vt 0.414424419 0.312550664 0
vt 0.414220512 0.312640607 0
vt 0.415105492 0.314932227 0
vt 0.414845377 0.318537533 0
vt 0.41434145 0.316300273 0
vt 0.422293723 0.312895 0
vt 0.421034336 0.309633613 0
vt 0.42099005 0.309653223 0
vt 0.422246903 0.312908232 0
vt 0.421937734 0.312995732 0
vt 0.420696914 0.309782565 0
vt 0.420624077 0.309814751 0
vt 0.421860784 0.313017607 0
vt 0.421404928 0.31314671 0
vt 0.420191944 0.310005486 0
vt 0.420091957 0.310049593 0
vt 0.421299458 0.313176692 0
vt 0.420706093 0.313344717 0
vt 0.419529587 0.310297906 0
vt 0.419404507 0.310353041 0
vt 0.420574158 0.313382089 0
vt 0.419855535 0.313585818 0
vt 0.418723255 0.310653746 0
vt 0.418575764 0.310718834 0
vt 0.419699937 0.313629925 0
vt 0.418870479 0.313864887 0
vt 0.417789578 0.311065853 0
vt 0.417622626 0.311139524 0
vt 0.418694317 0.313914835 0
vt 0.417771101 0.3141765 0
vt 0.416747481 0.311525702 0
vt 0.416564345 0.311606526 0
vt 0.417577922 0.314231336 0
vt 0.416579664 0.314514279 0
vt 0.415618032 0.312024057 0
vt 0.415422589 0.312110245 0
vt 0.416373521 0.314572752 0
vt 0.416187733 0.31835115 0
vt 0.415642649 0.315931141 0
vt 0.415427655 0.315992117 0
vt 0.415965945 0.318381965 0
vt 0.415199846 0.322220087 0
vt 0.415008128 0.31963104 0
vt 0.42338109 0.317353487 0
vt 0.422615081 0.313952267 0
vt 0.422568381 0.313965619 0
vt 0.42333287 0.317360222 0
vt 0.423013866 0.317404389 0
vt 0.422259212 0.314053357 0
vt 0.422182381 0.314075172 0
vt 0.422934592 0.317415476 0
vt 0.422464222 0.317480564 0
vt 0.421726465 0.314204574 0
vt 0.421620995 0.314234495 0
vt 0.422355443 0.317495644 0
vt 0.421743333 0.317580462 0
vt 0.42102772 0.314402997 0
vt 0.420895875 0.314440429 0
vt 0.421607345 0.317599356 0
vt 0.420865983 0.317702115 0
vt 0.420177281 0.314644456 0
vt 0.420021713 0.314688504 0
vt 0.420705378 0.317724407 0
vt 0.419849873 0.31784302 0
vt 0.419192404 0.314923942 0
vt 0.419016272 0.314973891 0
vt 0.419668108 0.317868292 0
vt 0.418715715 0.318000376 0
vt 0.418093085 0.315235853 0
vt 0.417899996 0.31529063 0
vt 0.418516397 0.318027973 0
vt 0.417486668 0.318170905 0
vt 0.416901767 0.31557399 0
vt 0.416695625 0.315632403 0
vt 0.417273939 0.318200409 0
vt 0.416552544 0.322173417 0
vt 0.416350484 0.319444478 0
vt 0.416128695 0.319475353 0
vt 0.416329056 0.322181165 0
vt 0.415240645 0.45977813 0
vt 0.415240645 0.323324084 0
vt 0.423801094 0.321923792 0
vt 0.423543453 0.318444312 0
vt 0.423495233 0.318451047 0
vt 0.423752606 0.321925461 0
vt 0.423431158 0.321936488 0
vt 0.423176289 0.318495333 0
vt 0.423096925 0.31850642 0
vt 0.423351198 0.32193923 0
vt 0.422877252 0.321955562 0
vt 0.422626734 0.318571925 0
vt 0.422517955 0.318587005 0
vt 0.422767669 0.321959317 0
vt 0.42215091 0.321980655 0
vt 0.421905845 0.31867218 0
vt 0.421769857 0.318691075 0
vt 0.422013849 0.321985304 0
vt 0.421266735 0.322010994 0
vt 0.421028495 0.318794191 0
vt 0.42086798 0.318816483 0
vt 0.421105027 0.322016656 0
vt 0.420242846 0.32204628 0
vt 0.420012414 0.318935513 0
vt 0.419830739 0.318960726 0
vt 0.420059741 0.322052598 0
vt 0.419099987 0.322085619 0
vt 0.418878376 0.319093168 0
vt 0.418679088 0.319120944 0
vt 0.418899238 0.322092593 0
vt 0.417861491 0.322128356 0
vt 0.417649329 0.319263995 0
vt 0.417436689 0.319293559 0
vt 0.417647153 0.322135746 0
vt 0.423979819 0.321917593 0
vt 0.423720837 0.318419635 0
vt 0.423704624 0.3184219 0
vt 0.423963547 0.32191819 0
vt 0.205729917 0.297368169 0
vt 0.202667177 0.297579706 0
vt 0.202699065 0.297793925 0
vt 0.205737889 0.297584116 0
vt 0.205504224 0.291259229 0
vt 0.20176363 0.291517556 0
vt 0.201779276 0.291622639 0
vt 0.205508128 0.291365147 0
vt 0.205530122 0.291960776 0
vt 0.201867491 0.292213798 0
vt 0.201887012 0.292345226 0
vt 0.205535024 0.292093217 0
vt 0.205561653 0.292814851 0
vt 0.201993853 0.293061256 0
vt 0.20201692 0.293216348 0
vt 0.205567479 0.292971075 0
vt 0.205598205 0.293803811 0
vt 0.202140152 0.294042647 0
vt 0.202166229 0.294218183 0
vt 0.205604762 0.293980718 0
vt 0.205638975 0.294907689 0
vt 0.202303395 0.295138061 0
vt 0.202332035 0.295330405 0
vt 0.205646157 0.295101583 0
vt 0.205683172 0.296103954 0
vt 0.202480286 0.296325207 0
vt 0.202510864 0.296530545 0
vt 0.205690861 0.296310902 0
vt 0.201728106 0.299033463 0
vt 0.199179098 0.29956913 0
vt 0.200633779 0.291674554 0
vt 0.197009593 0.292436004 0
vt 0.197040528 0.292537868 0
vt 0.200649396 0.291779578 0
vt 0.200737268 0.292370796 0
vt 0.197214931 0.293110907 0
vt 0.197253615 0.293238282 0
vt 0.200756818 0.292502224 0
vt 0.200863212 0.293218374 0
vt 0.197464839 0.293932319 0
vt 0.197510511 0.294082642 0
vt 0.200886279 0.293373406 0
vt 0.201009125 0.294199765 0
vt 0.197754234 0.294883609 0
vt 0.197805971 0.29505378 0
vt 0.201035231 0.2943753 0
vt 0.201171935 0.295295179 0
vt 0.198077202 0.295945406 0
vt 0.198133916 0.296131968 0
vt 0.201200619 0.295487583 0
vt 0.201348513 0.296482325 0
vt 0.198427171 0.297096193 0
vt 0.198487699 0.297295272 0
vt 0.201379091 0.296687722 0
vt 0.201535165 0.297736883 0
vt 0.198796958 0.298312247 0
vt 0.198860109 0.298519909 0
vt 0.201567054 0.297951162 0
vt 0.198081702 0.299880326 0
vt 0.195637792 0.300760806 0
vt 0.195914328 0.292746663 0
vt 0.192439258 0.293998539 0
vt 0.192484915 0.294095099 0
vt 0.195945293 0.292848527 0
vt 0.196119338 0.293421626 0
vt 0.19274196 0.294638395 0
vt 0.192799032 0.294759095 0
vt 0.196158051 0.293549001 0
vt 0.196368784 0.294243157 0
vt 0.193110421 0.29541713 0
vt 0.19317773 0.295559585 0
vt 0.19641456 0.29439342 0
vt 0.196657866 0.295194566 0
vt 0.193537027 0.296318948 0
vt 0.193613261 0.296480179 0
vt 0.196709543 0.295364738 0
vt 0.196980447 0.296256483 0
vt 0.194013163 0.297325552 0
vt 0.194096744 0.297502339 0
vt 0.19703716 0.296442986 0
vt 0.197330087 0.297407329 0
vt 0.194529116 0.298416436 0
vt 0.194618359 0.298605204 0
vt 0.197390646 0.297606409 0
vt 0.197699696 0.298623502 0
vt 0.195074379 0.299569249 0
vt 0.195167452 0.299766123 0
vt 0.197762802 0.298831165 0
vt 0.194597453 0.301219702 0
vt 0.192307964 0.302427232 0
vt 0.191400915 0.294456542 0
vt 0.188145638 0.296173513 0
vt 0.188205063 0.296262741 0
vt 0.191446558 0.294553161 0
vt 0.191703275 0.295096517 0
vt 0.188539535 0.296765208 0
vt 0.188613832 0.296876788 0
vt 0.191760376 0.295217276 0
vt 0.192071319 0.29587543 0
vt 0.18901895 0.297485292 0
vt 0.189106643 0.297617018 0
vt 0.192138702 0.296017885 0
vt 0.192497611 0.296777368 0
vt 0.189574093 0.29831934 0
vt 0.189673364 0.298468471 0
vt 0.192573845 0.296938658 0
vt 0.192973405 0.29778415 0
vt 0.190193743 0.299250185 0
vt 0.190302536 0.299413741 0
vt 0.193057001 0.297960937 0
vt 0.193489045 0.298875153 0
vt 0.190865159 0.300259054 0
vt 0.190981299 0.300433636 0
vt 0.193578303 0.299063921 0
vt 0.19403407 0.300028145 0
vt 0.191574723 0.301325321 0
vt 0.191695839 0.301507354 0
vt 0.194127157 0.300225079 0
vt 0.191345811 0.303024471 0
vt 0.189257562 0.304534376 0
vt 0.187185407 0.296769559 0
vt 0.184216172 0.298916459 0
vt 0.184288144 0.298996568 0
vt 0.187244773 0.296858907 0
vt 0.187578946 0.297361434 0
vt 0.184693232 0.299447894 0
vt 0.18478322 0.299548209 0
vt 0.187653258 0.297473073 0
vt 0.188058019 0.298081756 0
vt 0.185273886 0.300094843 0
vt 0.185380101 0.300213158 0
vt 0.188145667 0.298213542 0
vt 0.188612834 0.298916042 0
vt 0.185946256 0.300844014 0
vt 0.186066538 0.300978065 0
vt 0.18871206 0.299065173 0
vt 0.189232111 0.299847126 0
vt 0.186696768 0.301680267 0
vt 0.186828569 0.301827252 0
vt 0.189340919 0.300010622 0
vt 0.189903304 0.300856113 0
vt 0.187510028 0.302586555 0
vt 0.187650681 0.302743435 0
vt 0.190019459 0.301030755 0
vt 0.190612659 0.3019225 0
vt 0.188369438 0.303544402 0
vt 0.18851617 0.303707957 0
vt 0.19073379 0.302104533 0
vt 0.188393176 0.305257738 0
vt 0.18654871 0.30703932 0
vt 0.183830291 0.300170124 0
vt 0.181281388 0.302632034 0
vt 0.181385219 0.302718997 0
vt 0.183920264 0.300270498 0
vt 0.184410617 0.30081737 0
vt 0.181951448 0.303192616 0
vt 0.18207401 0.303295135 0
vt 0.184516817 0.300935745 0
vt 0.185082689 0.301566839 0
vt 0.182727396 0.30384177 0
vt 0.182866126 0.30395788 0
vt 0.185202911 0.30170083 0
vt 0.185832918 0.302403271 0
vt 0.183593437 0.304566324 0
vt 0.183745578 0.304693699 0
vt 0.185964704 0.302550197 0
vt 0.186645865 0.303309739 0
vt 0.184531897 0.305351615 0
vt 0.18469429 0.305487514 0
vt 0.186786592 0.303466618 0
vt 0.187505156 0.304267704 0
vt 0.185523689 0.30618155 0
vt 0.185693115 0.306323349 0
vt 0.187651902 0.304431319 0
vt 0.185799718 0.307874203 0
vt 0.184236482 0.309891284 0
vt 0.17956385 0.302653491 0
vt 0.177293509 0.305582821 0
vt 0.177360922 0.305624664 0
vt 0.179624408 0.302704155 0
vt 0.179983363 0.303004801 0
vt 0.17776069 0.305872679 0
vt 0.177853167 0.305930078 0
vt 0.180066407 0.30307436 0
vt 0.180533618 0.303465545 0
vt 0.178373411 0.306252897 0
vt 0.178489029 0.306324601 0
vt 0.180637509 0.303552568 0
vt 0.18120341 0.304026365 0
vt 0.179119229 0.306715608 0
vt 0.179255605 0.306800246 0
vt 0.181325942 0.304129004 0
vt 0.18197912 0.304675877 0
vt 0.17998296 0.307251573 0
vt 0.180137366 0.307347357 0
vt 0.182117879 0.304791987 0
vt 0.182844907 0.305400729 0
vt 0.180946901 0.307849646 0
vt 0.181116223 0.307954788 0
vt 0.182996958 0.305528104 0
vt 0.183783159 0.306186259 0
vt 0.181991547 0.308497965 0
vt 0.182172298 0.308610141 0
vt 0.183945477 0.306322157 0
vt 0.184774876 0.307016253 0
vt 0.183095559 0.309183121 0
vt 0.183284044 0.309300184 0
vt 0.184944183 0.307158053 0
vt 0.183618128 0.310820639 0
vt 0.18236804 0.313031852 0
vt 0.176676512 0.30651015 0
vt 0.174860895 0.309721828 0
vt 0.174933761 0.309753895 0
vt 0.176743954 0.306551993 0
vt 0.177143574 0.306800187 0
vt 0.175366059 0.309944391 0
vt 0.175466001 0.309988558 0
vt 0.177235976 0.306857526 0
vt 0.177756071 0.307180703 0
vt 0.176028624 0.310236514 0
vt 0.1761536 0.310291648 0
vt 0.177871704 0.307252407 0
vt 0.178501695 0.307643771 0
vt 0.176835001 0.310591996 0
vt 0.176982507 0.310657084 0
vt 0.178638101 0.307728469 0
vt 0.179365188 0.308180034 0
vt 0.177768856 0.311003625 0
vt 0.177935898 0.311077297 0
vt 0.179519594 0.308275878 0
vt 0.18032892 0.308778405 0
vt 0.178811178 0.311463237 0
vt 0.178994298 0.311543941 0
vt 0.180498242 0.308883548 0
vt 0.181373417 0.309426963 0
vt 0.179940701 0.311961353 0
vt 0.180136085 0.312047482 0
vt 0.181554198 0.309539199 0
vt 0.182477266 0.310112417 0
vt 0.181134433 0.312487721 0
vt 0.181338251 0.312577605 0
vt 0.182665765 0.310229361 0
vt 0.181892961 0.314036667 0
vt 0.180981368 0.316397369 0
vt 0.174386814 0.310724437 0
vt 0.173062861 0.314153016 0
vt 0.173139781 0.314174771 0
vt 0.174459711 0.310756564 0
vt 0.174891859 0.310947359 0
vt 0.173595726 0.314303875 0
vt 0.173701167 0.314333797 0
vt 0.174991831 0.310991466 0
vt 0.175554246 0.311239719 0
vt 0.174294531 0.314501941 0
vt 0.174426407 0.314539254 0
vt 0.175679266 0.311294854 0
vt 0.176360458 0.311595559 0
vt 0.17514509 0.314742863 0
vt 0.175300717 0.31478709 0
vt 0.17650798 0.311660588 0
vt 0.177294165 0.312007666 0
vt 0.176130131 0.315022051 0
vt 0.176306337 0.31507194 0
vt 0.177461162 0.312081397 0
vt 0.178336322 0.312467575 0
vt 0.177229509 0.315333605 0
vt 0.177422658 0.315388501 0
vt 0.178519383 0.31254828 0
vt 0.179465771 0.31296581 0
vt 0.178420946 0.315671444 0
vt 0.178627118 0.315729856 0
vt 0.179661125 0.313052118 0
vt 0.180659324 0.313492537 0
vt 0.179680109 0.316028357 0
vt 0.179895058 0.316089392 0
vt 0.180863172 0.31358242 0
vt 0.180659115 0.317457438 0
vt 0.180104643 0.319919348 0
vt 0.172741383 0.315210581 0
vt 0.171936095 0.318786144 0
vt 0.172015429 0.318797171 0
vt 0.172818258 0.315232337 0
vt 0.173972815 0.315560102 0
vt 0.173206598 0.318962276 0
vt 0.173342645 0.318981171 0
vt 0.174104705 0.315597534 0
vt 0.174823314 0.315801561 0
vt 0.174084038 0.319083929 0
vt 0.174244538 0.319106281 0
vt 0.174978882 0.315845668 0
vt 0.175808191 0.316081047 0
vt 0.175100163 0.319224775 0
vt 0.175281852 0.319250047 0
vt 0.175984398 0.316130996 0
vt 0.17690751 0.316393018 0
vt 0.17623426 0.319382131 0
vt 0.176433533 0.319409788 0
vt 0.177100599 0.316447854 0
vt 0.178098798 0.316731036 0
vt 0.177463323 0.31955266 0
vt 0.177676052 0.319582224 0
vt 0.17830494 0.316789508 0
vt 0.179357916 0.317088306 0
vt 0.178762287 0.319732904 0
vt 0.178984076 0.31976378 0
vt 0.17957288 0.317149282 0
vt 0.179941922 0.321012795 0
vt 0.179733142 0.323831081 0
vt 0.171773702 0.319877207 0
vt 0.171501875 0.323547542 0
vt 0.17158182 0.323550344 0
vt 0.171853006 0.319888234 0
vt 0.173044115 0.320053935 0
vt 0.172782153 0.32359165 0
vt 0.172919229 0.323596418 0
vt 0.173180163 0.320072889 0
vt 0.173921466 0.320176005 0
vt 0.173666298 0.323622108 0
vt 0.173828036 0.323627651 0
vt 0.174081981 0.320198357 0
vt 0.174937546 0.320317268 0
vt 0.174690217 0.323657334 0
vt 0.174873292 0.323663652 0
vt 0.175119296 0.320342541 0
vt 0.176071614 0.320475042 0
vt 0.175833017 0.323696733 0
vt 0.176033825 0.323703647 0
vt 0.176270843 0.320502639 0
vt 0.177300632 0.32064575 0
vt 0.177071527 0.323739409 0
vt 0.17728588 0.323746741 0
vt 0.177513272 0.320675313 0
vt 0.178599507 0.320826352 0
vt 0.17838046 0.32378453 0
vt 0.178603977 0.323792219 0
vt 0.178821325 0.320857108 0
vt 0.389679849 0.298635304 0
vt 0.206921205 0.298635304 0
vt 0.389974087 0.29068476 0
vt 0.206626892 0.29068476 0
vt 0.206629708 0.290762007 0
vt 0.389971256 0.290762007 0
vt 0.389954299 0.291219771 0
vt 0.206646681 0.291219771 0
vt 0.206650555 0.291325629 0
vt 0.389950395 0.291325629 0
vt 0.389928252 0.291921437 0
vt 0.206672668 0.291921437 0
vt 0.206677586 0.292053819 0
vt 0.389923424 0.292053819 0
vt 0.389896661 0.292775333 0
vt 0.206704319 0.292775333 0
vt 0.20671013 0.292931676 0
vt 0.389890879 0.292931676 0
vt 0.389860064 0.293764412 0
vt 0.20674096 0.293764412 0
vt 0.206747442 0.2939412 0
vt 0.389853507 0.2939412 0
vt 0.389819205 0.294868231 0
vt 0.206781819 0.294868231 0
vt 0.206788957 0.295062125 0
vt 0.389811993 0.295062125 0
vt 0.389774919 0.296064436 0
vt 0.206826076 0.296064436 0
vt 0.20683375 0.296271503 0
vt 0.38976723 0.296271503 0
vt 0.389728069 0.297328711 0
vt 0.20687288 0.297328711 0
vt 0.206880838 0.297544658 0
vt 0.389720112 0.297544658 0
vt 0.400270343 0.300615311 0
vt 0.398049325 0.299815059 0
vt 0.389987379 0.29032737 0
vt 0.206613615 0.29032737 0
vt 0.206615299 0.290374398 0
vt 0.389985651 0.290374398 0
vt 0.187188387 0.469596028 0
vt 0.187673211 0.469697893 0
vt 0.18770504 0.469483674 0
vt 0.187251508 0.469388366 0
vt 0.19044517 0.477121055 0
vt 0.406379163 0.477121055 0
vt 0.406378508 0.477105319 0
vt 0.190445721 0.477105319 0
vt 0.185139641 0.476330578 0
vt 0.186640263 0.476645887 0
vt 0.186647207 0.476599276 0
vt 0.185153395 0.476285398 0
vt 0.185244307 0.475986779 0
vt 0.186692938 0.47629118 0
vt 0.186704367 0.476214588 0
vt 0.185266897 0.475912511 0
vt 0.185400933 0.475472271 0
vt 0.186771825 0.475760281 0
vt 0.186787412 0.475655138 0
vt 0.185431868 0.475370407 0
vt 0.185606211 0.474797368 0
vt 0.186875254 0.475064039 0
vt 0.186894864 0.474932551 0
vt 0.185644954 0.474670053 0
vt 0.185856208 0.473975897 0
vt 0.187001199 0.474216461 0
vt 0.187024325 0.47406143 0
vt 0.18590185 0.473825574 0
vt 0.186145604 0.473024607 0
vt 0.187147111 0.473235011 0
vt 0.187173218 0.473059475 0
vt 0.18619734 0.472854435 0
vt 0.186468571 0.47196281 0
vt 0.18730998 0.472139597 0
vt 0.18733862 0.471947193 0
vt 0.186525226 0.471776307 0
vt 0.18681854 0.470812082 0
vt 0.1874865 0.470952451 0
vt 0.187517077 0.470747113 0
vt 0.186879069 0.470613003 0
vt 0.188005507 0.475220978 0
vt 0.189368039 0.475315094 0
vt 0.189372957 0.475182712 0
vt 0.188025057 0.47508955 0
vt 0.188131839 0.474373579 0
vt 0.18939957 0.474461079 0
vt 0.189405337 0.474304855 0
vt 0.188154966 0.474218488 0
vt 0.188278139 0.473392069 0
vt 0.189436108 0.473472118 0
vt 0.189442635 0.473295271 0
vt 0.188304275 0.473216593 0
vt 0.188441396 0.472296715 0
vt 0.189476848 0.4723683 0
vt 0.189484 0.472174287 0
vt 0.188470036 0.472104311 0
vt 0.188618273 0.471109688 0
vt 0.189521015 0.471171975 0
vt 0.189528659 0.470965028 0
vt 0.18864885 0.470904231 0
vt 0.188805163 0.46985507 0
vt 0.189567745 0.469907701 0
vt 0.189575702 0.469691873 0
vt 0.188836992 0.469640851 0
vt 0.188998163 0.46855849 0
vt 0.189616024 0.468601167 0
vt 0.185626239 0.469117343 0
vt 0.186091065 0.469284773 0
vt 0.186154231 0.469077229 0
vt 0.185719281 0.468920469 0
vt 0.182606101 0.475501776 0
vt 0.184044957 0.476020157 0
vt 0.184058696 0.475974917 0
vt 0.182626382 0.47545892 0
vt 0.182760358 0.475175858 0
vt 0.184149355 0.475676298 0
vt 0.184171945 0.475601971 0
vt 0.182793647 0.475105405 0
vt 0.182991162 0.474688053 0
vt 0.184305608 0.475161672 0
vt 0.184336632 0.475059748 0
vt 0.183036745 0.474591434 0
vt 0.183293849 0.474048257 0
vt 0.184510648 0.474486649 0
vt 0.184549391 0.474359274 0
vt 0.183350921 0.473927557 0
vt 0.183662266 0.473269522 0
vt 0.184760153 0.473665059 0
vt 0.18480587 0.473514795 0
vt 0.183729604 0.473127067 0
vt 0.184088886 0.472367704 0
vt 0.185049236 0.472713649 0
vt 0.185100943 0.472543478 0
vt 0.18416515 0.472206414 0
vt 0.184565037 0.47136116 0
vt 0.185371816 0.471651793 0
vt 0.185428515 0.47146523 0
vt 0.184648618 0.471184313 0
vt 0.185080975 0.470270276 0
vt 0.185721487 0.470501006 0
vt 0.185782015 0.470301867 0
vt 0.185170233 0.470081389 0
vt 0.184150487 0.46842885 0
vt 0.184585929 0.468658447 0
vt 0.184679031 0.468461573 0
vt 0.184271649 0.468246698 0
vt 0.183679432 0.466554523 0
vt 0.183921635 0.466729641 0
vt 0.180220455 0.474333107 0
vt 0.18156828 0.475043952 0
vt 0.181588471 0.475001156 0
vt 0.180246755 0.47429353 0
vt 0.180421099 0.474031746 0
vt 0.181722283 0.474717975 0
vt 0.181755543 0.474647522 0
vt 0.180464417 0.473966599 0
vt 0.180721462 0.473580539 0
vt 0.181952775 0.474230051 0
vt 0.181998491 0.474133492 0
vt 0.180780858 0.473491311 0
vt 0.181115344 0.472988963 0
vt 0.182255119 0.473590076 0
vt 0.18231225 0.473469377 0
vt 0.181189656 0.472877264 0
vt 0.181594729 0.47226882 0
vt 0.182623222 0.472811162 0
vt 0.182690561 0.472668767 0
vt 0.181682423 0.472137034 0
vt 0.182149917 0.471434712 0
vt 0.18304947 0.471909165 0
vt 0.183125734 0.471747875 0
vt 0.182249144 0.471285582 0
vt 0.182769522 0.470503926 0
vt 0.183525234 0.470902503 0
vt 0.183608845 0.470725596 0
vt 0.182878315 0.470340312 0
vt 0.183440909 0.469495058 0
vt 0.184040904 0.46981144 0
vt 0.184130162 0.469622672 0
vt 0.183557093 0.469320416 0
vt 0.180123538 0.474478662 0
vt 0.181493908 0.475201368 0
vt 0.181500733 0.475186944 0
vt 0.180132374 0.474465311 0
vt 0.182791248 0.467544436 0
vt 0.183188438 0.467831671 0
vt 0.183309585 0.46764946 0
vt 0.182938039 0.467380881 0
vt 0.182601109 0.465624332 0
vt 0.182815075 0.465831041 0
vt 0.178274304 0.472577691 0
vt 0.179461092 0.47343576 0
vt 0.179504424 0.473370671 0
vt 0.178326756 0.472519159 0
vt 0.178638041 0.472172439 0
vt 0.179761171 0.472984493 0
vt 0.179820567 0.472895205 0
vt 0.178709984 0.472092211 0
vt 0.179115102 0.471640944 0
vt 0.180154726 0.472392619 0
vt 0.180229068 0.472280979 0
vt 0.17920506 0.47154057 0
vt 0.179695725 0.470993996 0
vt 0.180633783 0.471672297 0
vt 0.180721462 0.471540511 0
vt 0.179801911 0.470875621 0
vt 0.180368155 0.470244765 0
vt 0.181188613 0.47083807 0
vt 0.181287885 0.470688939 0
vt 0.180488348 0.470110774 0
vt 0.181118578 0.469408572 0
vt 0.181807965 0.469906986 0
vt 0.181916758 0.469743431 0
vt 0.181250423 0.469261646 0
vt 0.181931853 0.468502283 0
vt 0.182479084 0.468897998 0
vt 0.182595238 0.468723416 0
vt 0.18207258 0.468345463 0
vt 0.181576133 0.466482162 0
vt 0.181927025 0.466821074 0
vt 0.182073712 0.466657519 0
vt 0.181745514 0.466340423 0
vt 0.181670815 0.464555621 0
vt 0.181852132 0.464789569 0
vt 0.176083088 0.471077919 0
vt 0.177168995 0.472126722 0
vt 0.177200899 0.472091138 0
vt 0.176119953 0.471047044 0
vt 0.176363558 0.470843315 0
vt 0.177411884 0.471855879 0
vt 0.177464351 0.471797347 0
vt 0.176424146 0.470792651 0
vt 0.178003848 0.469471216 0
vt 0.178832501 0.470271528 0
vt 0.178938657 0.470153153 0
vt 0.17812641 0.469368577 0
vt 0.17877984 0.468822002 0
vt 0.179504544 0.469521999 0
vt 0.179624766 0.469388008 0
vt 0.178918526 0.468705833 0
vt 0.179645836 0.468097389 0
vt 0.180254757 0.468685508 0
vt 0.180386543 0.468538642 0
vt 0.179797977 0.467970073 0
vt 0.180584311 0.467312157 0
vt 0.18106772 0.4677791 0
vt 0.181208462 0.467622221 0
vt 0.180746734 0.467176199 0
vt 0.180529892 0.465263784 0
vt 0.18082723 0.46564734 0
vt 0.180996597 0.46550566 0
vt 0.180718422 0.46514678 0
vt 0.180907518 0.463369846 0
vt 0.181052476 0.463626266 0
vt 0.174415603 0.469057679 0
vt 0.175335944 0.470245004 0
vt 0.175372794 0.470214248 0
vt 0.174456671 0.469032109 0
vt 0.174727798 0.468864024 0
vt 0.17561622 0.470010281 0
vt 0.175676808 0.469959617 0
vt 0.17479521 0.468822062 0
vt 0.175194994 0.468574107 0
vt 0.176035792 0.469658971 0
vt 0.176118821 0.469589472 0
vt 0.175287455 0.468516767 0
vt 0.175807774 0.468194008 0
vt 0.176586047 0.469198227 0
vt 0.176689923 0.469111204 0
vt 0.175923377 0.468122244 0
vt 0.176553607 0.467731237 0
vt 0.177255839 0.468637407 0
vt 0.177378342 0.468534768 0
vt 0.176690042 0.467646658 0
vt 0.177417278 0.467195392 0
vt 0.178031519 0.467987895 0
vt 0.178170294 0.467871785 0
vt 0.177571729 0.467099488 0
vt 0.178381264 0.466597199 0
vt 0.178897291 0.467262983 0
vt 0.179049373 0.467135727 0
vt 0.178550601 0.466492116 0
vt 0.17942588 0.465948999 0
vt 0.179835558 0.466477513 0
vt 0.179997951 0.466341674 0
vt 0.179606661 0.465836704 0
vt 0.179673851 0.463913977 0
vt 0.179911613 0.464334548 0
vt 0.180100203 0.464217484 0
vt 0.179877669 0.463823974 0
vt 0.18032667 0.462091148 0
vt 0.180432409 0.462364912 0
vt 0.173062801 0.466828644 0
vt 0.173798829 0.468130529 0
vt 0.173839808 0.468105078 0
vt 0.173107207 0.466809154 0
vt 0.173400372 0.466679931 0
vt 0.174110815 0.467936695 0
vt 0.174178243 0.467894912 0
vt 0.173473239 0.466647744 0
vt 0.173905537 0.466457248 0
vt 0.174577832 0.467646658 0
vt 0.174670339 0.467589259 0
vt 0.174005479 0.46641314 0
vt 0.174568027 0.466165304 0
vt 0.175190419 0.467266142 0
vt 0.175306067 0.467194438 0
vt 0.174693108 0.46611011 0
vt 0.175374418 0.465809762 0
vt 0.175936013 0.466803074 0
vt 0.176072448 0.466718435 0
vt 0.17552194 0.465744674 0
vt 0.176308304 0.465398073 0
vt 0.176799506 0.46626687 0
vt 0.176953956 0.466171026 0
vt 0.176475301 0.465324342 0
vt 0.17735061 0.464938402 0
vt 0.177763283 0.46566838 0
vt 0.17793259 0.465563297 0
vt 0.177533701 0.464857697 0
vt 0.178480148 0.464440405 0
vt 0.17880775 0.465019882 0
vt 0.178988472 0.464907646 0
vt 0.178675562 0.464354157 0
vt 0.179025412 0.46246016 0
vt 0.179198742 0.462909222 0
vt 0.17940262 0.462819278 0
vt 0.179240406 0.462399125 0
vt 0.179940104 0.460745633 0
vt 0.180004478 0.461031139 0
vt 0.172408223 0.46433562 0
vt 0.172926292 0.465677261 0
vt 0.172999188 0.465645134 0
vt 0.172485098 0.464313865 0
vt 0.172941029 0.464184701 0
vt 0.173431307 0.46545434 0
vt 0.173531309 0.465410292 0
vt 0.173046455 0.46415472 0
vt 0.173639804 0.463986695 0
vt 0.174093693 0.465161979 0
vt 0.17421867 0.465106845 0
vt 0.173771694 0.463949263 0
vt 0.174490422 0.463745654 0
vt 0.174899951 0.464806139 0
vt 0.175047457 0.464741111 0
vt 0.17464602 0.463701487 0
vt 0.175475448 0.463466465 0
vt 0.175833642 0.464394033 0
vt 0.176000625 0.464320362 0
vt 0.175651595 0.463416517 0
vt 0.176574856 0.463154912 0
vt 0.17687577 0.463934124 0
vt 0.177058876 0.463853359 0
vt 0.176768005 0.463100135 0
vt 0.177766234 0.462817132 0
vt 0.178005189 0.463435829 0
vt 0.178200632 0.46334964 0
vt 0.177972436 0.46275866 0
vt 0.178597718 0.460931957 0
vt 0.178703234 0.46140027 0
vt 0.178918213 0.461339355 0
vt 0.178819507 0.460901201 0
vt 0.171404347 0.461929679 0
vt 0.171730772 0.463379145 0
vt 0.171777546 0.463365793 0
vt 0.171452597 0.461923003 0
vt 0.171771571 0.461878836 0
vt 0.172086701 0.463277996 0
vt 0.172163576 0.46325624 0
vt 0.171850875 0.46186775 0
vt 0.172321215 0.461802661 0
vt 0.172619432 0.463126779 0
vt 0.172724873 0.463096857 0
vt 0.172429949 0.461787581 0
vt 0.173042089 0.461702704 0
vt 0.173318148 0.462928474 0
vt 0.173449993 0.462890983 0
vt 0.173178107 0.46168381 0
vt 0.173919529 0.461581051 0
vt 0.174168602 0.462687016 0
vt 0.174324185 0.462642908 0
vt 0.174080044 0.461558759 0
vt 0.174935609 0.461440086 0
vt 0.175153539 0.46240747 0
vt 0.175329655 0.462357521 0
vt 0.175117344 0.461414874 0
vt 0.176069751 0.46128273 0
vt 0.176252812 0.462095499 0
vt 0.176445901 0.462040782 0
vt 0.17626898 0.461255193 0
vt 0.177298814 0.461112261 0
vt 0.17744413 0.461757481 0
vt 0.177650303 0.461699069 0
vt 0.177511498 0.461082697 0
vt 0.17838043 0.459102035 0
vt 0.178434968 0.459838688 0
vt 0.178656757 0.459807813 0
vt 0.178603977 0.459094405 0
vt 0.407208234 0.468601167 0
vt 0.407556981 0.468577087 0
vt 0.171131834 0.459351778 0
vt 0.171241969 0.460838854 0
vt 0.171290204 0.460832179 0
vt 0.171180472 0.459350049 0
vt 0.172055751 0.459320009 0
vt 0.172158763 0.4607113 0
vt 0.172267556 0.46069622 0
vt 0.172165349 0.459316194 0
vt 0.173666298 0.459264576 0
vt 0.173756927 0.460489035 0
vt 0.173917472 0.460466683 0
vt 0.173828036 0.459258914 0
vt 0.174690217 0.45922929 0
vt 0.174773008 0.460347652 0
vt 0.174954712 0.46032238 0
vt 0.174873292 0.459222913 0
vt 0.175833017 0.459189892 0
vt 0.175907075 0.460189998 0
vt 0.176106334 0.460162282 0
vt 0.176033825 0.459182978 0
vt 0.177071527 0.459147215 0
vt 0.177136093 0.460019171 0
vt 0.177348793 0.459989607 0
vt 0.17728588 0.459139824 0
vt 0.179692402 0.324935198 0
vt 0.179692402 0.457951486 0
vt 0.171461061 0.324651003 0
vt 0.171461061 0.458235681 0
vt 0.17154099 0.45823288 0
vt 0.17154099 0.324653685 0
vt 0.172741324 0.32469523 0
vt 0.172741324 0.458191395 0
vt 0.172878429 0.458186686 0
vt 0.172878429 0.324699938 0
vt 0.173625499 0.324725688 0
vt 0.173625499 0.458160937 0
vt 0.173787236 0.458155274 0
vt 0.173787236 0.32473135 0
vt 0.174649417 0.324761033 0
vt 0.174649417 0.458125472 0
vt 0.174832523 0.458119154 0
vt 0.174832523 0.324767411 0
vt 0.175792247 0.324800551 0
vt 0.175792247 0.458086073 0
vt 0.175993025 0.4580791 0
vt 0.175993025 0.324807465 0
vt 0.177030712 0.324843287 0
vt 0.177030712 0.458043337 0
vt 0.177245021 0.458035946 0
vt 0.177245021 0.324850738 0
vt 0.17833966 0.324888468 0
vt 0.17833966 0.457998157 0
vt 0.178563148 0.457990527 0
vt 0.178563148 0.324896216 0
vt 0.187570497 0.468339086 0
vt 0.187866092 0.468401253 0
vt 0.407256544 0.469907701 0
vt 0.40775001 0.469873667 0
vt 0.407718122 0.469659388 0
vt 0.407248557 0.469691873 0
vt 0.407514989 0.476909101 0
vt 0.408785492 0.476821303 0
vt 0.408778518 0.476774752 0
vt 0.407513261 0.476862192 0
vt 0.407501876 0.476551652 0
vt 0.408732653 0.476466715 0
vt 0.408721179 0.476390004 0
vt 0.407499045 0.476474404 0
vt 0.407482088 0.4760167 0
vt 0.408653408 0.475935817 0
vt 0.408637762 0.475830734 0
vt 0.407478273 0.475910902 0
vt 0.407424688 0.474461079 0
vt 0.408423275 0.474392176 0
vt 0.408400178 0.474237084 0
vt 0.407418847 0.474304855 0
vt 0.407347411 0.4723683 0
vt 0.408113748 0.472315371 0
vt 0.408085048 0.472122848 0
vt 0.407340318 0.472174287 0
vt 0.407303244 0.471171975 0
vt 0.407936841 0.471128225 0
vt 0.407906234 0.470922828 0
vt 0.407295555 0.470965028 0
vt 0.40986219 0.476309776 0
vt 0.41104719 0.476060808 0
vt 0.41102457 0.4759866 0
vt 0.409850806 0.476233125 0
vt 0.409783304 0.475778878 0
vt 0.410890549 0.475546241 0
vt 0.410859525 0.475444376 0
vt 0.409767658 0.475673795 0
vt 0.40967986 0.475082576 0
vt 0.410685182 0.474871397 0
vt 0.410646439 0.474743962 0
vt 0.40966031 0.474951267 0
vt 0.409553945 0.474235117 0
vt 0.410435259 0.474049866 0
vt 0.410389572 0.473899603 0
vt 0.409530878 0.474080026 0
vt 0.409245133 0.472158194 0
vt 0.409822822 0.472036839 0
vt 0.409766197 0.471850276 0
vt 0.409216493 0.47196573 0
vt 0.409068644 0.470971048 0
vt 0.409472942 0.470886171 0
vt 0.409412354 0.470686972 0
vt 0.409038037 0.47076571 0
vt 0.408881903 0.469716489 0
vt 0.409103125 0.469669998 0
vt 0.409039944 0.469462276 0
vt 0.408850074 0.469502211 0
vt 0.409914881 0.476664484 0
vt 0.411151767 0.476404607 0
vt 0.411138028 0.476359427 0
vt 0.409907907 0.476617873 0
vt 0.409818321 0.468101919 0
vt 0.409848928 0.468090832 0
vt 0.412142098 0.475750268 0
vt 0.413278252 0.475340962 0
vt 0.413245022 0.475270569 0
vt 0.412119478 0.475676 0
vt 0.411985785 0.475235641 0
vt 0.413047493 0.474853039 0
vt 0.413001776 0.474756598 0
vt 0.41195485 0.475133777 0
vt 0.411780834 0.474560618 0
vt 0.412744761 0.474213362 0
vt 0.412687719 0.474092603 0
vt 0.411742032 0.474433303 0
vt 0.41153121 0.473739028 0
vt 0.412376344 0.473434627 0
vt 0.412309021 0.473292172 0
vt 0.411485523 0.473588765 0
vt 0.411242247 0.472787619 0
vt 0.411949635 0.472532809 0
vt 0.41187346 0.472371459 0
vt 0.41119051 0.472617507 0
vt 0.410919607 0.471725762 0
vt 0.411473542 0.471526206 0
vt 0.411389977 0.471349359 0
vt 0.410862982 0.47153914 0
vt 0.410569966 0.470574975 0
vt 0.410957634 0.470435321 0
vt 0.410868406 0.470246553 0
vt 0.410509378 0.470375836 0
vt 0.412246495 0.476094127 0
vt 0.413432509 0.475666881 0
vt 0.413412243 0.475624025 0
vt 0.412232786 0.476048887 0
vt 0.414316356 0.47488308 0
vt 0.415380716 0.474321663 0
vt 0.415337384 0.474256635 0
vt 0.414283037 0.474812627 0
vt 0.414085805 0.474395156 0
vt 0.415080339 0.473870635 0
vt 0.415020943 0.473781288 0
vt 0.414040178 0.474298537 0
vt 0.413783431 0.47375524 0
vt 0.414686412 0.473278999 0
vt 0.414612114 0.4731673 0
vt 0.413726389 0.473634422 0
vt 0.413415432 0.472976327 0
vt 0.414206982 0.472558737 0
vt 0.414119363 0.47242707 0
vt 0.413348049 0.472833753 0
vt 0.41298914 0.47207433 0
vt 0.413651943 0.471724749 0
vt 0.413552672 0.471575618 0
vt 0.412912875 0.47191298 0
vt 0.412513345 0.471067488 0
vt 0.413032204 0.470793843 0
vt 0.412923485 0.470630348 0
vt 0.41242978 0.47089076 0
vt 0.411997676 0.469976544 0
vt 0.412360877 0.469785035 0
vt 0.412244678 0.469610453 0
vt 0.411908448 0.469787836 0
vt 0.416637927 0.47417289 0
vt 0.41767177 0.473425388 0
vt 0.41766113 0.473413348 0
vt 0.416629076 0.474159598 0
vt 0.416340679 0.473725796 0
vt 0.41731146 0.473023891 0
vt 0.417258948 0.47296536 0
vt 0.416297346 0.473660707 0
vt 0.416040599 0.473274529 0
vt 0.416947722 0.472618639 0
vt 0.41687578 0.472538412 0
vt 0.415981174 0.473185182 0
vt 0.415647089 0.472682714 0
vt 0.416470706 0.472087145 0
vt 0.416380703 0.471986771 0
vt 0.415572792 0.472570956 0
vt 0.415168017 0.471962273 0
vt 0.415890008 0.471440196 0
vt 0.415783793 0.471321821 0
vt 0.415080339 0.471830487 0
vt 0.414613128 0.471128047 0
vt 0.415217638 0.470690966 0
vt 0.415097386 0.470556974 0
vt 0.414513946 0.470978916 0
vt 0.413993835 0.470196962 0
vt 0.414467156 0.469854712 0
vt 0.41433537 0.469707847 0
vt 0.413885117 0.470033407 0
vt 0.413322717 0.469187915 0
vt 0.413654 0.468948483 0
vt 0.413513213 0.468791604 0
vt 0.413206518 0.469013393 0
vt 0.418173909 0.472302079 0
vt 0.419031441 0.471473753 0
vt 0.418970853 0.47142309 0
vt 0.418121427 0.472243488 0
vt 0.41781041 0.471896529 0
vt 0.418611646 0.471122682 0
vt 0.418528587 0.471053243 0
vt 0.417738438 0.471816361 0
vt 0.416753322 0.470717669 0
vt 0.417391062 0.470101655 0
vt 0.417268515 0.469999135 0
vt 0.416647077 0.470599294 0
vt 0.41608116 0.4699682 0
vt 0.416615129 0.4694525 0
vt 0.416476369 0.46933639 0
vt 0.415961057 0.469834208 0
vt 0.415331066 0.469131708 0
vt 0.415749133 0.468727887 0
vt 0.415597022 0.468600571 0
vt 0.41519919 0.468984842 0
vt 0.414518058 0.468225241 0
vt 0.414810658 0.467942655 0
vt 0.414648324 0.467806756 0
vt 0.414377332 0.468068421 0
vt 0.413658768 0.467267275 0
vt 0.413818866 0.46711266 0
vt 0.41364944 0.466970921 0
vt 0.413512051 0.46710372 0
vt 0.419778705 0.470640779 0
vt 0.420505434 0.469703138 0
vt 0.420437992 0.469661236 0
vt 0.419718176 0.470590115 0
vt 0.419359148 0.470289409 0
vt 0.420038223 0.46941328 0
vt 0.419945836 0.469355881 0
vt 0.419276088 0.47021991 0
vt 0.418808877 0.469828665 0
vt 0.419425428 0.469033122 0
vt 0.419309855 0.468961358 0
vt 0.418705016 0.469741762 0
vt 0.4181391 0.469267845 0
vt 0.418679625 0.468570411 0
vt 0.41854322 0.468485713 0
vt 0.418016553 0.469165325 0
vt 0.417363465 0.468618393 0
vt 0.417815983 0.468034506 0
vt 0.417661488 0.467938602 0
vt 0.417224705 0.468502283 0
vt 0.416497648 0.467893481 0
vt 0.416851997 0.467436373 0
vt 0.41668269 0.467331231 0
vt 0.416345596 0.467766166 0
vt 0.415559411 0.467108011 0
vt 0.415807337 0.466788054 0
vt 0.415626526 0.466675878 0
vt 0.415397018 0.466972113 0
vt 0.414567649 0.466277838 0
vt 0.41470331 0.466102898 0
vt 0.41451481 0.465985835 0
vt 0.414398372 0.466136158 0
vt 0.421122432 0.468775809 0
vt 0.421703547 0.467747808 0
vt 0.421630681 0.467715621 0
vt 0.421055019 0.468733966 0
vt 0.42065537 0.468485773 0
vt 0.421198428 0.467525184 0
vt 0.421098411 0.467481136 0
vt 0.420562893 0.468428314 0
vt 0.420042783 0.468105316 0
vt 0.420535833 0.467233181 0
vt 0.420410901 0.467177987 0
vt 0.41992715 0.468033552 0
vt 0.419297218 0.467642248 0
vt 0.419729471 0.466877699 0
vt 0.41958189 0.466812551 0
vt 0.419160753 0.467557609 0
vt 0.418433726 0.467106044 0
vt 0.418795586 0.46646589 0
vt 0.418628603 0.466392338 0
vt 0.41827932 0.46701014 0
vt 0.417469949 0.466507554 0
vt 0.417753249 0.466006339 0
vt 0.417570204 0.465925634 0
vt 0.417300582 0.466402471 0
vt 0.415321589 0.465173662 0
vt 0.415430009 0.464981854 0
vt 0.415226251 0.46489197 0
vt 0.415133059 0.465056598 0
vt 0.422177583 0.466745198 0
vt 0.422601461 0.465647757 0
vt 0.422524512 0.465625882 0
vt 0.422104716 0.466713071 0
vt 0.421672583 0.466522276 0
vt 0.422068655 0.465496778 0
vt 0.421963125 0.465466797 0
vt 0.421572626 0.466478229 0
vt 0.421010256 0.466229916 0
vt 0.421369791 0.465298772 0
vt 0.421237886 0.4652614 0
vt 0.420885235 0.466174722 0
vt 0.420203984 0.465874076 0
vt 0.420519173 0.465057731 0
vt 0.420363605 0.465013564 0
vt 0.420056462 0.465808928 0
vt 0.419270277 0.465461969 0
vt 0.419534177 0.464778543 0
vt 0.419358045 0.464728653 0
vt 0.419103295 0.465388298 0
vt 0.418228149 0.46500206 0
vt 0.418434739 0.464466989 0
vt 0.41824165 0.464412212 0
vt 0.418045014 0.464921355 0
vt 0.417098761 0.464503765 0
vt 0.417243361 0.464129269 0
vt 0.417037159 0.464070857 0
vt 0.416903317 0.464417517 0
vt 0.415905058 0.463977098 0
vt 0.415984273 0.463772297 0
vt 0.41576919 0.463711262 0
vt 0.4157013 0.463887095 0
vt 0.423450649 0.464739978 0
vt 0.423725218 0.463521004 0
vt 0.423709035 0.463518858 0
vt 0.423434973 0.464735508 0
vt 0.422922969 0.464590192 0
vt 0.42318064 0.463445663 0
vt 0.423101366 0.463434577 0
vt 0.42284596 0.464568317 0
vt 0.422390223 0.464438915 0
vt 0.422630966 0.463369489 0
vt 0.422522247 0.463354349 0
vt 0.422284722 0.464408994 0
vt 0.421691477 0.464240551 0
vt 0.421910167 0.463269532 0
vt 0.421774089 0.463250577 0
vt 0.421559572 0.464203119 0
vt 0.420841008 0.463999093 0
vt 0.421032786 0.463147879 0
vt 0.420872241 0.463125527 0
vt 0.42068547 0.463955045 0
vt 0.419856131 0.463719547 0
vt 0.420016617 0.463006973 0
vt 0.419834793 0.462981701 0
vt 0.41967991 0.463669598 0
vt 0.418756783 0.463407695 0
vt 0.418882459 0.462849617 0
vt 0.41868329 0.462821901 0
vt 0.418563724 0.463352859 0
vt 0.416306436 0.462712407 0
vt 0.416354507 0.462498784 0
vt 0.416132718 0.462468028 0
vt 0.416091442 0.462651432 0
vt 0.423278809 0.464691162 0
vt 0.423547894 0.463496566 0
vt 0.423499644 0.463489771 0
vt 0.423232019 0.46467793 0
vt 0.415174872 0.461219013 0
vt 0.415199846 0.460882127 0
vt 0.422072649 0.462177813 0
vt 0.42215091 0.461121738 0
vt 0.422013849 0.461117029 0
vt 0.421936601 0.462158918 0
vt 0.421195298 0.462055802 0
vt 0.421266735 0.46109134 0
vt 0.421105027 0.461085677 0
vt 0.421034813 0.462033451 0
vt 0.41904515 0.461756766 0
vt 0.419099987 0.461016536 0
vt 0.418899238 0.461009681 0
vt 0.418845952 0.461729109 0
vt 0.417816162 0.461585999 0
vt 0.417861491 0.460973918 0
vt 0.417647153 0.460966468 0
vt 0.417603493 0.461556435 0
vt 0.416517287 0.461405456 0
vt 0.416552544 0.460928798 0
vt 0.416329056 0.460921109 0
vt 0.416295439 0.46137464 0
vt 0.423710287 0.462405741 0
vt 0.423801094 0.461178541 0
vt 0.423752606 0.461176813 0
vt 0.423662037 0.462399006 0
vt 0.190759033 0.468640566 0
vt 0.406065196 0.468640566 0
vt 0.190484583 0.476056099 0
vt 0.406339675 0.476056099 0
vt 0.406335771 0.475950241 0
vt 0.190488547 0.475950241 0
vt 0.190510601 0.475354552 0
vt 0.406313747 0.475354552 0
vt 0.40630883 0.475222111 0
vt 0.190515488 0.475222111 0
vt 0.190542191 0.474500477 0
vt 0.406282097 0.474500477 0
vt 0.406276256 0.474344313 0
vt 0.190547973 0.474344313 0
vt 0.190578818 0.473511577 0
vt 0.40624541 0.473511577 0
vt 0.406238914 0.47333467 0
vt 0.190585345 0.47333467 0
vt 0.190619677 0.472407639 0
vt 0.406204611 0.472407639 0
vt 0.406197488 0.472213745 0
vt 0.19062686 0.472213745 0
vt 0.190663964 0.471211433 0
vt 0.406160325 0.471211433 0
vt 0.406152666 0.471004426 0
vt 0.190671593 0.471004426 0
vt 0.190710708 0.469947159 0
vt 0.406113565 0.469947159 0
vt 0.406105578 0.469731331 0
vt 0.190718681 0.469731331 0
vt 0.190451577 0.4769485 0
vt 0.406372666 0.4769485 0
vt 0.406370968 0.476901531 0
vt 0.190453321 0.476901531 0
vt 0.416593343 0.4598248 0
vt 0.416593343 0.323277473 0
vt 0.416369915 0.323285103 0
vt 0.416369915 0.459817171 0
vt 0.205778182 0.298674703 0
vt 0.202860206 0.298876226 0
vt 0.423472017 0.460062385 0
vt 0.423472017 0.323039889 0
vt 0.423391998 0.323042631 0
vt 0.423391998 0.460059643 0
vt 0.422918081 0.460043252 0
vt 0.422918081 0.323059082 0
vt 0.422808528 0.323062778 0
vt 0.422808528 0.460039437 0
vt 0.422191709 0.460018158 0
vt 0.422191709 0.323084176 0
vt 0.422054648 0.323088825 0
vt 0.422054648 0.460013449 0
vt 0.420283645 0.459952235 0
vt 0.420283645 0.323150039 0
vt 0.42010048 0.323156238 0
vt 0.42010048 0.459945917 0
vt 0.419140816 0.459912777 0
vt 0.419140816 0.323189437 0
vt 0.418940037 0.323196411 0
vt 0.418940037 0.459905863 0
vt 0.417902291 0.45987004 0
vt 0.417902291 0.323232234 0
vt 0.417688012 0.323239625 0
vt 0.417688012 0.45986259 0
vt 0.424020648 0.460081339 0
vt 0.424020648 0.323020935 0
vt 0.424004346 0.323021472 0
vt 0.424004346 0.460080862 0
vt 0.395884454 0.29061681 0
vt 0.394755244 0.29046011 0
vt 0.389993161 0.29017067 0
vt 0.391135454 0.290210009 0
vt 0.404871464 0.293539882 0
vt 0.408988029 0.295800626 0
vt 0.408028185 0.295204818 0
vt 0.412729621 0.298604131 0
vt 0.411867321 0.297882557 0
vt 0.416019976 0.301893532 0
vt 0.415272892 0.301060736 0
vt 0.418175459 0.304674625 0
vt 0.422771275 0.313907981 0
vt 0.422449917 0.312850714 0
vt 0.423542261 0.317331135 0
vt 0.424061388 0.323019505 0
vt 0.424020648 0.321916163 0
vt 0.421145827 0.323120236 0
vt 0.421307564 0.323114693 0
vt 0.423793375 0.323028743 0
vt 0.205487341 0.290801466 0
vt 0.200566322 0.291220248 0
vt 0.201695859 0.291063309 0
vt 0.195780605 0.292306244 0
vt 0.196875513 0.291995764 0
vt 0.191203654 0.294039071 0
vt 0.192241713 0.293581128 0
vt 0.18692863 0.29638344 0
vt 0.187888622 0.295787573 0
vt 0.183042496 0.299291432 0
vt 0.183353484 0.299638391 0
vt 0.183904916 0.29856962 0
vt 0.183425501 0.299718678 0
vt 0.180730909 0.302171588 0
vt 0.180371672 0.301871121 0
vt 0.180813923 0.302241087 0
vt 0.174093723 0.310594976 0
vt 0.174567744 0.309592545 0
vt 0.172432229 0.315122724 0
vt 0.172753662 0.314065397 0
vt 0.17337957 0.315391719 0
vt 0.171454713 0.319832802 0
vt 0.171617135 0.318741918 0
vt 0.17243208 0.31996876 0
vt 0.172594517 0.318877459 0
vt 0.171139717 0.324639797 0
vt 0.171180502 0.323536456 0
vt 0.172014952 0.324670136 0
vt 0.172055751 0.323566616 0
vt 0.17212458 0.324673891 0
vt 0.172165379 0.32357043 0
vt 0.187917322 0.475812137 0
vt 0.18783392 0.476371408 0
vt 0.187901676 0.47591722 0
vt 0.187776521 0.476756155 0
vt 0.187822461 0.476447999 0
vt 0.186617106 0.476801515 0
vt 0.187746406 0.476958334 0
vt 0.187769592 0.476802766 0
vt 0.189309239 0.476909101 0
vt 0.189303488 0.477065921 0
vt 0.190464765 0.476591051 0
vt 0.189322412 0.476551652 0
vt 0.189310968 0.476862192 0
vt 0.190467656 0.476513863 0
vt 0.189342156 0.4760167 0
vt 0.189325273 0.476474404 0
vt 0.189346075 0.475910902 0
vt 0.186473131 0.468027949 0
vt 0.183999136 0.476171017 0
vt 0.18509382 0.476481438 0
vt 0.186189622 0.467925787 0
vt 0.185149267 0.467466891 0
vt 0.18253842 0.475644767 0
vt 0.184883744 0.46732688 0
vt 0.179286957 0.473697722 0
vt 0.17917268 0.473869562 0
vt 0.179260626 0.473737299 0
vt 0.178342119 0.4708184 0
vt 0.177847311 0.471370161 0
vt 0.178252131 0.470918655 0
vt 0.177775383 0.471450448 0
vt 0.178063199 0.472812772 0
vt 0.177062452 0.472245574 0
vt 0.177924603 0.472967207 0
vt 0.178031251 0.472848356 0
vt 0.177437633 0.469944775 0
vt 0.176866353 0.470422685 0
vt 0.177333817 0.470031679 0
vt 0.176783293 0.470492244 0
vt 0.17521295 0.470348001 0
vt 0.175960034 0.471180856 0
vt 0.173661858 0.468215525 0
vt 0.174278677 0.469142616 0
vt 0.172633231 0.465806663 0
vt 0.172440842 0.4658916 0
vt 0.172914743 0.466893911 0
vt 0.172588855 0.465826333 0
vt 0.17209895 0.46442318 0
vt 0.171574593 0.463423431 0
vt 0.171896026 0.464480698 0
vt 0.172052205 0.464436412 0
vt 0.179777369 0.459652185 0
vt 0.173015594 0.460592151 0
vt 0.172879577 0.460610986 0
vt 0.171688467 0.460776746 0
vt 0.171609193 0.460787773 0
vt 0.171080813 0.460861325 0
vt 0.171243206 0.461952031 0
vt 0.179733142 0.459055424 0
vt 0.172919229 0.459290266 0
vt 0.17212458 0.458212733 0
vt 0.172782153 0.459294975 0
vt 0.17158182 0.459336281 0
vt 0.172014952 0.458216488 0
vt 0.171139717 0.458246708 0
vt 0.171501875 0.459339082 0
vt 0.407381654 0.473295271 0
vt 0.40738821 0.473472118 0
vt 0.407451272 0.475182712 0
vt 0.40745616 0.475315094 0
vt 0.406356692 0.476513863 0
vt 0.406359494 0.476591051 0
vt 0.409937888 0.476820111 0
vt 0.408808768 0.476976871 0
vt 0.408549666 0.475239575 0
vt 0.408530056 0.475108206 0
vt 0.409408033 0.473253608 0
vt 0.408276975 0.473410726 0
vt 0.409381896 0.473078132 0
vt 0.408250868 0.47323525 0
vt 0.408689082 0.46841985 0
vt 0.412292242 0.476244986 0
vt 0.411197662 0.476555407 0
vt 0.410145819 0.473098576 0
vt 0.410094082 0.472928464 0
vt 0.410200298 0.469358802 0
vt 0.410137236 0.469151139 0
vt 0.40872094 0.468413174 0
vt 0.414537907 0.475352108 0
vt 0.414470285 0.475208998 0
vt 0.41350016 0.475809872 0
vt 0.414450109 0.475166261 0
vt 0.411452711 0.468823552 0
vt 0.410412431 0.469282389 0
vt 0.411359578 0.468626618 0
vt 0.410889357 0.467631936 0
vt 0.410319299 0.469085574 0
vt 0.416541219 0.474027276 0
vt 0.415581286 0.474623024 0
vt 0.415669352 0.474755347 0
vt 0.416514754 0.473987699 0
vt 0.415554971 0.474583507 0
vt 0.412613302 0.468121588 0
vt 0.411651224 0.468718827 0
vt 0.412492156 0.467939556 0
vt 0.411880136 0.467019618 0
vt 0.410918057 0.467616856 0
vt 0.411530107 0.468536794 0
vt 0.418523312 0.472691774 0
vt 0.418416739 0.472572923 0
vt 0.417554498 0.473294616 0
vt 0.41838485 0.472537398 0
vt 0.41752255 0.473259032 0
vt 0.417333663 0.471364856 0
vt 0.4172436 0.471264601 0
vt 0.412794471 0.467990696 0
vt 0.412770689 0.466277242 0
vt 0.411906362 0.467000663 0
vt 0.412647784 0.467827022 0
vt 0.42018196 0.470978558 0
vt 0.420059025 0.470875502 0
vt 0.419311821 0.471708417 0
vt 0.419434875 0.471811295 0
vt 0.42002216 0.470844746 0
vt 0.419274956 0.471677542 0
vt 0.418061137 0.470662117 0
vt 0.417957276 0.470575273 0
vt 0.413542867 0.465420008 0
vt 0.412793815 0.46625495 0
vt 0.421571374 0.469054759 0
vt 0.421434462 0.468969703 0
vt 0.420817554 0.469896793 0
vt 0.420954555 0.46998167 0
vt 0.421393365 0.468944192 0
vt 0.420776516 0.469871283 0
vt 0.416425467 0.465858996 0
vt 0.416244715 0.46574688 0
vt 0.414180696 0.464465439 0
vt 0.413562477 0.465394795 0
vt 0.422663093 0.466959476 0
vt 0.422515064 0.46689415 0
vt 0.422040999 0.467896581 0
vt 0.422189176 0.467961848 0
vt 0.422470719 0.466874599 0
vt 0.421996772 0.46787703 0
vt 0.416623771 0.465508223 0
vt 0.416428298 0.465422034 0
vt 0.41467154 0.463432908 0
vt 0.414196372 0.464437723 0
vt 0.42295745 0.465748608 0
vt 0.423113644 0.465792775 0
vt 0.422910631 0.465735316 0
vt 0.417565465 0.463069558 0
vt 0.417359352 0.463011146 0
vt 0.415005147 0.462343335 0
vt 0.414682925 0.463403285 0
vt 0.423871338 0.462428153 0
vt 0.423343122 0.462354541 0
vt 0.423263788 0.462343574 0
vt 0.422793537 0.462278128 0
vt 0.422684759 0.462263048 0
vt 0.420179248 0.46191448 0
vt 0.419997483 0.461889207 0
vt 0.417653471 0.462679088 0
vt 0.417440772 0.462649584 0
vt 0.415012121 0.46231246 0
vt 0.424020648 0.461186111 0
vt 0.424061388 0.460082769 0
vt 0.423979819 0.46118468 0
vt 0.423793375 0.460073531 0
vt 0.423431158 0.461165786 0
vt 0.422877252 0.461146712 0
vt 0.423351198 0.461163044 0
vt 0.422767669 0.461142957 0
vt 0.421307564 0.45998764 0
vt 0.421145827 0.459982038 0
vt 0.420242846 0.461055994 0
vt 0.420059741 0.461049676 0
vt 0.418216437 0.304649174 0
vt 0.420708388 0.308565974 0
vt 0.418970197 0.305491269 0
vt 0.42278704 0.313903511 0
vt 0.422465563 0.312846243 0
vt 0.421182305 0.309568286 0
vt 0.423598886 0.317323327 0
vt 0.422826231 0.313892365 0
vt 0.423558474 0.31732887 0
vt 0.423761308 0.318413913 0
vt 0.186885327 0.296318352 0
vt 0.18784532 0.295722365 0
vt 0.179320365 0.302449584 0
vt 0.177022308 0.305414677 0
vt 0.176405475 0.306341767 0
vt 0.1732741 0.315361798 0
vt 0.172323301 0.31995374 0
vt 0.172485694 0.318862319 0
vt 0.206607804 0.29017067 0
vt 0.183994532 0.476186097 0
vt 0.185089186 0.476496637 0
vt 0.179163814 0.473882854 0
vt 0.175916821 0.471217096 0
vt 0.177024961 0.472287416 0
vt 0.177051723 0.472257555 0
vt 0.175947726 0.471191168 0
vt 0.172862664 0.466916919 0
vt 0.173613742 0.468245506 0
vt 0.173648134 0.468224108 0
vt 0.172899902 0.466900468 0
vt 0.171841085 0.464496315 0
vt 0.172388732 0.465914607 0
vt 0.17242597 0.465898156 0
vt 0.17188032 0.464485168 0
vt 0.421585143 0.469063282 0
vt 0.420968264 0.469990194 0
vt 0.423963547 0.461184144 0

# 3144 vertex normals
vn 1.6398747 -18.1683388 -19.9627018
vn 5.51355219 -39.2488976 -10.1424236
vn 1.57705021 -39.6215057 -10.1250372
vn 1.90479124 18.3610916 -19.9149246
vn 1.69040775 39.1237869 -10.5729313
vn 6.35604143 38.6250687 -10.5868511
vn 25.643959 -32.2184601 8.54846859
vn 11.0791874 -12.7859869 20.2391853
vn 28.240118 -29.9687691 8.54861641
vn 29.968195 -28.2409401 8.54845142
vn 12.7859898 -11.0791845 20.2391853
vn 32.2178078 -25.6445236 8.54865456
vn 23.6876888 -33.682724 8.54860401
vn 20.7983418 -35.5396042 8.54857445
vn 9.14702606 -14.2332544 20.2390442
vn 33.682724 -23.6876869 8.5486021
vn 14.2332582 -9.14702225 20.2390442
vn 35.5396042 -20.7983398 8.54857254
vn 36.7109909 -18.6531582 8.54853439
vn 15.3898449 -7.02790356 20.2391319
vn 38.1377602 -15.5290089 8.54851151
vn 38.9919968 -13.2390079 8.54839516
vn 16.2336235 -4.76672029 20.2390537
vn 39.9595757 -9.94312668 8.54858208
vn 40.4792137 -7.55486298 8.54845524
vn 16.7469997 -2.40725017 20.2390251
vn 40.968029 -4.15496778 8.54845333
vn 41.191925 -2.32940149 8.4563694
vn 17.0158272 -0.607607305 20.2174759
vn 41.2531853 -0.614433944 8.45633316
vn 17.1211987 3.29073782e-06 20.1984062
vn 41.3344727 1.36306039e-06 8.36640453
vn 41.191925 2.32940412 8.4563694
vn 41.2531853 0.614436686 8.45633316
vn 17.0158272 0.607613862 20.2174759
vn 40.4792137 7.55486584 8.54845333
vn 40.968029 4.15497065 8.54845142
vn 16.7469997 2.40725684 20.2390251
vn 38.9919968 13.2390099 8.54839134
vn 39.9595757 9.94312954 8.54857826
vn 16.2336235 4.76672697 20.2390537
vn 36.7109909 18.653162 8.54852867
vn 38.1377602 15.5290117 8.54850578
vn 15.3898449 7.02790976 20.2391281
vn 35.5396042 20.7983437 8.54856491
vn 14.2332582 9.14702892 20.2390404
vn 33.682724 23.6876907 8.54859447
vn 28.240118 29.968771 8.54860687
vn 11.0791874 12.7859936 20.2391815
vn 25.6445255 32.2178078 8.54864502
vn 29.968771 28.240118 8.54860687
vn 32.2178078 25.6445255 8.54864693
vn 12.7859898 11.0791912 20.2391815
vn 20.7983418 35.5396042 8.548563
vn 23.6876888 33.682724 8.54859257
vn 9.14702606 14.2332611 20.2390404
vn 4.15496922 40.968029 8.5484457
vn 7.55486441 40.4792175 8.54844761
vn 2.4072535 16.7470036 20.2390232
vn 18.6531601 36.7109909 8.54852581
vn 7.02790689 15.3898478 20.2391281
vn 15.5290098 38.137764 8.54850197
vn 9.94312763 39.9595795 8.54857349
vn 13.2377634 38.9923477 8.54846382
vn 4.76537371 16.2336788 20.2391167
vn -25.6445255 -32.217804 8.54865646
vn -28.240118 -29.9687691 8.54861641
vn -11.0791874 -12.7859869 20.2391853
vn -32.2178078 -25.6445236 8.54865456
vn -12.7859898 -11.0791845 20.2391853
vn -29.968771 -28.2401161 8.54861641
vn -20.7983418 35.5396042 8.548563
vn -9.14702606 14.2332611 20.2390404
vn -23.6876888 33.682724 8.54859257
vn -20.7983418 -35.5396042 8.54857445
vn -23.6876888 -33.682724 8.54860401
vn -9.14702606 -14.2332544 20.2390442
vn -18.6531601 36.7109909 8.54852581
vn -15.5290098 38.137764 8.54850197
vn -7.02790689 15.3898478 20.2391281
vn -13.2377634 38.9923477 8.54846382
vn -9.94312763 39.9595795 8.54857349
vn -4.76537371 16.2336788 20.2391167
vn -7.55486441 40.4792175 8.54844761
vn -4.15496922 40.968029 8.5484457
vn -2.4072535 16.7470036 20.2390232
vn -0.614442587 41.2536736 8.45575809
vn -0.607610583 17.015831 20.217474
vn -2.32942986 41.1924057 8.45579529
vn -15.5290098 -38.1377602 8.54851532
vn -18.6531601 -36.7109909 8.54853725
vn -7.02790689 -15.3898411 20.2391319
vn 0.614442587 41.2536736 8.45575809
vn 2.32940245 41.1919212 8.45636272
vn 0.607610583 17.015831 20.217474
vn -9.94312763 -39.9595757 8.54858685
vn -13.2393608 -38.9916649 8.5486269
vn -4.76537371 -16.2336731 20.2391205
vn -4.15496922 -40.9680252 8.54845905
vn -7.55486441 -40.4792137 8.54846096
vn -2.4072535 -16.7469978 20.239027
vn -2.32942986 -41.1924019 8.45580864
vn -0.606245458 -17.015831 20.2174892
vn -0.61307019 -41.2532043 8.45634365
vn 2.32942986 -41.1924019 8.45580864
vn 0.61307019 -41.2532043 8.45634365
vn 0.606245458 -17.015831 20.2174892
vn 4.15496922 -40.9680252 8.54845905
vn 2.4072535 -16.7469978 20.239027
vn 7.55486441 -40.4792137 8.54846096
vn 9.94312763 -39.9595757 8.54858685
vn 4.76537371 -16.2336731 20.2391205
vn 13.2377634 -38.9923477 8.54847717
vn 15.5290098 -38.1377602 8.54851532
vn 7.02790689 -15.3898411 20.2391319
vn 18.6531601 -36.7109909 8.54853725
vn -35.5396042 -20.7983398 8.54857254
vn -14.2332582 -9.14702225 20.2390442
vn -33.682724 -23.6876869 8.5486021
vn -38.1377602 -15.5290089 8.54851151
vn -15.3898449 -7.02790356 20.2391319
vn -36.7109909 -18.6531582 8.54853439
vn -25.6445255 32.2178078 8.54864502
vn -11.0791874 12.7859936 20.2391815
vn -28.240118 29.968771 8.54860687
vn -33.682724 23.6876907 8.54859447
vn -14.2332582 9.14702892 20.2390404
vn -35.5396042 20.7983437 8.54856491
vn -32.2178078 25.6445255 8.54864693
vn -29.968771 28.240118 8.54860687
vn -12.7859898 11.0791912 20.2391815
vn -39.9595757 -9.94312668 8.54858208
vn -16.2336235 -4.76672029 20.2390537
vn -38.9923477 -13.2377625 8.5484724
vn -36.7109909 18.653162 8.54852867
vn -15.3898449 7.02790976 20.2391281
vn -38.1377602 15.5290117 8.54850578
vn -40.968029 -4.15496778 8.54845333
vn -16.7469997 -2.40725017 20.2390251
vn -40.4792137 -7.55486298 8.54845524
vn -38.9923477 13.2377653 8.54846859
vn -16.2336769 4.76537657 20.2391186
vn -39.9595757 9.94312954 8.54857826
vn -41.1924095 -2.32942891 8.45580196
vn -41.2536736 -0.614441216 8.45576477
vn -17.0158272 -0.607607305 20.2174759
vn -17.1211987 3.29073782e-06 20.1984062
vn -41.3344727 1.36306039e-06 8.36640453
vn -41.2536736 0.614443958 8.45576477
vn -41.1924095 2.32943153 8.45580196
vn -17.0158272 0.607613862 20.2174759
vn -40.4792137 7.55486584 8.54845333
vn -16.7469997 2.40725684 20.2390251
vn -40.968029 4.15497065 8.54845142
vn -3.40132451 16.8864613 -20.1771984
vn -4.658885 41.0465279 -8.39513588
vn -0.693637729 17.2945156 -20.1602688
vn 1.66033709 -17.1085758 -20.18466
vn 2.31436706 -41.2612724 -8.37623787
vn 0.315415174 -17.2071972 -20.180357
vn -3.40132451 -16.886467 -20.1771946
vn -0.693637729 -17.2945213 -20.160265
vn -4.658885 -41.0465279 -8.39512253
vn 1.66033709 17.1085701 -20.1846638
vn 0.315415174 17.2071915 -20.1803608
vn 2.31436706 41.2612686 -8.37625122
vn -3.41492319 16.7646618 -20.2008877
vn -8.67730999 40.4140053 -8.36571121
vn -3.71943736 16.6787529 -20.2050285
vn -3.41492319 -16.7646675 -20.2008839
vn -3.71943736 -16.6787605 -20.2050247
vn -8.67730999 -40.4140091 -8.36569786
vn -5.26920605 16.3319397 -20.1903591
vn -10.6667643 39.9279976 -8.37373543
vn -3.87641811 16.8328533 -20.1674328
vn -5.26920605 -16.3319473 -20.1903553
vn -3.87641811 -16.8328609 -20.167429
vn -10.6667643 -39.9280014 -8.37372208
vn -7.69270086 10.7498426 -20.8865433
vn -19.4248066 36.4819336 -8.37046432
vn -7.33651686 16.1176682 -20.077055
vn -7.69270086 -10.7498493 -20.8865395
vn -7.33651686 -16.1176739 -20.0770512
vn -19.4248066 -36.4819336 -8.37045288
vn -31.6360073 -0.00546430051 -15.4591761
vn -41.3344727 -1.36306039e-06 -8.36640453
vn -31.6346416 0.00545926346 -15.4598436
vn 1.74912167 -16.9819126 -20.208395
vn 1.13877356 -17.0502014 -20.2050781
vn 3.53917575 -41.1838799 -8.36498356
vn 1.13877356 17.0501957 -20.2050819
vn 1.74912167 16.9819069 -20.2083988
vn 3.53917575 41.183876 -8.36499691
vn 6.31368732 -16.0149784 -20.1794415
vn 9.54842472 -40.1722069 -8.41704845
vn 2.34310651 -17.3111362 -20.1271706
vn 2.34310651 17.3111286 -20.1271744
vn 9.54842472 40.1722031 -8.41706181
vn 6.31368732 16.0149708 -20.1794453
vn 17.1211987 -3.29073782e-06 -20.1984062
vn 41.3344727 -1.36306039e-06 -8.36640453
vn -13.29249 32.0917664 -13.7789564
vn -32.0917702 13.2924881 -13.7789536
vn 13.29249 -32.0917702 -13.7789469
vn 32.0917702 -13.2924919 -13.7789497
vn 0.00136540027 0.00545803923 -21.8625774
vn -22.5414524 8.34124947 -18.4398232
vn 0 -3.56186592e-06 -21.8625774
vn 2.73359227 31.7763023 -15.3322401
vn 6.82434416 28.9140282 -16.3469067
vn 3.6703105 -32.4852524 -14.925355
vn 6.61545038 -30.7970047 -15.5255833
vn 6.67287016 -31.0608673 -15.3936396
vn 8.29912376 -31.1524372 -15.1588163
vn 15.4800797 -29.2847576 -14.6958771
vn 19.4069366 12.8132448 -18.6771183
vn 34.6063118 22.8487644 -8.20611763
vn -6.67287016 -31.0608673 -15.3936396
vn -7.97684002 -29.9397812 -15.7712555
vn -31.6360073 -2.51861957e-06 -15.4591761
vn -22.8257904 11.3207264 -17.971035
vn -37.2338371 18.4660378 -8.09346008
vn 31.4651661 15.6055946 -13.5428095
vn 31.6380539 -2.51845654e-06 -15.4581757
vn 31.6360073 -2.51861957e-06 -15.4591761
vn -13.9313488 -26.3539143 -16.3028831
vn -22.8257904 -11.3207321 -17.9710312
vn -37.2338371 -18.4660397 -8.09345436
vn 31.4651661 -15.6055984 -13.5428038
vn -2.68855357 31.2549458 -15.5879078
vn -7.62448549 32.3030205 -14.6601896
vn -2.73359227 31.7763023 -15.3322401
vn 1.7340703 31.0043526 -15.739006
vn 16.4877872 -10.8853569 -19.6154232
vn -6.67287016 31.0608635 -15.3936491
vn -3.41491985 30.2277031 -16.0313911
vn -15.5877666 -28.5689259 -15.0019608
vn -31.1565552 -16.5286236 -13.4513845
vn -31.1565552 16.5286179 -13.4513903
vn -15.5877666 28.5689201 -15.0019703
vn 30.7753105 32.4738998 -5.29066983e-06
vn 35.5054741 20.5689545 8.71337318
vn 44.4766312 4.7817874 0.390331686
vn 44.6688538 2.39360833 0.390329421
vn -38.8659172 22.161108 -3.61050274e-06
vn -38.0516853 23.5317478 -3.83380802e-06
vn 0.398705363 44.7382927 -7.28879331e-06
vn -0.398705363 44.7382927 -7.28879331e-06
vn -0.797407746 44.7258339 0.390319288
vn 0.797407746 44.7258339 0.390319288
vn 5.57368994 44.3915329 -7.23229869e-06
vn 3.98569131 44.5621872 -7.26010148e-06
vn 7.94126511 44.0224075 0.390317321
vn 11.0628529 43.3433876 0.390326083
vn 8.72514153 43.8810425 -7.14912949e-06
vn 7.15343237 44.1644936 -7.19530908e-06
vn 14.1253147 42.4442177 0.390319705
vn 17.1185532 41.3278503 0.390325099
vn 11.8326521 43.1469879 -7.02953639e-06
vn 10.2856655 43.5416946 -7.09384221e-06
vn 20.0226536 40.0016136 0.390321493
vn 22.8258801 38.4709663 0.390321761
vn 14.8791819 42.193409 -6.87417878e-06
vn 13.3649006 42.6972275 -6.95626113e-06
vn 25.5116196 36.7449799 0.390321136
vn 28.0689888 34.8305626 0.39032039
vn 17.8504696 41.0248108 -6.68378971e-06
vn 16.3754082 41.6355591 -6.78329343e-06
vn 30.4816036 32.7400055 0.390319616
vn 32.7400055 30.4816036 0.390319973
vn 20.7298508 39.647789 -6.45944465e-06
vn 19.3029137 40.3617592 -6.57576493e-06
vn 34.8305626 28.0689888 0.390321493
vn 36.7449799 25.5116196 0.390322983
vn 23.5046597 38.068428 -6.20213405e-06
vn 22.1324139 38.8822632 -6.33472473e-06
vn 38.4709663 22.8258801 0.390324295
vn 40.0016136 20.0226536 0.390324771
vn 30.6528206 28.3698044 7.83732557
vn 24.8481979 37.2053947 -6.06152798e-06
vn 41.3278503 17.1185532 0.390329033
vn 42.4442177 14.1253147 0.390324324
vn 30.8547821 4.6766243 15.6659222
vn 30.060997 9.94705677 15.4454956
vn 43.3433876 11.0628529 0.390331358
vn 44.0224075 7.94126511 0.390323222
vn -44.7329674 0.79741317 -1.29915094e-07
vn 44.7329674 0.79741317 -1.29915094e-07
vn 0.797407746 -44.7258339 0.390333891
vn -0.797407746 -44.7258339 0.390333891
vn -44.3769951 5.68827248 -9.26737243e-07
vn -44.5476036 4.14548731 -6.75385593e-07
vn -7.94126511 -44.0224075 0.390331686
vn -11.0628529 -43.3433876 0.390340209
vn -43.8666229 8.79735565 -1.43327122e-06
vn -44.1497917 7.24360323 -1.18013281e-06
vn -14.1253147 -42.4442177 0.390333533
vn -17.1185532 -41.3278503 0.39033857
vn -22.9598217 -24.3703194 -14.5009308
vn -32.3590698 -18.6120338 -12.050704
vn -20.0226536 -40.0016136 0.390334547
vn -22.8258801 -38.4709663 0.390334278
vn -42.1784515 14.9215317 -2.43102613e-06
vn -42.6822395 13.4127026 -2.18520654e-06
vn -25.5116196 -36.7449799 0.390333116
vn -28.0689888 -34.8305626 0.390331715
vn -41.0094109 17.8858051 -2.91396759e-06
vn -41.6205101 16.4136276 -2.67411929e-06
vn -30.4816036 -32.7400055 0.390330285
vn -32.7400055 -30.4816036 0.390329927
vn -39.6313667 20.7612381 -3.3824349e-06
vn -40.3459396 19.3359566 -3.15022703e-06
vn -34.8305626 -28.0689888 0.390330613
vn -36.7449799 -25.5116177 0.390331268
vn -38.4709663 -22.8258801 0.390331745
vn -40.0016136 -20.0226536 0.390331268
vn -36.2780914 26.1834717 -4.26582892e-06
vn -37.1883507 24.873703 -4.05244054e-06
vn -41.3278503 -17.1185532 0.390334636
vn -42.4442177 -14.1253147 0.390328914
vn -34.3191872 28.7030945 -4.67632753e-06
vn -35.3206749 27.461319 -4.47401681e-06
vn -43.3433876 -11.0628529 0.390334934
vn -44.0224075 -7.94126463 0.390325785
vn 31.9146862 31.3548527 -5.10835389e-06
vn 31.3500385 31.9194164 -5.20033291e-06
vn 44.7258568 0.797408164 0.389659435
vn 44.7258568 -0.797408044 0.389659673
vn -32.4685898 30.7809143 -5.01484737e-06
vn -33.2728157 29.9097595 -4.872918e-06
vn -44.4766312 -4.7817874 0.390333235
vn -44.6688805 -2.39360952 0.38966319
vn 17.0298405 -1.08416069 20.209898
vn 17.2004776 -0.992673397 20.1764851
vn -17.2004776 -0.992673397 20.1764851
vn -17.1850681 -1.42958272 20.1733589
vn -17.1225739 -1.85699701 -20.1777344
vn 17.047596 -0.891639709 -20.2085705
vn 17.1526699 -0.909386933 -20.1871395
vn -16.9065952 -1.81191194 -20.2221508
vn 17.047596 -0.891633093 20.2085705
vn -17.1225739 -1.85699046 20.1777344
vn -16.9065952 -1.81190538 20.2221508
vn 17.1526699 -0.909380376 20.1871395
vn -17.2304153 -0.559824765 20.1743622
vn 17.2304153 -0.559824765 20.1743622
vn 17.133215 -0.307214886 20.1954155
vn -17.133215 -0.307214886 20.1954155
vn -16.9626522 -1.43096673 -20.2182369
vn 17.134861 -1.10600674 -20.188406
vn 17.1893253 -1.44598758 -20.1722107
vn -17.1838017 -1.51425326 -20.1721401
vn 17.2304153 -0.559831381 -20.1743622
vn -17.2304153 -0.559831381 -20.1743622
vn -17.133215 -0.307221442 -20.1954155
vn 17.133215 -0.307221442 -20.1954155
vn 17.134861 -1.10600019 20.188406
vn -16.9626522 -1.43096018 20.2182369
vn -17.1838017 -1.5142467 20.1721401
vn 17.1893253 -1.44598091 20.1722107
vn 16.9914513 -2.8360014 20.1770153
vn -16.9804726 -2.90289831 20.1769505
vn -17.2074108 -4.6753006 20.0511703
vn 17.2262592 -4.61105251 20.0508575
vn 17.122488 -1.89248228 20.1769638
vn -17.1155586 -1.95937681 20.1768436
vn -17.0937634 -2.43455076 20.1688976
vn 17.1032982 -2.36764193 20.1688709
vn -17.1155586 -1.95938337 -20.1768436
vn 17.122488 -1.89248884 -20.1769638
vn 17.1032982 -2.36764836 -20.1688709
vn -17.0937634 -2.43455744 -20.1688976
vn 16.1162777 -6.71659088 20.1290627
vn -16.0930328 -6.77256155 20.1290245
vn -15.405076 -9.17039967 20.0305634
vn 15.4350586 -9.12667179 20.0298233
vn -11.9434366 -12.3776484 -20.1823425
vn 11.9694443 -12.3517704 -20.1824474
vn 9.54575348 -16.3865833 -19.801384
vn -9.49120045 -16.42766 -19.7995167
vn 13.7032681 -10.5969543 20.1573448
vn -13.6759396 -10.6324396 20.1573162
vn -12.9798241 -11.8833761 20.1003132
vn 13.0099049 -11.8547382 20.0997066
vn 11.9694443 -12.3517637 20.1824512
vn -11.9434366 -12.3776417 20.1823463
vn -9.49120045 -16.4276524 19.7995205
vn 9.54575348 -16.3865776 19.8013878
vn 6.20992041 -21.2144947 19.0078201
vn -6.10749245 -21.2444572 19.0077534
vn -4.37206268 -24.7782078 18.0776901
vn 4.44311428 -24.7894077 18.0698872
vn -6.10749245 -21.244463 -19.0077457
vn 6.20992041 -21.2145004 -19.0078125
vn 4.44311428 -24.7894135 -18.0698795
vn -4.37206268 -24.7782135 -18.0776825
vn 2.96161747 -19.4983349 19.6238403
vn -2.94522285 -19.4982719 19.6244431
vn -1.57024622 -18.2230434 19.952137
vn 1.6398747 -18.1683331 19.9627094
vn -2.94522285 -19.4982777 -19.6244354
vn 2.96161747 -19.4983406 -19.6238327
vn -1.57024622 -18.2230492 -19.9521294
vn -17.1850681 -1.42958927 -20.1733589
vn -17.2004776 -0.992680013 -20.1764851
vn 17.2004776 -0.992680013 -20.1764851
vn 17.0298519 -1.08280253 -20.2099113
vn 17.1511688 -0.0559793413 20.1923161
vn 17.2194004 0.184335947 20.1782627
vn 17.1345119 -0.252603889 -20.1953335
vn -17.1345119 -0.252603889 -20.1953335
vn -17.1510582 -0.169315532 -20.1921864
vn 17.1498928 -0.169317529 -20.1924248
vn 17.2072849 0.551634789 -20.1791306
vn -17.2068005 0.551619291 -20.1792297
vn -17.293293 1.13331163 -20.1557598
vn 17.293293 1.13331163 -20.1557598
vn -17.1511688 -0.0559793413 20.1923161
vn -17.2182369 0.184338093 20.1784973
vn 17.1511688 -0.0559859201 -20.1923161
vn -17.1511688 -0.0559859201 -20.1923161
vn -17.2182369 0.184331521 -20.1784973
vn 17.2194004 0.184329376 -20.1782627
vn -16.9723759 2.94661546 20.1770649
vn 16.9723759 2.94661546 20.1770649
vn 16.826437 3.10367036 20.2006149
vn -16.826437 3.10367036 20.2006149
vn -17.1922474 1.87884808 20.1630974
vn 17.1934147 1.87882602 20.1628609
vn 17.0869884 2.47962356 20.1689587
vn -17.0869884 2.47962356 20.1689587
vn 16.8358974 3.07360625 -20.199831
vn -16.8358974 3.07360625 -20.199831
vn -17.2399197 4.88004351 -20.0328465
vn 17.2399197 4.88004351 -20.0328465
vn -16.8354225 3.07352614 20.1999283
vn 16.8358974 3.07361293 20.199831
vn 17.2398605 4.88139868 20.0327778
vn -17.2399197 4.88004971 20.0328465
vn 10.7856359 13.531539 -20.1611519
vn -10.7856359 13.531539 -20.1611519
vn -6.95687485 17.3955994 -19.8533916
vn 6.95687485 17.3955994 -19.8533916
vn -15.9195385 7.21902752 20.1249123
vn 15.9195385 7.21902752 20.1249123
vn 14.5091286 11.5966549 19.8894882
vn -14.5091286 11.5966549 19.8894882
vn 15.9195385 7.21902084 -20.1249161
vn -15.9195385 7.21902084 -20.1249161
vn -14.5091286 11.5966482 -19.889492
vn 14.5091286 11.5966482 -19.889492
vn -10.7856359 13.5315456 20.1611481
vn 10.7856359 13.5315456 20.1611481
vn 6.95687485 17.3956051 19.8533878
vn -6.95687485 17.3956051 19.8533878
vn -3.55559349 16.7648182 20.1950588
vn 3.55559349 16.7648182 20.1950588
vn 1.90479124 18.3610992 19.914917
vn -1.90479124 18.3610992 19.914917
vn 3.55559349 16.7648106 -20.1950626
vn -3.55559349 16.7648106 -20.1950626
vn -1.90479124 18.3610916 -19.9149246
vn 44.5476036 4.14548731 -6.75385593e-07
vn 44.3769951 5.68827248 -9.26737243e-07
vn 11.0628529 -43.3433876 0.390340209
vn 7.94126511 -44.0224075 0.390331686
vn -1.19746554 44.7240448 -7.28647137e-06
vn -2.39355206 44.6759987 -7.27864381e-06
vn -4.7817874 44.4766312 0.390325218
vn -2.39360833 44.6688538 0.390322536
vn 38.8659172 22.161108 -3.61050274e-06
vn 38.0516853 23.5317478 -3.83380802e-06
vn 40.0016136 -20.0226536 0.390331268
vn 38.4709663 -22.8258801 0.390331745
vn -22.1324139 38.8822632 -6.33472473e-06
vn -23.5046597 38.068428 -6.20213405e-06
vn -40.0016136 20.0226536 0.390324771
vn -38.4709663 22.8258801 0.390324295
vn -7.15343237 44.1644936 -7.19530908e-06
vn -8.72514153 43.8810425 -7.14912949e-06
vn -17.1185532 41.3278503 0.390325099
vn -14.1253147 42.4442177 0.390319705
vn -3.98569131 44.5621872 -7.26010148e-06
vn -5.57368994 44.3915329 -7.23229869e-06
vn -11.0628529 43.3433876 0.390326083
vn -7.94126511 44.0224075 0.390317321
vn -44.6609421 2.65980363 -4.33336993e-07
vn -44.7202988 1.32992089 -2.16671623e-07
vn -2.39360833 -44.6688538 0.39033708
vn -4.78164196 -44.4766426 0.390327841
vn 40.3459396 19.3359566 -3.15022703e-06
vn 39.6313667 20.7612381 -3.3824349e-06
vn 36.7449799 -25.5116177 0.390331268
vn 34.8305626 -28.0689888 0.390330613
vn -16.3754082 41.6355591 -6.78329343e-06
vn -17.8504696 41.0248108 -6.68378971e-06
vn -32.7400055 30.4816036 0.390319973
vn -30.4816036 32.7400055 0.390319616
vn 44.1497917 7.24360323 -1.18013281e-06
vn 22.5557194 -24.9657211 14.4102383
vn 17.1185532 -41.3278503 0.39033857
vn 14.1253147 -42.4442177 0.390333533
vn -13.3649006 42.6972275 -6.95626113e-06
vn -14.8791819 42.193409 -6.87417878e-06
vn -28.0689888 34.8305626 0.39032039
vn -25.5116196 36.7449799 0.390321136
vn 30.9733734 -17.4378815 13.2771521
vn 42.1784515 14.9215317 -2.43102613e-06
vn 28.0689888 -34.8305626 0.390331715
vn 25.5116196 -36.7449799 0.390333116
vn 44.6609421 2.65980363 -4.33336993e-07
vn 44.7202988 1.32992089 -2.16671623e-07
vn 41.6205101 16.4136276 -2.67411929e-06
vn 41.0094109 17.8858051 -2.91396759e-06
vn 32.7400055 -30.4816036 0.390329927
vn 30.4816036 -32.7400055 0.390330285
vn -19.3029137 40.3617592 -6.57576493e-06
vn -20.7298508 39.647789 -6.45944465e-06
vn -36.7449799 25.5116196 0.390322983
vn -34.8305626 28.0689888 0.390321493
vn -31.3500385 31.9194164 -5.20033291e-06
vn -31.9146862 31.3548527 -5.10835389e-06
vn -44.7258339 -0.797407687 0.390326709
vn -44.7258339 0.797407806 0.39032647
vn 4.78164196 -44.4766426 0.390327841
vn 2.39360833 -44.6688538 0.39033708
vn -10.2856655 43.5416946 -7.09384221e-06
vn -11.8326521 43.1469879 -7.02953639e-06
vn -22.8258801 38.4709663 0.390321761
vn -20.0226536 40.0016136 0.390321493
vn -24.8481979 37.2053947 -6.06152798e-06
vn -32.2515717 25.9883194 -8.2656517
vn -42.4442177 14.1253147 0.390324324
vn -41.3278503 17.1185532 0.390329033
vn 13.9957838 -27.9615288 15.6366301
vn 15.955327 -26.8912449 15.6367617
vn 22.8258801 -38.4709663 0.390334278
vn 20.0226536 -40.0016136 0.390334547
vn 37.1883507 24.873703 -4.05244054e-06
vn 36.2780914 26.1834717 -4.26582892e-06
vn 42.4442177 -14.1253147 0.390328914
vn 41.3278503 -17.1185532 0.390334636
vn 43.8666229 8.79735565 -1.43327122e-06
vn 44.1500092 7.24227333 -1.17991601e-06
vn 33.2728157 29.9097595 -4.872918e-06
vn 32.4685898 30.7809143 -5.01484737e-06
vn 44.6688805 -2.39360952 0.38966319
vn 44.4766312 -4.7817874 0.390333235
vn 43.1323166 11.8859987 -1.93647497e-06
vn 43.5271111 10.3472137 -1.68577503e-06
vn -38.6309547 10.0386972 9.87702465
vn -26.1597805 36.2951775 -5.91323487e-06
vn 42.6822395 13.4127026 -2.18520654e-06
vn 29.8881664 33.2922134 -5.42398993e-06
vn -28.6808262 34.3377991 -5.59433738e-06
vn -27.4382439 35.3386002 -5.75738886e-06
vn 11.0490036 43.2880058 1.17097187
vn 7.93164158 43.9660606 1.17162395
vn 7.89625788 43.7769241 2.33861923
vn 11.0013571 43.1015053 2.33864498
vn -31.223793 -6.33296442 15.3491583
vn -31.3898048 -6.74930382 15.225441
vn -30.7753105 32.4738998 -5.29066983e-06
vn -29.8874893 33.2928238 -5.42408952e-06
vn 35.3206749 27.461319 -4.47401681e-06
vn 34.3185158 28.7038994 -4.6764585e-06
vn 44.0224075 -7.94126463 0.390325785
vn 43.3434753 -11.0625248 0.3903234
vn -44.7329407 0.798777997 -1.30137451e-07
vn -29.8881664 33.2922134 -5.42398993e-06
vn -44.6688538 2.39360833 0.390329421
vn -44.4766312 4.7817874 0.390331686
vn 13.4468088 37.7938843 -9.68085289
vn 13.7526999 41.5694199 -4.49248075
vn 39.3194733 5.51095057 -10.0772839
vn 1.19746554 44.7240448 -7.28647137e-06
vn 2.39355206 44.6759987 -7.27864381e-06
vn -33.2166023 26.5233078 -6.82103014
vn -29.0097103 34.0603981 -5.54914322e-06
vn -44.0224075 7.94126511 0.390323222
vn -43.3434753 11.0625257 0.390319824
vn 33.93013 29.1619682 -4.75108754e-06
vn 38.019455 4.86098289 -11.2769442
vn -38.0175323 13.8495083 9.3298111
vn -10.994524 40.9167786 7.02395296
vn 26.1597805 36.2951775 -5.91323487e-06
vn -43.5271111 10.3472137 -1.68577503e-06
vn -43.1323166 11.8859987 -1.93647497e-06
vn -16.3224068 27.5094185 15.2855701
vn -14.3178368 28.6042709 15.28545
vn -16.7427254 38.8023796 7.1772871
vn 27.4382439 35.3386002 -5.75738886e-06
vn 28.6808262 34.3377991 -5.59433738e-06
vn 0.797413409 44.6688042 1.17031372
vn -0.797413409 44.6688042 1.17031372
vn -0.793300986 44.4767456 2.33658409
vn 0.793300986 44.4767456 2.33658409
vn 4.77487755 44.4198761 1.17163718
vn 2.39082599 44.6119118 1.17028964
vn 2.37994075 44.4200974 2.33662081
vn 4.75571442 44.2282829 2.33925509
vn 17.0964031 41.2752304 1.17096817
vn 14.1076708 42.3899193 1.17098188
vn 14.0463896 42.2074432 2.33866167
vn 17.0242119 41.0967865 2.33863115
vn 22.4670315 37.8637886 3.88597131
vn 19.7057247 39.3718529 3.88522935
vn 19.4014874 38.7633781 5.41190481
vn 22.1199875 37.279007 5.41188383
vn 22.7971115 38.4216537 1.17097294
vn 19.9965782 39.9508286 1.17096984
vn 19.9094028 39.7792053 2.33863497
vn 22.6992779 38.2558746 2.33866525
vn 27.6265717 34.2816353 3.88523769
vn 25.1089573 36.1662407 3.88527179
vn 24.720974 35.6074905 5.4118495
vn 27.19944 33.7521591 5.41189432
vn 28.0336571 34.7857132 1.17097974
vn 25.4786987 36.6983337 1.17096841
vn 25.3684902 36.5405121 2.33864284
vn 27.9134121 34.6354065 2.33862185
vn 32.2245331 30.0002232 3.88597608
vn 30.0011368 32.2240486 3.88525033
vn 29.5367908 31.7269287 5.41184473
vn 31.7262478 29.5374298 5.41196203
vn 32.6982613 30.4425507 1.17165804
vn 30.4425507 32.6982613 1.17165768
vn 30.3112564 32.5573959 2.33930135
vn 32.5573959 30.3112564 2.33930159
vn 36.1660461 25.1088257 3.88592029
vn 34.2808876 27.6270695 3.88597584
vn 33.7513161 27.1998634 5.41264629
vn 35.6067162 24.7213898 5.4126091
vn 36.6978264 25.4792938 1.17166471
vn 34.785656 28.0336113 1.17164612
vn 34.635952 27.912487 2.33932686
vn 36.5403976 25.3684082 2.33930445
vn 39.9507599 19.9965439 1.17163837
vn 38.4215889 22.7970734 1.17164087
vn 38.2557487 22.6992016 2.3393271
vn 39.7790756 19.9093399 2.33929777
vn 42.3898506 14.1076488 1.17165196
vn 41.2751656 17.0963764 1.17163742
vn 41.096653 17.0241585 2.33929467
vn 42.2073059 14.0463438 2.3393259
vn 43.9659882 7.93162823 1.17229509
vn 43.2878609 11.0489664 1.17230761
vn 43.101223 11.0012856 2.33996916
vn 43.7766418 7.89620781 2.3399446
vn -7.93164158 43.9660606 1.17162395
vn -11.0489855 43.2879333 1.17163706
vn -11.0026045 43.1010399 2.33928704
vn -7.8962326 43.7767792 2.33927894
vn -2.35532808 43.9661217 3.88186073
vn -4.70663023 43.7756195 3.88525462
vn -4.63421106 43.0992546 5.41180944
vn -2.31987 43.288311 5.40655041
vn -2.27070045 42.389595 6.90443707
vn -4.53735638 42.2030144 6.91052151
vn -4.41854525 41.0913811 8.37372875
vn -2.21198249 41.2753181 8.36630917
vn -2.39082599 44.6119118 1.17028964
vn -4.77622747 44.419735 1.17163336
vn -4.75571442 44.2282829 2.33925509
vn -2.37994075 44.4200974 2.33662081
vn -7.53570652 41.7720413 6.91037941
vn -10.4973383 41.1277771 6.9104147
vn -10.2203817 40.0445061 8.37381458
vn -7.33775902 40.6717224 8.37363148
vn -14.1076488 42.3898506 1.17164731
vn -17.0963764 41.2751656 1.17163348
vn -17.0241585 41.096653 2.33929086
vn -14.0463438 42.2073059 2.33932137
vn -7.81562948 43.3286819 3.88521457
vn -10.8892279 42.6598282 3.8859005
vn -10.7201185 42.0011253 5.41194201
vn -7.69561386 42.6590462 5.41191339
vn -13.4028959 40.2742271 6.91105366
vn -16.2444096 39.2148819 6.91042471
vn -15.8155994 38.1824608 8.37360859
vn -13.0494747 39.2139626 8.37374115
vn -19.9965134 39.9506989 1.17230046
vn -22.7970352 38.4215279 1.17230344
vn -22.6991291 38.2556229 2.33998442
vn -19.9103699 39.7784081 2.33992243
vn -13.9027014 41.7750092 3.88589787
vn -16.8493347 40.6759834 3.88591146
vn -16.5897408 40.0475006 5.41180229
vn -13.687233 41.1299744 5.41194248
vn -18.9988937 37.9568214 6.91058111
vn -21.6600227 36.5037575 6.91053915
vn -21.0892467 35.54245 8.37377453
vn -18.4989357 36.956913 8.37374401
vn -25.4786129 36.6982117 1.17229891
vn -28.0327377 34.7862663 1.17233264
vn -27.9123955 34.6358414 2.33998537
vn -25.3683281 36.5402794 2.33996224
vn -19.7072468 39.3708038 3.88592744
vn -22.4670315 37.8637886 3.88597131
vn -22.1199875 37.279007 5.41188383
vn -19.4025955 38.762867 5.41183281
vn -24.2078056 34.866394 6.91050005
vn -26.6340313 33.0501747 6.91046095
vn -25.932579 32.1795006 8.37381077
vn -23.5698528 33.9483948 8.37363148
vn -30.4424973 32.698204 1.17232299
vn -32.6982613 30.4425507 1.17165804
vn -32.5573959 30.3112564 2.33930159
vn -30.311161 32.5572929 2.33996105
vn -25.1088238 36.16605 3.88591838
vn -27.6265717 34.2816353 3.88523769
vn -27.19944 33.7521591 5.41189432
vn -24.720974 35.6074905 5.4118495
vn -28.9229641 31.0667229 6.91057491
vn -31.0664196 28.9226856 6.91117573
vn -30.2486858 28.160923 8.37379169
vn -28.1609211 30.2486858 8.37379169
vn -27.2557049 29.2765675 9.79369259
vn -29.2753849 27.2558765 9.79442215
vn -28.1538258 26.2121849 11.1640606
vn -26.2125912 28.1542664 11.1635675
vn -34.785656 28.0336113 1.17164612
vn -36.6982727 25.4786549 1.17163551
vn -36.5403976 25.3684082 2.33930445
vn -34.635952 27.912487 2.33932686
vn -30.0003834 32.2247124 3.8853302
vn -32.2247124 30.0003853 3.88533044
vn -31.7269287 29.5367928 5.41184521
vn -29.5367908 31.7269287 5.41184473
vn -38.4215889 22.7970734 1.17164087
vn -39.9507599 19.9965439 1.17163837
vn -39.7785378 19.9104347 2.33926582
vn -38.2557487 22.6992016 2.3393271
vn -34.2816353 27.6265736 3.88523865
vn -36.1662407 25.1089592 3.88527369
vn -35.6074867 24.7209759 5.41185141
vn -33.7521591 27.19944 5.41189575
vn -41.2751656 17.0963764 1.17163742
vn -42.3898506 14.1076488 1.17165196
vn -42.2073059 14.0463438 2.3393259
vn -41.096653 17.0241585 2.33929467
vn -37.8639946 22.4671555 3.88532782
vn -39.3715439 19.7062531 3.88533688
vn -38.762867 19.4025974 5.41183567
vn -37.279007 22.1199894 5.41188622
vn -43.2879333 11.0489855 1.1716423
vn -43.9660606 7.93164158 1.17162979
vn -43.7767792 7.89623308 2.3392849
vn -43.1013641 11.0013218 2.33930969
vn -40.6762085 16.8494282 3.8852694
vn -41.775238 13.9027777 3.88525653
vn -41.1299744 13.6872339 5.41194677
vn -40.0482521 16.5886898 5.41124105
vn -38.7575073 9.89248466 9.79351139
vn -39.3644257 7.10168362 9.79368019
vn -37.8562698 6.82846737 11.1639729
vn -37.2722206 9.51297188 11.1640759
vn -44.419735 4.77622795 1.1716398
vn -44.6119118 2.39082599 1.17029655
vn -44.4200974 2.37994099 2.33662748
vn -44.2282829 4.75571489 2.33926153
vn -42.6598282 10.8892279 3.88590574
vn -43.3283653 7.81581926 3.8859818
vn -42.6592751 7.69429064 5.41194773
vn -42.0011253 10.7201195 5.41194677
vn -39.7708893 4.27516413 9.79357147
vn -39.9503937 2.14095712 9.78605366
vn -38.4226799 2.05904245 11.1552296
vn -38.2474365 4.11135197 11.163497
vn -44.6687355 0.797412336 1.17098629
vn -44.6687355 -0.797411978 1.17098653
vn -44.4765816 -0.793322146 2.337322
vn -44.4765816 0.793322861 2.33732152
vn -43.7753868 4.70660543 3.88590741
vn -43.9660797 2.35539937 3.881984
vn -43.2879829 2.31985354 5.40718317
vn -43.0988312 4.63431311 5.41260099
vn -11.0489855 -43.2879333 1.17165112
vn -7.93164158 -43.9660606 1.17163825
vn -7.8962326 -43.7767792 2.33929324
vn -11.0013218 -43.1013641 2.33931851
vn -4.77487755 -44.4198761 1.17165172
vn -2.39082599 -44.6119118 1.17030418
vn -2.37994075 -44.4200974 2.33663511
vn -4.75571442 -44.2282829 2.3392694
vn -4.70663023 -43.7756195 3.88526893
vn -2.35532808 -43.9661217 3.88187504
vn -2.31987 -43.288311 5.40656471
vn -4.63421106 -43.0992508 5.41182375
vn -4.53735638 -42.2030106 6.91053486
vn -2.27070045 -42.389595 6.90445042
vn -2.21198249 -41.2753181 8.36632252
vn -4.41854525 -41.0913773 8.3737421
vn -4.27516222 -39.7708893 9.7935791
vn -2.14101386 -39.9501152 9.78632545
vn -2.05906248 -38.4217186 11.1560221
vn -4.11135006 -38.2474327 11.1635046
vn -2.45227599 -4.13582277 21.73596
vn -2.15324855 -4.29966688 21.7359314
vn -1.08959305 -2.15870142 21.8306236
vn -1.2261343 -2.08360553 21.830637
vn -17.0963764 -41.2751656 1.17164683
vn -14.1076488 -42.3898506 1.17166114
vn -14.0463438 -42.2073059 2.3393352
vn -17.0241585 -41.096653 2.33930421
vn -27.6270676 -34.2808876 3.88598585
vn -25.1089573 -36.1662407 3.88528371
vn -24.720974 -35.6074867 5.41186094
vn -27.1992359 -33.7519035 5.41253185
vn -28.0336113 -34.7856522 1.17165637
vn -25.4792919 -36.6978264 1.17167485
vn -25.3684082 -36.5403938 2.33931446
vn -27.9133186 -34.6352921 2.33929253
vn -29.276022 -27.2565613 9.79351997
vn -27.2565632 -29.2760201 9.79351997
vn -26.2125912 -28.1542625 11.1635771
vn -28.1542645 -26.2125893 11.1635761
vn -26.8892956 -25.0350456 12.4764423
vn -25.0350475 -26.8892937 12.4764433
vn -23.729969 -25.4872856 13.7256384
vn -25.4872875 -23.7299671 13.7256384
vn -32.6982613 -30.4425488 1.17166805
vn -30.4425507 -32.6982613 1.17166841
vn -30.3112564 -32.5573959 2.33931184
vn -32.5573959 -30.3112564 2.3393116
vn -36.6982727 -25.4786549 1.17164385
vn -34.785656 -28.0336113 1.17165518
vn -34.6352921 -27.9133186 2.33929133
vn -36.5403976 -25.3684082 2.33931255
vn -39.9507599 -19.9965439 1.17164481
vn -38.4215889 -22.7970715 1.17164826
vn -38.2557487 -22.6992016 2.33933473
vn -39.7790756 -19.909338 2.33930445
vn -41.7750092 -13.9027004 3.88590717
vn -40.6759834 -16.8493328 3.885921
vn -40.0476532 -16.5884399 5.41249943
vn -41.1295929 -13.6884708 5.41190147
vn -42.3898506 -14.1076488 1.17165649
vn -41.2751656 -17.0963764 1.1716429
vn -41.096653 -17.0241566 2.33930039
vn -42.2073059 -14.0463438 2.33933067
vn -4.7913394 -0.256699741 21.7364864
vn -4.78165579 -0.512024164 21.7359161
vn -2.40584159 -0.24849993 21.8306084
vn -2.40314507 -0.132442504 21.8309212
vn -43.9660606 -7.9316411 1.17163241
vn -43.2879333 -11.0489845 1.17164588
vn -43.1013641 -11.0013208 2.33931351
vn -43.7769203 -7.89625788 2.33862758
vn -42.389595 -2.2706995 6.90444422
vn -42.2030144 -4.53735495 6.91052914
vn -41.0915031 -4.41719151 8.37376118
vn -41.2748985 -2.21059346 8.36689854
vn -36.6978531 -1.96624696 12.4686756
vn -36.5291519 -3.92558765 12.4764252
vn -34.624733 -3.72081161 13.725606
vn -34.7866592 -1.86378825 13.7180452
vn -44.6119118 -2.39082575 1.17029727
vn -44.419735 -4.77622747 1.17164147
vn -44.2282829 -4.75571442 2.33926296
vn -44.4199524 -2.37993264 2.33728814
vn -40.0012589 0.714114726 9.78613663
vn -40.0018005 -0.714121282 9.78560352
vn -38.471386 -0.68545109 11.1554966
vn -38.4713669 0.686819851 11.1554899
vn -44.0221672 0.785111129 3.88187313
vn -44.0218849 -0.78512913 3.88263631
vn -43.3428459 -0.772832513 5.40788174
vn -43.3431511 0.774205208 5.40725231
vn 7.93031883 -43.9662971 1.17164457
vn 11.0489855 -43.2879333 1.17165112
vn 11.0013218 -43.1013641 2.33931851
vn 7.8962326 -43.7767792 2.33929324
vn 1.96619987 -36.6982994 12.4683685
vn 3.92694497 -36.5290527 12.4763975
vn 3.72216988 -34.6246452 13.7255764
vn 1.86382616 -34.787323 13.7176476
vn 1.50197613 -28.0364304 17.0216866
vn 2.99848223 -27.9025402 17.0269794
vn 2.7254231 -25.3617249 17.9612732
vn 1.36541414 -25.484087 17.9568977
vn 2.39082599 -44.6119118 1.17030418
vn 4.77622747 -44.419735 1.17164791
vn 4.75571442 -44.2282829 2.3392694
vn 2.37994075 -44.4200974 2.33663511
vn 0.854744732 -4.73249674 21.7359142
vn 1.18790376 -4.66012955 21.7359085
vn 0.591229022 -2.35808539 21.8302803
vn 0.435570478 -2.36627746 21.8309422
vn 4.98390579 -27.6162968 17.0272865
vn 6.93900251 -27.1907272 17.02738
vn 6.30696726 -24.7158279 17.9612408
vn 4.52918005 -25.1023312 17.9613037
vn 14.1076488 -42.3898506 1.17166114
vn 17.0963764 -41.2751656 1.17164683
vn 17.0241585 -41.096653 2.33930421
vn 14.0463438 -42.2073059 2.3393352
vn 3.49958539 -10.5110416 21.1817455
vn 4.23693419 -10.2352705 21.181839
vn 3.04627395 -7.35829782 21.5134258
vn 2.51648378 -7.55627489 21.5133972
vn 19.9965439 -39.9507599 1.17164814
vn 22.7970715 -38.4215889 1.17165089
vn 22.6992016 -38.2557487 2.33933711
vn 19.9104328 -39.7785339 2.3392756
vn 2.15325475 -4.29831409 21.7359962
vn 2.45228291 -4.13446856 21.7360191
vn 1.23025596 -2.0904758 21.8304214
vn 1.08551049 -2.14917064 21.8308983
vn 4.96057844 -9.9061327 21.181694
vn 5.65147114 -9.52925873 21.1816521
vn 4.06214952 -6.85035133 21.5134029
vn 3.5664854 -7.12204409 21.5133209
vn 19.7061481 -39.3713303 3.88599277
vn 22.4664497 -37.8641739 3.88588309
vn 22.1199875 -37.279007 5.41189623
vn 19.4014874 -38.7633781 5.41191721
vn 2.74174881 -3.94877052 21.7360058
vn 3.01483417 -3.74396133 21.7360249
vn 1.50333011 -1.88018322 21.8309078
vn 1.39001143 -1.98806775 21.8304157
vn 6.31919241 -9.09919643 21.1817551
vn 6.95002604 -8.62676716 21.181776
vn 4.99610901 -6.2017808 21.5134315
vn 4.54279709 -6.54042292 21.513483
vn 30.4425507 -32.6982613 1.17166841
vn 32.6982613 -30.4425488 1.17166805
vn 32.5573959 -30.3112564 2.3393116
vn 30.3112564 -32.5573959 2.33931184
vn 25.1089573 -36.1662407 3.88528371
vn 27.6265717 -34.2816353 3.88524866
vn 27.19944 -33.7521553 5.41190577
vn 24.720974 -35.6074867 5.41186094
vn 3.27843237 -3.52011228 21.7358456
vn 3.51864433 -3.27969503 21.735857
vn 1.77095973 -1.66308737 21.8303223
vn 1.64805937 -1.75865459 21.8308315
vn 25.0350475 -26.8892937 12.4764433
vn 26.8892956 -25.0350456 12.4764423
vn 25.4872875 -23.7299671 13.7256384
vn 23.730423 -25.4877758 13.725235
vn 34.785656 -28.0336113 1.17165518
vn 36.6982117 -25.4786129 1.17230904
vn 36.5402794 -25.3683281 2.33997226
vn 34.635952 -27.912487 2.33933592
vn 30.0003834 -32.2247086 3.88534069
vn 32.2245331 -30.0002213 3.88598609
vn 31.7260075 -29.5372066 5.41259813
vn 29.5367908 -31.7269268 5.41185522
vn 3.74533653 -3.01210475 21.7360611
vn 3.94878912 -2.73902512 21.7360897
vn 2.00991678 -1.40366113 21.829731
vn 1.85971093 -1.48421526 21.8316402
vn 38.4215889 -22.7970715 1.17164826
vn 39.9507599 -19.9965439 1.17164481
vn 39.7785378 -19.9104328 2.3392725
vn 38.2557487 -22.6992016 2.33933473
vn 34.2808876 -27.6270676 3.8859849
vn 36.1662407 -25.1089573 3.8852818
vn 35.6074867 -24.720974 5.41185904
vn 33.7521591 -27.1994381 5.41190434
vn 4.137187 -2.45090437 21.7359333
vn 4.2996769 -2.15188289 21.7359638
vn 2.38812399 -1.19747198 21.8235683
vn 2.03859663 -1.21523488 21.8317947
vn 14.7276907 -8.73611546 20.1978798
vn 15.3120327 -7.6669364 20.1977882
vn 12.6409874 -6.3286829 20.7425117
vn 12.1589689 -7.21208811 20.7424641
vn 41.2744789 -17.0980225 1.17166221
vn 42.3898506 -14.1076488 1.17165649
vn 42.2073059 -14.0463438 2.33933067
vn 41.0965233 -17.0241032 2.3399601
vn 37.8637886 -22.4670315 3.88598108
vn 39.3713303 -19.7061462 3.88598943
vn 38.7633781 -19.4014874 5.41191435
vn 37.279007 -22.1199875 5.41189384
vn 4.443151 -1.84470963 21.735815
vn 4.56195259 -1.5251987 21.7358551
vn 2.29666066 -0.77965951 21.8304291
vn 2.23244596 -0.920283079 21.8307133
vn 40.6762085 -16.8494263 3.88527513
vn 41.775238 -13.9027767 3.8852613
vn 41.1299744 -13.687232 5.41195154
vn 40.0479507 -16.5885639 5.41187286
vn 4.65876341 -1.19472635 21.7358894
vn 4.73113632 -0.861568511 21.735918
vn 2.37308455 -0.44375506 21.8307247
vn 2.3485527 -0.598058105 21.8304787
vn 16.592823 -4.23285961 20.1977959
vn 16.8521938 -3.04218507 20.1977215
vn 13.912159 -2.51098514 20.7424698
vn 13.6978426 -3.49409318 20.7425499
vn 44.419735 -4.77622747 1.17164147
vn 44.6119118 -2.39082575 1.17029727
vn 44.4199524 -2.37993264 2.33728814
vn 44.2282829 -4.75571442 2.33926296
vn 42.2030144 -4.53735495 6.91052914
vn 42.3895264 -2.27206135 6.90443325
vn 41.2753181 -2.21198106 8.36631584
vn 41.0913773 -4.41854382 8.37373638
vn 39.7708893 -4.27516079 9.79357338
vn 39.9509354 -2.1409831 9.78551865
vn 38.4226799 -2.05903888 11.1552296
vn 38.2474365 -4.11134815 11.1634989
vn 27.9010468 -2.9984653 17.0275631
vn 28.0349369 -1.50196636 17.0222721
vn 25.4831676 -1.36543489 17.9572048
vn 25.3617287 -2.72542024 17.9612694
vn -0.757822692 -42.4435272 6.904562
vn 0.757800698 -42.4436646 6.90436172
vn 0.737339139 -41.327858 8.36645508
vn -0.737330556 -41.3273773 8.36702442
vn -1.83784163 -4.44304037 21.73596
vn -1.51970065 -4.56182909 21.7359524
vn -0.771454096 -2.29114723 21.830637
vn -0.916186512 -2.23789477 21.8306217
vn 44.0224075 -0.785114169 3.88122725
vn 44.0224075 0.785115421 3.88122678
vn 43.343586 0.772823155 5.40646887
vn 43.3435631 -0.774186432 5.40646648
vn 32.7417145 -0.583037376 14.8965597
vn 32.740387 0.584408343 14.8972435
vn 30.4835835 0.543450117 16.0003109
vn 30.4843159 -0.543433607 15.999979
vn -40.4838371 -1.29579806 9.28518867
vn -40.4350128 -2.3048749 9.28926849
vn 40.3971977 -2.59292674 -9.31040192
vn 40.4359818 -2.13690662 -9.29785061
vn 40.4908104 -1.29717112 -9.27788258
vn 40.441967 -2.30625057 -9.28195763
vn 40.4561005 -2.12186766 -9.27775097
vn 40.4151306 -2.58338022 -9.29242897
vn 40.349369 -3.32478595 -9.30438614
vn 40.2167854 -4.36536598 -9.33869934
vn 16.9914513 -2.83600807 -20.1770153
vn 40.0510254 -5.43581057 -9.37460518
vn 39.8475723 -6.53498697 -9.41397095
vn 16.1162777 -6.71659756 -20.1290588
vn 17.2262592 -4.61105871 -20.0508575
vn 39.1772118 -9.57173824 -9.46536255
vn 37.4615479 -14.4501972 -9.64400864
vn 13.7032681 -10.596961 -20.157341
vn 15.4350586 -9.12667847 -20.0298195
vn 35.1574478 -19.0615978 -9.80100632
vn 32.4333038 -23.1660614 -9.93175697
vn 13.0099049 -11.8547449 -20.0997028
vn 30.0180569 -26.0364037 -10.0465927
vn 28.2412052 -27.8793678 -10.0958252
vn 24.2662411 -31.3281918 -10.1491213
vn 17.5213528 -35.8332977 -9.90241051
vn 12.4485512 -38.7820816 -9.04554749
vn 8.27453136 -39.8051376 -9.12569523
vn 40.4911041 -0.596703887 -9.294631
vn 40.4891205 -0.726410687 -9.29448891
vn 40.4929123 -0.135178149 -9.29708862
vn 40.4943504 -0.400070459 -9.29376888
vn 40.4515076 1.26846027 -9.31967163
vn 40.4911346 0.41235128 -9.2969923
vn 17.1934147 1.87881947 -20.1628609
vn 40.163147 4.25881577 -9.40533447
vn 40.3689499 2.53833365 -9.34319401
vn 16.9723759 2.94660878 -20.1770649
vn 39.7061195 6.76970053 -9.51653099
vn 39.9223251 5.68017006 -9.4706049
vn 17.0869884 2.47961712 -20.1689587
vn 39.578598 7.23545647 -9.56143379
vn 39.5621834 7.3064537 -9.56476307
vn 16.826437 3.10366368 -20.2006149
vn 36.882988 15.2750607 -9.8703022
vn 38.9604683 9.89134026 -9.59957027
vn 27.0449104 28.5250282 -10.441391
vn 33.0970879 21.7706966 -10.1600142
vn 11.1379986 37.4407158 -10.6591482
vn 19.8575382 33.6730194 -10.6329966
vn 4.78164196 44.4766426 0.390313357
vn 2.39360833 44.6688538 0.390322536
vn 10.889287 42.6600647 3.88525486
vn 13.9027777 41.775238 3.885252
vn 16.8494282 40.6762085 3.88526559
vn 37.8637886 22.4670315 3.88597393
vn 39.3713303 19.7061481 3.88598323
vn 40.6762085 16.8494282 3.8852694
vn 44.4196625 4.77621984 1.17230499
vn 44.4765968 0.793298721 2.33725023
vn 44.4200974 2.37994099 2.33662748
vn 43.9663658 2.35534143 3.88122129
vn -0.772839308 43.3431778 5.4072485
vn -0.756435633 42.4436874 6.90435076
vn -0.785110533 44.022171 3.88186622
vn -33.0501747 26.6340332 6.9104619
vn -36.5042114 21.6594868 6.91036892
vn -34.866394 24.2078056 6.91050196
vn -40.0445061 10.2203827 8.37381935
vn -37.9532661 12.6315193 9.79350948
vn -39.2136116 13.050724 8.37367058
vn -41.0918579 4.41859818 8.37316418
vn -40.6719246 7.33643198 8.37367916
vn -0.797413409 -44.6688042 1.17032826
vn -19.9965439 -39.9507599 1.17164814
vn -22.7970715 -38.4215889 1.17165089
vn -43.9661217 -2.35532737 3.88186836
vn 0.797413409 -44.6688042 1.17032826
vn 0.793300986 -44.4767456 2.3365984
vn 2.35532808 -43.9661217 3.88187504
vn 0.785110533 -44.0221672 3.88188052
vn 25.4786549 -36.6982727 1.17164564
vn 28.0336113 -34.7856522 1.17165637
vn 43.2879333 -11.0489845 1.17164588
vn 43.9662971 -7.93031836 1.17163873
vn 44.4765816 -0.793322146 2.337322
vn 43.9663658 -2.35534024 3.88122225
vn -40.352314 -3.29612708 9.30377007
vn -40.352314 -3.29613018 -9.30376816
vn -40.4350128 -2.304878 -9.28926849
vn 40.3971252 -2.5942843 9.3103857
vn 40.4420319 -2.30488563 9.28197193
vn -40.1817856 -4.37209845 -9.37386131
vn -40.233036 -4.2929821 -9.32999516
vn -40.233036 -4.29297924 9.32999706
vn -40.1817856 -4.37209558 9.37386322
vn 40.4561005 -2.1218648 9.27775097
vn 40.4359818 -2.13690352 9.29785061
vn -16.9804726 -2.90290499 -20.1769505
vn 40.0510254 -5.43580723 9.37460709
vn 40.2162628 -4.3653059 9.3392477
vn -40.0319977 -5.59284782 -9.37195587
vn -40.2017212 -4.52223396 -9.33636951
vn -40.2017212 -4.5222311 9.33637142
vn -40.0319977 -5.59284449 9.37195778
vn -31.6346416 -2.51872825e-06 -15.4598436
vn -17.2074108 -4.67530727 -20.0511703
vn -39.1432076 -9.72060299 -9.46272564
vn -39.8238487 -6.69056082 -9.41184807
vn -39.8238487 -6.69055748 9.41184998
vn -39.1432076 -9.72060013 9.46272945
vn 30.0180569 -26.0363998 10.0466003
vn 32.4333038 -23.1660595 9.9317646
vn -13.6759396 -10.6324463 -20.1573124
vn -12.9798241 -11.8833828 -20.1003094
vn -29.9560242 -26.11236 -10.0437279
vn -32.3719597 -23.257618 -9.92845154
vn -32.3719597 -23.257616 9.92845917
vn -29.9560242 -26.1123562 10.0437355
vn 12.4485512 -38.7820778 9.04556084
vn 17.5213528 -35.8332977 9.90242195
vn -17.3684387 -35.9084244 9.90176201
vn -12.3064651 -38.8255043 9.04750061
vn 5.51355219 -39.2488937 10.142437
vn 8.27453136 -39.8051338 9.12570858
vn -5.44397402 -39.2657051 -10.1358595
vn -8.2321434 -39.8075829 -9.13230228
vn -8.23346329 -39.8073578 9.13226509
vn -5.44397402 -39.2657013 10.1358728
vn 17.1345119 -0.252597302 20.1953335
vn -17.1345119 -0.252597302 20.1953335
vn -40.4826088 -0.727778673 9.30123425
vn -40.4838371 -1.29580104 -9.28518867
vn -40.4826088 -0.727781713 -9.30123425
vn -17.1510582 -0.169308946 20.1921864
vn 17.1498928 -0.169310942 20.1924248
vn 40.4911041 -0.596700847 9.294631
vn 40.4943504 -0.400067419 9.29376888
vn -40.4878616 -0.400070757 9.30051899
vn -40.484333 -0.596681595 9.30167103
vn -40.484333 -0.596684635 -9.30167103
vn -40.4878616 -0.400073797 -9.30051899
vn -17.2068005 0.551625848 20.1792297
vn 40.4929123 -0.135175124 9.29708862
vn 40.4911346 0.41235432 9.2969923
vn -40.4846382 0.412357688 9.30374241
vn -40.4864197 -0.135176241 9.30383682
vn -40.4864197 -0.135179266 -9.30383682
vn -40.4846382 0.412354648 -9.30374241
vn -17.1922474 1.87884152 -20.1630974
vn -17.293293 1.13331819 20.1557598
vn 17.293293 1.13331819 20.1557598
vn -16.9723759 2.94660878 -20.1770649
vn -17.0869884 2.47961712 -20.1689587
vn 40.163147 4.2588191 9.40533257
vn 39.9223251 5.6801734 9.47060299
vn -39.9151268 5.68012047 9.47785473
vn -40.1561356 4.25743389 9.41262913
vn -40.1561356 4.25743103 -9.41263103
vn -39.9151268 5.68011761 -9.47785664
vn -16.826437 3.10366368 -20.2006149
vn -39.5554085 7.3064661 9.57144642
vn -39.6995735 6.76838684 9.5232687
vn -39.6995735 6.7683835 -9.52327061
vn -39.5554085 7.30646276 -9.57144833
vn 36.882988 15.2750645 9.87029648
vn 33.0970879 21.7707005 10.1600065
vn -33.0918427 21.7681103 10.1654091
vn -36.8774338 15.272295 9.87627697
vn -36.8774338 15.2722912 -9.87628269
vn -33.0918427 21.7681065 -10.1654167
vn 11.1378326 37.4401588 10.6596451
vn 6.35604143 38.6250725 10.5868378
vn -6.35477686 38.6243172 10.5876732
vn -11.1365061 37.4389229 10.6610165
vn 17.2072849 0.551641345 20.1791306
vn 7.81562948 43.3286819 3.88521457
vn 16.5886898 40.0482521 5.41123724
vn 26.212183 28.1538258 11.1640596
vn 27.2567329 29.2748413 9.79424
vn 25.0994301 31.1442127 9.79426956
vn 24.1367664 29.9521503 11.1640787
vn 29.9521484 24.1367683 11.1640797
vn 31.1454487 25.0979614 9.79423046
vn 29.2748394 27.2567348 9.79424
vn 28.1538258 26.2121849 11.1640606
vn 38.1820831 15.8160114 8.37382984
vn 39.2148819 16.2444115 6.91042805
vn 37.9568253 18.9988976 6.91058588
vn 36.9569092 18.4989376 8.37374687
vn 44.2281036 4.75584221 2.33999133
vn 41.0913773 4.41854668 8.37373447
vn 42.2030144 4.53735733 6.91052723
vn 41.7722511 7.53438139 6.91041994
vn 40.6719246 7.33643198 8.37367916
vn 43.288311 2.31987095 5.40655708
vn -0.737339139 41.3278618 8.36644173
vn -0.686807275 38.470768 11.1559772
vn -0.712747991 40.0012779 9.78613567
vn -2.14101386 39.9501152 9.7863121
vn -2.05906248 38.4217224 11.1560087
vn -0.621267676 34.8319588 13.7174654
vn -0.655404389 36.744976 12.468442
vn -1.96624899 36.6978569 12.4686699
vn -1.86379051 34.7866631 13.7180395
vn -32.1795006 25.932579 8.37381172
vn -42.2034225 4.5374012 6.90992689
vn -41.7722511 7.53438139 6.91041994
vn -36.1555557 6.52272129 12.4766073
vn -35.5981979 9.08559227 12.4765158
vn -41.2753181 2.21198368 8.36631584
vn 0.756442904 42.4440956 6.9037509
vn 0.772839308 43.3431778 5.4072485
vn -0.793300986 -44.4767456 2.3365984
vn -0.785110533 -44.0221672 3.88188052
vn -0.772839308 -43.3431778 5.4072628
vn -0.714113116 -40.001255 9.7861433
vn -0.686807275 -38.4707642 11.1559906
vn -19.9104328 -39.7785339 2.3392756
vn -30.0002213 -32.2245331 3.88598633
vn -32.2245331 -30.0002213 3.88598609
vn -37.279007 -22.1199875 5.41189384
vn -37.8641739 -22.4664497 3.88588047
vn -36.1662407 -25.1089573 3.8852818
vn -35.6074867 -24.720974 5.41185904
vn -39.3713303 -19.7061462 3.88598943
vn -38.7630844 -19.4013386 5.41253996
vn -38.182457 -15.8155975 8.37361813
vn -39.2148819 -16.2444096 6.91043377
vn -37.9572029 -18.9983997 6.91041183
vn -36.9569092 -18.4989338 8.37375259
vn -43.0992546 -4.63421011 5.41181755
vn -43.7756195 -4.70662928 3.88526249
vn -43.3286819 -7.81562853 3.88522291
vn -42.6590462 -7.69561291 5.41192198
vn -43.2880516 -2.31848979 5.40719271
vn -39.9504509 -2.13959169 9.78606701
vn -38.4223213 -2.05909276 11.1555233
vn 4.70663023 -43.7756195 3.88526893
vn 0.77282232 -43.343586 5.40647602
vn 2.31987 -43.288311 5.40656471
vn 2.27070045 -42.389595 6.90445042
vn 2.21198249 -41.2753181 8.36632252
vn 7.53437996 -41.7722511 6.91042805
vn 7.33643055 -40.6719208 8.37368679
vn 4.41854525 -41.0913773 8.3737421
vn 4.53735638 -42.2030106 6.91053486
vn 0.686807275 -38.4707642 11.1559906
vn 0.714113116 -40.001255 9.7861433
vn 2.14101386 -39.9501152 9.78632545
vn 2.05906248 -38.4217186 11.1560221
vn 0.543436229 -30.484314 15.9999838
vn 0.58302772 -32.7410316 14.8969221
vn 1.75186825 -32.6997185 14.896718
vn 1.63169265 -30.4450588 16.0001659
vn 0.356378704 -20.0295734 19.5485268
vn 0.406894863 -22.8298016 18.8009968
vn 1.2220763 -22.8016186 18.8007336
vn 1.07187152 -20.0037136 19.5486069
vn 16.5885639 -40.0479507 5.41187668
vn 16.8493347 -40.6759834 3.88592482
vn 25.3684902 -36.5405121 2.33865476
vn 27.9133186 -34.6352921 2.33929253
vn 39.2148819 -16.2444096 6.91043377
vn 38.182457 -15.8155975 8.37361813
vn 36.9573441 -18.4991512 8.37318325
vn 37.9575729 -18.9985828 6.90981102
vn 43.1013641 -11.0013208 2.33931351
vn 43.7767792 -7.89623213 2.33928728
vn 43.7756195 -4.70662928 3.88526249
vn 43.0992546 -4.63421011 5.41181755
vn 42.6589508 -7.69423008 5.41257668
vn 43.3284492 -7.81558752 3.88586926
vn 43.288311 -2.31986928 5.40655804
vn 30.4450626 -1.63169003 16.0001602
vn 32.6997185 -1.75186586 14.8967123
vn 44.6688042 0.797413588 1.17032087
vn 44.6688042 -0.79741323 1.17032111
vn 15.4797602 29.2841473 -14.6962509
vn 3.6703105 32.4852486 -14.9253664
vn -1.79689753 32.1297836 -15.1887093
vn -1.79693711 32.1291237 -15.1890421
vn -2.73359227 -31.7763081 -15.3322306
vn -2.68855357 -31.2549515 -15.5878983
vn -1.79689753 -32.1297874 -15.1886997
vn 8.29912376 31.1524334 -15.1588259
vn 8.29894829 31.1517735 -15.159174
vn 6.61545038 30.796999 -15.5255928
vn 6.67287016 31.0608635 -15.3936491
vn -7.62448549 -32.3030281 -14.6601782
vn -16.0930328 -6.77256775 -20.1290207
vn 10.0291824 30.0042534 -15.4591589
vn -15.405076 -9.17040634 -20.0305595
vn -3.41491985 -30.2277088 -16.0313797
vn 1.7340703 -31.0043583 -15.7389965
vn -7.97684002 29.9397755 -15.771265
vn -13.9313488 26.3539085 -16.3028908
vn 2.73359227 -31.7763081 -15.3322306
vn 6.82434416 -28.9140339 -16.346899
vn 19.4069366 -12.8132505 -18.6771145
vn -22.5414524 -8.34125519 -18.4398193
vn 0.00136540027 -0.00546516292 -21.8625774
vn 34.6063118 -22.8487682 -8.20611
vn 16.4877872 10.8853502 -19.615427
vn 13.29249 32.0917664 -13.7789564
vn -32.0917702 -13.2924919 -13.7789497
vn -13.29249 -32.0917702 -13.7789469
vn 32.0917702 13.2924881 -13.7789536
vn -3.52970266 31.4382477 -15.4592962
vn -17.7397423 26.1945171 -15.4590693
vn -12.426549 29.0913124 -15.4600554
vn 7.05932522 30.8384647 -15.4591198
vn -1.33128881 -39.6382675 10.1178074
vn -1.33128881 -39.6382713 -10.117794
vn 1.57705021 -39.6215019 10.1250505
vn -1.68904424 39.1238365 10.5729313
vn -6.35477686 38.6243134 -10.5876865
vn -1.68904424 39.1238327 -10.5729446
vn 1.69040775 39.1237907 10.5729179
vn 44.668354 -1.43505669 -1.01951647
vn 44.6181679 -2.55062413 -1.02352738
vn -44.6175423 -2.54922247 1.03085303
vn -44.5374298 -3.66889644 1.05154765
vn 44.6010475 -2.83731794 -1.02150881
vn -44.6676254 -1.43371141 1.0275383
vn -44.0580521 -7.41150713 -1.1596334
vn -44.2475281 -6.19350815 -1.14294493
vn 40.4151306 -2.58337736 9.29242897
vn 44.6000214 -2.85645509 1.01951587
vn 44.6303558 -2.3471694 1.01285017
vn -44.4026947 -5.01935244 -1.07958043
vn -44.5199585 -3.86827302 -1.05755818
vn -40.3385544 -3.48318362 -9.30174255
vn 44.4218979 -4.8445859 1.081586
vn 44.5346985 -3.69074321 1.06088877
vn 40.349369 -3.32478309 9.30438805
vn 39.8475723 -6.53498411 9.41397285
vn 44.0866547 -7.23808622 1.16163552
vn 44.2710838 -6.02014637 1.14629185
vn -37.4124908 -14.5840464 -9.6413641
vn -41.5290947 -16.3672295 -1.47588885
vn -43.3043785 -10.9083605 -1.33044314
vn -28.1813583 -27.9437752 -10.0932398
vn -31.7218666 -31.3026772 -1.92629349
vn -33.6428833 -29.2284393 -1.92561769
vn 37.4615479 -14.4501934 9.64401245
vn 41.5869637 -16.2186012 1.47858167
vn 43.3452377 -10.7431192 1.33377969
vn 39.1772118 -9.57173443 9.46536636
vn -36.218132 -26.0128822 -1.77882993
vn -39.1304588 -21.4112892 -1.69542086
vn -35.0988274 -19.1749802 -9.79836273
vn 36.2907715 -25.9106655 1.78152084
vn 39.1984253 -21.2855034 1.69875073
vn 35.1574478 -19.0615959 9.80101204
vn 20.7695465 -39.3899078 2.11511755
vn 27.6103859 -34.9482117 2.07108259
vn 24.2662411 -31.3281879 10.1491308
vn 28.2412052 -27.879364 10.0958347
vn 31.7926521 -31.230093 1.92895937
vn 33.7141037 -29.1453381 1.92897582
vn -17.3680115 -35.9089127 -9.90150833
vn -20.6046581 -39.4765587 -2.1144712
vn -27.512125 -35.0261078 -2.06907344
vn -24.1777592 -31.39818 -10.1479006
vn 2.11778688 -44.473526 -2.14646959
vn 5.9231348 -44.123127 -2.1711154
vn -10.1518135 -43.3462601 -2.16978359
vn -14.6469135 -42.0359764 -2.19182849
vn -12.3064651 -38.8255081 -9.04748726
vn -44.6860466 -0.66222769 1.02418602
vn -44.6835022 -0.805599988 1.02619195
vn 10.2108269 -43.3325195 2.16919494
vn 14.8025894 -41.9814072 2.19184494
vn -44.690361 -0.15565829 1.02752709
vn -44.6880493 -0.449228883 1.03087306
vn 44.631958 -2.33352709 1.00351417
vn 44.6010475 -2.83731771 1.02150977
vn -40.2987251 -3.45858645 -9.34505844
vn -44.5306816 -3.76311755 -1.04020548
vn -44.4295044 -4.77625036 -1.07956839
vn 44.6868057 -0.662239313 -1.01619649
vn 44.6842422 -0.806954503 -1.01817083
vn 44.6911278 -0.155656531 -1.01950681
vn 44.6887589 -0.449222654 -1.02351832
vn -44.0276451 7.50975561 1.27838862
vn -44.2187996 6.29726982 1.26637852
vn 44.6655235 1.41184092 -1.05621183
vn 44.6864548 0.465611726 -1.04554677
vn -44.4203835 4.76537371 1.17632747
vn -44.5885582 2.85642076 1.13292885
vn -40.3618851 2.53832173 9.35047913
vn 44.4211998 4.76531458 -1.16897523
vn 44.5894051 2.85647464 -1.12494469
vn 44.0285072 7.509902 -1.27107644
vn 44.2194672 6.29873037 -1.2590605
vn -39.5720215 7.23414087 9.56816578
vn -43.953804 7.92506695 1.28643191
vn -43.9298668 8.01505375 1.34712815
vn -27.0409985 28.5224915 10.4454556
vn -30.7955513 32.1049843 2.32192063
vn -37.1777 24.4861031 2.1811502
vn 43.9544792 7.9263072 -1.27907479
vn 43.9309006 8.01499271 -1.33911407
vn -41.1336823 17.2399635 1.72611988
vn -43.2075424 11.1732826 1.54062283
vn -38.9541931 9.88977051 9.60603714
vn 41.133606 17.2426605 -1.72011721
vn 43.2083282 11.1744976 -1.53326631
vn 14.0462761 42.1374626 -2.62289762
vn 22.8478203 38.0806122 -2.65491486
vn 30.7962494 32.1057091 -2.31731319
vn 37.1780968 24.4877319 -2.17517686
vn -14.0448389 42.1372452 2.6255393
vn -22.8473969 38.0799065 2.65818954
vn -19.854784 33.6702538 10.6363087
vn -2.37446952 44.3420944 2.66822219
vn -6.92137718 43.8494987 2.72028565
vn -40.445034 1.26710892 9.32642555
vn -44.6647263 1.41185927 1.06423163
vn -44.6856728 0.465603948 1.05353475
vn -44.430191 -4.7735939 -1.07558179
vn -44.5374298 -3.66889668 -1.05154645
vn 40.4908409 -1.29580379 9.27789116
vn -40.2987251 -3.45858335 9.34506035
vn -40.3385544 -3.48318052 9.30174446
vn -37.4124908 -14.5840425 9.64136791
vn -35.0988274 -19.1749763 9.79836845
vn -28.1813583 -27.9437714 10.0932493
vn -24.1787281 -31.3976612 10.1477432
vn 40.4891205 -0.726407647 9.29448891
vn -40.445034 1.26710594 -9.32642555
vn 40.4515076 1.26846337 9.31967163
vn -40.3618851 2.53831887 -9.35047913
vn 40.3689499 2.53833675 9.34319401
vn 39.7061195 6.76970339 9.51652908
vn -39.5720215 7.23413754 -9.56816769
vn 39.578598 7.23545933 9.56143188
vn 39.5621834 7.30645657 9.56476116
vn -38.9533348 9.88989639 -9.60683346
vn 38.9604683 9.89134312 9.59956646
vn -27.0409985 28.5224895 -10.4454651
vn 27.0449104 28.5250301 10.4413815
vn -11.1365061 37.4389191 -10.6610279
vn -19.854784 33.6702499 -10.6363201
vn 19.8575382 33.6730232 10.6329851
vn -5.83312178 -44.1348343 -2.17248845
vn 5.9231348 -44.123127 2.1711297
vn -1.85559988 -44.4852409 -2.14644194
vn 2.11778688 -44.4735222 2.1464839
vn 6.92273617 43.8494568 -2.71963
vn 2.37720156 44.3421135 2.66755605
vn 2.37720156 44.3421135 -2.66757035
vn 6.92273617 43.8494568 2.7196157
vn -2.37446952 44.3420906 -2.66823649
vn 14.0462761 42.1374626 2.6228838
vn -14.0448389 42.1372452 -2.62555313
vn -6.92137718 43.8494987 -2.72029996
vn 30.7962494 32.1057129 2.3173027
vn 22.8478203 38.0806122 2.65490246
vn -30.7955513 32.1049843 -2.32193112
vn -22.8473969 38.0799065 -2.65820193
vn 41.133606 17.2426624 1.72011149
vn 37.1780968 24.4877338 2.17516875
vn -41.1335831 17.2399235 -1.72678888
vn -37.1777 24.4861031 -2.1811583
vn 43.9544792 7.92630768 1.27907217
vn 43.2083282 11.1744976 1.53326273
vn -43.953804 7.92506647 -1.28643453
vn -43.2075424 11.1732817 -1.54062641
vn 44.0285072 7.50990248 1.27107406
vn 43.9309006 8.01499271 1.33911145
vn -44.0276451 7.50975561 -1.278391
vn -43.9298668 8.01505375 -1.34713078
vn 44.4210587 4.76666546 1.16896975
vn 44.2194672 6.29873085 1.25905836
vn -44.4203835 4.76537323 -1.17632914
vn -44.2187996 6.29726982 -1.26638067
vn 44.6655235 1.41184127 1.05621135
vn 44.5894051 2.85647511 1.12494373
vn -44.6647263 1.41185892 -1.06423211
vn -44.5885582 2.85642028 -1.1329298
vn 44.6911278 -0.155656204 1.01950681
vn 44.6864548 0.465612084 1.04554653
vn -44.690361 -0.155658618 -1.02752709
vn -44.6856728 0.46560362 -1.05353498
vn 44.6868057 -0.662239015 1.01619673
vn 44.6887589 -0.449222296 1.02351856
vn -44.6860466 -0.662228048 -1.02418578
vn -44.6880493 -0.44922924 -1.03087282
vn -1.85559988 -44.4852371 2.14645624
vn -5.83312178 -44.1348305 2.17250276
vn 10.2105246 -43.3326073 -2.16911626
vn -10.1518135 -43.3462601 2.1697979
vn 20.7695465 -39.3899078 -2.11510468
vn 14.8025894 -41.9814072 -2.19183111
vn -20.605732 -39.4759979 2.11445427
vn -14.6469135 -42.0359764 2.19184232
vn 31.7926521 -31.230093 -1.92894912
vn 27.6103859 -34.9482117 -2.07107115
vn -31.7225437 -31.3019981 1.92626214
vn -27.512125 -35.0261078 2.06908488
vn 36.2907715 -25.9106655 -1.7815125
vn 33.7141037 -29.14534 -1.92896628
vn -36.218132 -26.0128803 1.77883852
vn -33.6428833 -29.2284393 1.92562723
vn 41.5869637 -16.2186012 -1.47857642
vn 39.1983337 -21.2854519 -1.69940698
vn -41.5290947 -16.3672295 1.47589409
vn -39.1304588 -21.4112873 1.69542778
vn 44.0866547 -7.2380867 -1.16163313
vn 43.3452377 -10.7431192 -1.33377612
vn -44.0580521 -7.41150713 1.15963578
vn -43.3043785 -10.9083605 1.33044672
vn 44.4218979 -4.8445859 -1.08158433
vn 44.2710838 -6.02014685 -1.14628994
vn -44.4026947 -5.01935196 1.0795821
vn -44.2475281 -6.19350767 1.14294684
vn 44.6000214 -2.85645533 -1.01951492
vn 44.5345879 -3.69209981 -1.06088495
vn -44.5306816 -3.76311707 1.04020667
vn -44.5199585 -3.86827278 1.05755937
vn 44.6181679 -2.55062366 1.0235281
vn 44.631958 -2.33352757 -1.00351346
vn 44.6303558 -2.34716964 -1.01284945
vn -44.6175423 -2.54922295 -1.03085232
vn -44.430191 -4.77359343 1.07558346
vn 44.6842422 -0.806954205 1.01817107
vn -44.4295044 -4.77625036 1.07957006
vn -44.6835022 -0.805600345 -1.02619171
vn -44.6676254 -1.43371165 -1.02753782
vn 44.668354 -1.43505633 1.01951694
vn 0.438294679 2.37853742 21.8306103
vn 0.248503491 2.40584517 21.8306084
vn 0.118790574 0.832902968 21.8587132
vn 0.0382318236 2.40724301 21.8309021
vn 0.0286738425 0.819256246 21.8589077
vn 0.132446066 2.40314865 21.8309212
vn 0.771452963 2.29251623 21.8306026
vn 0.588489175 2.34576797 21.8306141
vn 0.236215785 0.806960404 21.858717
vn 1.08959305 2.15870857 21.8306236
vn 0.916186512 2.23790169 21.8306217
vn 0.349544764 0.764632702 21.858717
vn 1.38588643 1.98120666 21.8306313
vn 1.2261343 2.08361268 21.830637
vn 0.454681277 0.707285583 21.858717
vn 1.65486908 1.76410484 21.8306026
vn 1.5101378 1.88835871 21.8306255
vn 0.550260067 0.634918988 21.8587227
vn 1.88835514 1.51014137 21.8306255
vn 1.76410127 1.65487266 21.8306026
vn 0.634915471 0.550263643 21.8587227
vn 2.0836091 1.22613788 21.830637
vn 1.9812032 1.38588989 21.8306313
vn 0.707282007 0.454684854 21.858717
vn 2.23789835 0.916190088 21.8306217
vn 2.15870309 1.0909611 21.8306065
vn 0.764629126 0.34954831 21.858717
vn 2.3457644 0.588492751 21.8306141
vn 2.29115081 0.771457672 21.830637
vn 0.806956828 0.236219347 21.858717
vn 2.40584159 0.248507053 21.8306084
vn 2.37853384 0.438298255 21.8306103
vn 0.832899392 0.118794136 21.8587132
vn 2.40723944 0.0382353775 21.8309021
vn 2.40314507 0.132449627 21.8309212
vn 0.81925267 0.0286774039 21.8589077
vn -0.0382318236 2.40724301 21.8309021
vn -0.132446066 2.40314865 21.8309212
vn -0.0286738425 0.819256246 21.8589077
vn -0.438294679 2.37853742 21.8306103
vn -0.118790574 0.832902968 21.8587132
vn -0.248503909 2.4044838 21.8306446
vn -0.771454096 2.29115438 21.830637
vn -0.236215785 0.806960404 21.858717
vn -0.588489175 2.34576797 21.8306141
vn -1.09095764 2.15870667 21.8306065
vn -0.349544764 0.764632702 21.858717
vn -0.916186512 2.23790169 21.8306217
vn -1.38588643 1.98120666 21.8306313
vn -0.454681277 0.707285583 21.858717
vn -1.22613251 2.084975 21.8306065
vn -1.65486908 1.76410484 21.8306026
vn -0.550260067 0.634918988 21.8587227
vn -1.5101378 1.88835871 21.8306255
vn -1.88835514 1.51014137 21.8306255
vn -0.634915471 0.550263643 21.8587227
vn -1.76410127 1.65487266 21.8306026
vn -2.0836091 1.22613788 21.830637
vn -0.707282007 0.454684854 21.858717
vn -1.9812032 1.38588989 21.8306313
vn -2.23789835 0.916190088 21.8306217
vn -0.764629126 0.34954831 21.858717
vn -2.158705 1.08959663 21.8306236
vn -2.3457644 0.588492751 21.8306141
vn -0.806956828 0.236219347 21.858717
vn -2.29115081 0.771457672 21.830637
vn -2.40584159 0.248507053 21.8306084
vn -0.832899392 0.118794136 21.8587132
vn -2.37853456 0.436932921 21.830616
vn -2.40723944 0.0382353775 21.8309021
vn -0.81925267 0.0286774039 21.8589077
vn -2.40314507 0.132449627 21.8309212
vn -0.438294679 -2.37853026 21.8306103
vn -0.248503909 -2.40447664 21.8306446
vn -0.118790574 -0.832895875 21.8587132
vn -0.0382318236 -2.40723586 21.8309021
vn -0.0286738425 -0.819249094 21.8589077
vn -0.132446066 -2.4031415 21.8309212
vn -0.588489175 -2.34576082 21.8306141
vn -0.236215785 -0.806953311 21.858717
vn -0.349544764 -0.764625609 21.858717
vn -1.38588643 -1.98119962 21.8306313
vn -0.454681277 -0.70727843 21.858717
vn -1.65486908 -1.76409769 21.8306026
vn -1.5101378 -1.88835156 21.8306255
vn -0.550260067 -0.634911895 21.8587227
vn -1.88835514 -1.51013422 21.8306255
vn -1.76410341 -1.65350199 21.8306293
vn -0.634915471 -0.550256491 21.8587227
vn -2.0836091 -1.22613072 21.830637
vn -1.9812032 -1.38588285 21.8306313
vn -0.707282007 -0.454677731 21.858717
vn -2.23789835 -0.916182995 21.8306217
vn -2.158705 -1.08958948 21.8306236
vn -0.764629126 -0.349541187 21.858717
vn -2.3457644 -0.588485599 21.8306141
vn -2.29115081 -0.77145052 21.830637
vn -0.806956828 -0.236212224 21.858717
vn -2.37853456 -0.436925828 21.830616
vn -0.832899392 -0.118787013 21.8587132
vn -2.40723944 -0.0382282659 21.8309021
vn -0.81925267 -0.0286702812 21.8589077
vn 0.0382318236 -2.40723586 21.8309021
vn 0.132446066 -2.4031415 21.8309212
vn 0.0286738425 -0.819249094 21.8589077
vn 0.118790574 -0.832895875 21.8587132
vn 0.248503491 -2.40583801 21.8306084
vn 0.775564373 -2.30074644 21.8303623
vn 0.236215785 -0.806953311 21.858717
vn 0.349544764 -0.764625609 21.858717
vn 0.913465142 -2.22972536 21.8308487
vn 0.454681277 -0.70727843 21.858717
vn 0.550260067 -0.634911895 21.8587227
vn 0.634915471 -0.550256491 21.8587227
vn 0.707282007 -0.454677731 21.858717
vn 0.764629126 -0.349541187 21.858717
vn 0.806956828 -0.236212224 21.858717
vn 2.40448022 -0.248500347 21.8306446
vn 0.832899392 -0.118787013 21.8587132
vn 2.40723944 -0.0382282659 21.8309021
vn 0.81925267 -0.0286702812 21.8589077
vn 2.40314507 -0.132442504 21.8309212
vn 1.18790376 4.66013622 21.7359085
vn 0.854744732 4.73250389 21.7359142
vn 2.73767447 10.7349644 21.181715
vn 1.96758485 10.9015989 21.1818161
vn 1.41459155 7.83623934 21.5135155
vn 1.96759224 7.71607828 21.5135078
vn 7.69428921 42.6592712 5.41194153
vn 10.721406 42.0008202 5.4119029
vn 10.4973383 41.1277771 6.9104147
vn 7.53570652 41.7720413 6.91037941
vn 7.33643055 40.6719246 8.37367344
vn 10.2216768 40.0442314 8.37375736
vn 9.89248276 38.7575073 9.79350662
vn 7.10168219 39.3644295 9.79367447
vn 6.82990551 37.8566818 11.1634235
vn 9.51311874 37.2728043 11.1635799
vn 9.08558846 35.5981979 12.476511
vn 6.52271938 36.1555557 12.4766026
vn 6.18267059 34.2709465 13.725544
vn 8.61177635 33.7425461 13.7255516
vn 8.09430122 31.7149696 14.9045897
vn 5.81137609 32.2124519 14.9041338
vn 5.41116571 29.9901218 16.006691
vn 7.53584146 29.5275574 16.0068607
vn 6.93767023 27.1908627 17.0274544
vn 4.98243904 27.6157398 17.0275993
vn 4.52918005 25.1023369 17.9612961
vn 6.30696726 24.7158337 17.9612331
vn 5.64335442 22.1146355 18.8039169
vn 4.05393696 22.4611912 18.8036957
vn 3.55696583 19.7060032 19.5505505
vn 4.94972086 19.4029102 19.5505867
vn 4.23286295 16.5928268 20.197794
vn 3.04082894 16.852232 20.1977596
vn 2.51098847 13.9121618 20.7424679
vn 3.49409676 13.6978464 20.742548
vn 4.70660496 43.7753868 3.88590097
vn 2.35532808 43.9661217 3.88186073
vn 2.31985283 43.2879868 5.40717649
vn 4.63421106 43.0992546 5.41180944
vn 4.53735638 42.2030144 6.91052151
vn 2.27072239 42.3900032 6.90383673
vn 2.21198249 41.2753181 8.36630917
vn 4.41854525 41.0913811 8.37372875
vn 4.27516222 39.7708931 9.79356575
vn 2.14098454 39.9509392 9.78551197
vn 2.05904055 38.4226837 11.1552229
vn 4.11135006 38.2474365 11.1634912
vn 3.92561936 36.5280609 12.4771795
vn 1.9662149 36.697216 12.46912
vn 1.86379051 34.7866631 13.7180395
vn 3.72081375 34.624733 13.7255993
vn 3.49825931 32.5452805 14.9039793
vn 1.75183189 32.6990433 14.8970642
vn 1.63169265 30.4450645 16.0001545
vn 3.25652122 30.2999878 16.0066452
vn 2.99712276 27.9026012 17.0270061
vn 1.50197613 28.0364361 17.0216789
vn 1.36541414 25.4840927 17.9568901
vn 2.72406292 25.3617783 17.9612999
vn 2.43728566 22.6933861 18.8037567
vn 1.2220763 22.8016243 18.8007259
vn 1.07187152 20.0037193 19.5485992
vn 2.13828659 19.9095535 19.5506477
vn 1.82833397 17.0257664 20.1979065
vn 0.916195452 17.1045914 20.196804
vn 0.756450176 14.1185846 20.7421627
vn 1.50878489 14.0555983 20.7425671
vn 1.18245947 11.0149002 21.1817608
vn 0.592602909 11.0601044 21.1820374
vn 0.42601338 7.94542599 21.5140514
vn 0.849298716 7.91814327 21.5134563
vn 0.512027681 4.78165913 21.7359161
vn 0.256695449 4.7911973 21.7364922
vn 4.23690462 10.2365732 21.1816902
vn 3.49958539 10.5110483 21.1817417
vn 2.51648378 7.55628204 21.5133934
vn 3.04627395 7.35830498 21.513422
vn 2.45227599 4.13582993 21.73596
vn 2.15324855 4.29967356 21.7359314
vn 13.6884718 41.1295929 5.41189241
vn 16.2432251 39.2153168 6.91050196
vn 13.4028959 40.2742271 6.91105366
vn 13.0507231 39.2136154 8.37366581
vn 15.8160095 38.1820869 8.37382603
vn 15.3079042 36.9541664 9.79427624
vn 12.6315174 37.95327 9.79350567
vn 12.1469669 36.4996185 11.163475
vn 14.7205839 35.5391312 11.1639605
vn 14.0599403 33.9434853 12.475915
vn 11.6020422 34.8593788 12.476469
vn 10.9986925 33.0425034 13.7250624
vn 13.3267956 32.1741104 13.7250757
vn 12.5251503 30.2416897 14.9039345
vn 10.3378296 31.0571842 14.9040918
vn 9.62490749 28.9143219 16.0067768
vn 11.660737 28.1550827 16.0067425
vn 10.7377949 25.9255524 17.0277348
vn 8.86290741 26.6255913 17.0274601
vn 8.05607986 24.2023792 17.9611969
vn 9.75998497 23.5656967 17.9615688
vn 8.73332977 21.0864334 18.8038921
vn 7.20942545 21.6555882 18.8036919
vn 6.32474899 18.9988289 19.5506763
vn 7.66150761 18.5004063 19.550642
vn 6.55138445 15.8213644 20.1978073
vn 5.40836716 16.2469521 20.1979408
vn 4.46491814 13.4125071 20.7425995
vn 5.40838766 13.0615129 20.7424679
vn 5.65150785 9.52796173 21.1817856
vn 4.95922947 9.90617371 21.1817608
vn 3.56514597 7.12073708 21.5134754
vn 4.0621686 6.84902573 21.5135021
vn 3.01618576 3.74531722 21.7359257
vn 2.74310899 3.94876981 21.7359638
vn 21.6594849 36.5042114 6.91036654
vn 18.9988937 37.9568214 6.91058111
vn 18.4989357 36.956913 8.37374401
vn 21.0892467 35.54245 8.37377453
vn 20.4102211 34.4002647 9.7941227
vn 17.903532 35.7688332 9.79423904
vn 17.2182388 34.3982506 11.1641579
vn 19.6279163 33.0827713 11.16397
vn 18.7473927 31.596117 12.4765129
vn 16.4451408 32.8534164 12.4764128
vn 15.5878992 31.1416607 13.7250023
vn 17.7700386 29.9499035 13.7251272
vn 16.7019825 28.151144 14.9039001
vn 14.6526442 29.2697887 14.9040813
vn 13.6418047 27.250843 16.0065498
vn 15.5496826 26.2097111 16.0062943
vn 14.3178806 24.1339474 17.0276279
vn 12.5619869 25.0925713 17.0276909
vn 11.4189835 22.8079319 17.9616013
vn 13.0141611 21.937418 17.9614429
vn 11.644433 19.6295013 18.8038845
vn 10.217639 20.4079704 18.8040409
vn 8.96417713 17.9051456 19.5507221
vn 10.2162094 17.2222748 19.5505581
vn 8.73611832 14.7276945 20.197876
vn 7.66561508 15.3121157 20.1978893
vn 6.32868624 12.6409903 20.7425079
vn 7.21209145 12.1589727 20.7424603
vn 6.95002604 8.62677479 21.1817722
vn 6.31919241 9.09920311 21.1817513
vn 4.54279709 6.54043007 21.5134792
vn 4.99476051 6.20180893 21.5135021
vn 3.51866055 3.2769866 21.7359543
vn 3.27834105 3.51865602 21.7359066
vn 26.6340313 33.0501747 6.91046095
vn 24.2074604 34.8672638 6.9097352
vn 23.5701275 33.9487915 8.37306213
vn 25.9337883 32.1793098 8.37309456
vn 22.8126011 32.8568649 9.79371929
vn 21.9383907 31.5988235 11.1633968
vn 23.0525227 28.6070862 12.47647
vn 20.9536819 30.1784382 12.4763641
vn 19.8613148 28.6054268 13.725378
vn 21.850853 27.1159229 13.7254601
vn 20.5388622 25.4871998 14.9039106
vn 18.6684113 26.8870487 14.9040642
vn 17.3808117 25.032793 16.0063591
vn 19.1216221 23.7299862 16.0062408
vn 17.6074905 21.8513165 17.0272446
vn 16.0054646 23.049675 17.0275364
vn 14.5488586 20.9514523 17.9613514
vn 16.0044212 19.8618164 17.9613438
vn 14.3193378 17.7725315 18.8039074
vn 13.0181417 18.7461815 18.8040009
vn 11.421958 16.446804 19.5506744
vn 12.5634909 15.5920601 19.550703
vn 10.7432833 13.3348913 20.1978016
vn 9.76701355 14.0654297 20.1978416
vn 8.06278419 11.6115065 20.7425728
vn 8.8684063 11.0080233 20.7426319
vn 8.10657024 7.54947853 21.1818466
vn 7.54947519 8.10657406 21.1818466
vn 5.42758989 5.82766485 21.5134487
vn 5.82766104 5.42759323 21.5134487
vn 3.94876647 2.74311256 21.7359638
vn 3.74531364 3.01618934 21.7359257
vn 31.0664062 28.9240379 6.90983772
vn 28.9229641 31.0667229 6.91057491
vn 28.1617451 30.2481041 8.37363052
vn 30.2484589 28.162077 8.37306118
vn 26.8884258 25.035511 12.4766626
vn 25.0341091 26.8897552 12.4766464
vn 23.729969 25.4872894 13.7256308
vn 25.4872875 23.7299728 13.7256308
vn 23.956789 22.3045998 14.9040632
vn 22.305624 23.9564304 14.9038372
vn 20.7669353 22.3044224 16.0062103
vn 22.3032093 20.7657204 16.0069904
vn 20.5373135 19.1227398 17.0275517
vn 19.122736 20.5373154 17.0275517
vn 17.3820915 18.6683407 17.9612732
vn 18.6683369 17.3820934 17.9612751
vn 16.703331 15.5536413 18.8038406
vn 15.5536385 16.7033348 18.8038406
vn 13.6461296 14.6551876 19.5504742
vn 14.6551847 13.6461334 19.5504742
vn 12.5320702 11.6691113 20.1978989
vn 11.6691074 12.532074 20.1978989
vn 9.63439751 10.3444195 20.7426109
vn 10.3457756 9.63303089 20.7426014
vn 9.0991993 6.31919575 21.1817513
vn 8.62677097 6.95002937 21.1817722
vn 6.20180559 4.99476433 21.513504
vn 6.54042625 4.54280043 21.5134811
vn 4.29967022 2.15325212 21.7359314
vn 4.13582659 2.45227957 21.73596
vn 34.866394 24.2078056 6.91050196
vn 33.0501747 26.6340332 6.9104619
vn 32.179306 25.9337902 8.37309551
vn 33.9483948 23.5698528 8.37363338
vn 32.8568649 22.812603 9.7937212
vn 31.5976429 21.9385242 11.1641312
vn 30.1784363 20.9536839 12.4763651
vn 28.6062756 23.0529747 12.4767151
vn 27.115921 21.8508549 13.725461
vn 28.6054249 19.8613167 13.7253799
vn 26.8870468 18.6684132 14.9040661
vn 25.4875507 20.5377865 14.9041176
vn 23.7294521 19.1211967 16.0065517
vn 25.0327911 17.3808155 16.006361
vn 23.0512218 16.0055943 17.0270081
vn 21.8513126 17.6074944 17.0272446
vn 19.8629112 16.0042076 17.9611053
vn 20.9525146 14.5486536 17.9610958
vn 18.7473049 13.0179787 18.8037624
vn 17.772356 14.3205671 18.8037262
vn 15.593256 12.5633621 19.5504971
vn 16.4479809 11.421833 19.5504551
vn 14.0654268 9.76701641 20.1978416
vn 13.3348885 10.7432871 20.1978016
vn 11.0080194 8.86840916 20.7426319
vn 11.6114388 8.06410885 20.7424583
vn 9.90613651 4.96058178 21.1816921
vn 9.52795792 5.65151119 21.1817875
vn 6.85035467 4.06215286 21.513401
vn 7.12073374 3.56514955 21.5134773
vn 4.5618329 1.5197041 21.7359524
vn 4.44304371 1.83784521 21.73596
vn 37.2787247 22.1198196 5.4125123
vn 38.7633781 19.4014893 5.41190767
vn 36.5037537 21.6600246 6.91054153
vn 35.5424423 21.0892448 8.37377548
vn 35.7688293 17.9035339 9.79424191
vn 34.4001732 20.4109802 9.79382229
vn 33.081707 19.6294632 11.1640749
vn 34.3982468 17.2182407 11.1641607
vn 32.8539886 16.4454288 12.4759655
vn 31.5961151 18.7473946 12.4765148
vn 29.9499035 17.7700424 13.7251301
vn 31.141325 15.5890989 13.7248564
vn 29.2697868 14.652647 14.9040833
vn 28.1511421 16.7019844 14.9039021
vn 26.2097092 15.5496845 16.0062962
vn 27.2510929 13.6405687 16.0067005
vn 25.0940971 12.5620728 17.0271378
vn 24.1354866 14.3179903 17.0270882
vn 21.9372196 13.0154133 17.9612846
vn 22.8095131 11.419095 17.9611073
vn 20.4090481 10.2174997 18.8037815
vn 19.6294994 11.6444359 18.8038864
vn 17.2222729 10.2162123 19.5505581
vn 17.9062881 8.96407032 19.5504818
vn 15.3121128 7.66561842 20.1978893
vn 14.7276907 8.73612118 20.197876
vn 12.1589689 7.21209478 20.7424603
vn 12.6409874 6.32868958 20.7425079
vn 10.5110455 3.49958897 21.1817436
vn 10.2352743 4.23693752 21.1818371
vn 7.35830164 3.04627752 21.5134239
vn 7.55495167 2.5165 21.513504
vn 4.73250008 0.854748249 21.7359142
vn 4.66013288 1.18790722 21.7359085
vn 41.775238 13.9027777 3.88525653
vn 40.0479507 16.5885658 5.41186714
vn 41.1302872 13.6873398 5.41132116
vn 40.2746162 13.4030266 6.91045713
vn 39.2136116 13.050724 8.37367058
vn 37.9532661 12.6315193 9.79350948
vn 36.9554901 15.3065252 9.79360104
vn 35.5391312 14.7205858 11.1639633
vn 36.4990463 12.1467781 11.1639729
vn 34.8593788 11.6020451 12.4764729
vn 33.9428902 14.0596981 12.4763689
vn 32.1741104 13.3267994 13.7250805
vn 33.0421219 10.9972019 13.7255745
vn 31.0574017 10.3365393 14.9042006
vn 30.2410583 12.5248919 14.9042931
vn 28.1550808 11.6607399 16.0067444
vn 28.9153061 9.62341785 16.0065689
vn 26.6262207 8.86312008 17.0271988
vn 25.9270725 10.7378626 17.0271721
vn 23.5672741 9.76007652 17.9610653
vn 24.2023754 8.05608273 17.9611988
vn 21.6556892 7.20809793 18.8037853
vn 21.087616 8.73189354 18.8037357
vn 18.5015335 7.66141415 19.550396
vn 18.9999428 6.32467031 19.5504246
vn 16.247406 5.40852261 20.1978436
vn 15.8213606 6.55138779 20.1978073
vn 13.0618858 5.40854692 20.7424011
vn 13.4125042 4.46492147 20.7426014
vn 10.9015951 1.96758831 21.181818
vn 10.7349606 2.73767781 21.1817169
vn 7.7173996 1.96758544 21.5133972
vn 7.83623552 1.41459501 21.5135174
vn 4.7913394 0.256706804 21.7364864
vn 4.78165579 0.512031198 21.7359161
vn 43.3286819 7.81562996 3.88522053
vn 42.6600647 10.8892879 3.88526011
vn 42.001442 10.7201996 5.41132021
vn 42.6592751 7.69429064 5.41194773
vn 41.1277771 10.4973392 6.91041946
vn 40.0445061 10.2203827 8.37381935
vn 39.3644257 7.10168362 9.79368019
vn 38.7575073 9.89248466 9.79351139
vn 37.2722206 9.51297188 11.1640759
vn 37.8568573 6.82857418 11.1634789
vn 36.1555557 6.52272129 12.4766073
vn 35.5981979 9.08559227 12.4765158
vn 33.7425461 8.61177921 13.7255564
vn 34.2709427 6.1826725 13.7255487
vn 32.2124481 5.81137848 14.9041386
vn 31.7163124 8.09429741 14.9039145
vn 29.5289841 7.53586054 16.0062313
vn 29.9901199 5.41116858 16.0066967
vn 27.6157379 4.98244143 17.0276031
vn 27.1913776 6.93917036 17.027113
vn 24.7158298 6.30697012 17.961235
vn 25.1023331 4.52918291 17.9612999
vn 22.4612522 4.05258656 18.8037529
vn 22.1157494 5.64192867 18.8037109
vn 19.4029064 4.9497242 19.5505905
vn 19.7060452 3.55561185 19.550602
vn 16.8522282 3.04083228 20.1977615
vn 16.592823 4.23286629 20.1977959
vn 13.6978426 3.49410009 20.7425499
vn 13.912159 2.51099181 20.7424698
vn 11.0601006 0.592606366 21.1820393
vn 11.0148964 1.18246293 21.1817627
vn 7.91813993 0.849302232 21.5134583
vn 7.94542217 0.426016897 21.5140533
vn 4.79666328 -0.0846514851 21.7365284
vn 4.79680824 0.0846611336 21.7365189
vn 43.7756195 4.70663071 3.88526106
vn 43.0995789 4.63424683 5.41118908
vn 42.3895264 2.27206349 6.9044323
vn 41.2753181 2.21198368 8.36631584
vn 39.9501152 2.14101529 9.78631878
vn 39.7708893 4.27516413 9.79357147
vn 38.2474365 4.11135197 11.163497
vn 38.4217224 2.05906415 11.1560154
vn 36.6978531 1.96625102 12.4686756
vn 36.5290527 3.92694712 12.4763908
vn 34.6246452 3.72217202 13.7255697
vn 34.7866592 1.86379266 13.7180452
vn 32.6990433 1.75183439 14.8970699
vn 32.5452805 3.49826193 14.9039841
vn 30.3006649 3.2565968 16.0063419
vn 30.4450626 1.63169527 16.0001602
vn 28.0349369 1.50197184 17.0222721
vn 27.9010468 2.99847102 17.0275631
vn 25.3610935 2.72535777 17.9614868
vn 25.4831676 1.36544073 17.9572048
vn 22.8016224 1.2220794 18.8007298
vn 22.6933823 2.43728876 18.8037605
vn 19.9095497 2.13828969 19.5506516
vn 20.0037174 1.07187474 19.5486031
vn 17.1045876 0.91619873 20.196806
vn 17.0269318 1.82831609 20.1976757
vn 14.0555944 1.50878835 20.742569
vn 14.1185808 0.756453514 20.7421646
vn 44.6119118 2.39082599 1.17029655
vn -0.592602909 11.0601044 21.1820374
vn -1.18245947 11.0149002 21.1817608
vn -0.849298716 7.91814327 21.5134563
vn -0.42601338 7.94542599 21.5140514
vn -4.27645731 39.7702332 9.79407024
vn -4.11128569 38.2468414 11.1639833
vn -3.92694497 36.5290565 12.4763861
vn -3.72216988 34.624649 13.725565
vn -1.75187111 32.6984062 14.8973961
vn -3.49818635 32.5446053 14.904336
vn -3.25652122 30.2999878 16.0066452
vn -1.63169014 30.4436512 16.0007973
vn -1.5019691 28.0349407 17.0222683
vn -2.99848223 27.9025459 17.0269718
vn -2.7254231 25.3617306 17.9612656
vn -1.36543787 25.4831696 17.957201
vn -1.22205722 22.8026333 18.8004322
vn -2.43728566 22.6933861 18.8037567
vn -2.1382575 19.9106483 19.5503826
vn -1.07185686 20.0048141 19.548336
vn -0.916195452 17.1045914 20.196804
vn -1.82833397 17.0257664 20.1979065
vn -1.50878489 14.0555983 20.7425671
vn -0.756450176 14.1185846 20.7421627
vn -0.854744732 4.73250389 21.7359142
vn -1.18790376 4.66013622 21.7359085
vn -7.10168219 39.3644295 9.79367447
vn -9.89248276 38.7575073 9.79350662
vn -9.51296997 37.2722206 11.164072
vn -6.82979918 37.8560944 11.1639156
vn -6.52271938 36.1555557 12.4766026
vn -9.08558846 35.5981979 12.476511
vn -8.61177635 33.7425461 13.7255516
vn -6.18267059 34.2709465 13.725544
vn -5.81125498 32.2117805 14.9044914
vn -8.09430122 31.7149696 14.9045897
vn -7.53584146 29.5275574 16.0068607
vn -5.41116571 29.9901218 16.006691
vn -4.98246336 27.617239 17.0270138
vn -6.93783522 27.1915054 17.0271912
vn -6.30696726 24.7158337 17.9612331
vn -4.52918005 25.1023369 17.9612961
vn -4.05393696 22.4611912 18.8036957
vn -5.64335442 22.1146355 18.8039169
vn -4.94972086 19.4029102 19.5505867
vn -3.55560875 19.706049 19.5505981
vn -3.04082894 16.852232 20.1977596
vn -4.23286295 16.5928268 20.197794
vn -3.49409676 13.6978464 20.742548
vn -2.51098847 13.9121618 20.7424679
vn -1.96758485 10.9015989 21.1818161
vn -2.73767447 10.7349644 21.181715
vn -1.96758187 7.71740294 21.5133953
vn -1.41459155 7.83623934 21.5135155
vn -1.51970065 4.56183624 21.7359524
vn -1.83920491 4.44304228 21.7359333
vn -12.6316738 37.9523659 9.7942934
vn -15.3067007 36.9545555 9.79437923
vn -14.7205839 35.5391312 11.1639605
vn -12.1483459 36.498291 11.164155
vn -11.6022453 34.8599892 12.4760199
vn -14.0599403 33.9434853 12.475915
vn -13.3265038 32.1747665 13.7247753
vn -10.9971619 33.0433731 13.7248545
vn -10.3363209 31.0567551 14.9045534
vn -12.5251503 30.2416897 14.9039345
vn -11.660737 28.1550827 16.0067425
vn -9.62360477 28.9145107 16.0068817
vn -8.86311722 26.6262226 17.0271969
vn -10.7376041 25.9264565 17.0274315
vn -9.76023102 23.5662899 17.9613533
vn -8.05607986 24.2023792 17.9611969
vn -7.20942545 21.6555882 18.8036919
vn -8.73320389 21.0874939 18.8036213
vn -7.66141129 18.5015373 19.5503941
vn -6.32466698 18.9999466 19.5504227
vn -5.40851927 16.2474098 20.1978416
vn -6.55138445 15.8213644 20.1978073
vn -5.40838766 13.0615129 20.7424679
vn -4.46626949 13.412466 20.7425346
vn -3.49958539 10.5110483 21.1817417
vn -4.23693419 10.2352772 21.1818352
vn -3.04627395 7.35830498 21.513422
vn -2.51648378 7.55628204 21.5133934
vn -2.15324855 4.29967356 21.7359314
vn -2.45227599 4.13582993 21.73596
vn -17.903532 35.7688332 9.79423904
vn -20.4104996 34.4007339 9.79358959
vn -19.6283588 33.0821495 11.1642218
vn -17.2182388 34.3982506 11.1641579
vn -16.4451408 32.8534164 12.4764128
vn -18.7462673 31.5965233 12.4766722
vn -17.7696762 29.9506569 13.7248468
vn -15.5890961 31.1413269 13.7248545
vn -14.6526442 29.2697887 14.9040813
vn -16.7019825 28.151144 14.9039001
vn -15.5496826 26.2097111 16.0062943
vn -13.6421108 27.2514534 16.0062408
vn -12.5620699 25.094099 17.0271358
vn -14.3192129 24.1352539 17.0269203
vn -13.0152159 21.938261 17.9610138
vn -11.4190922 22.809515 17.9611053
vn -10.2174959 20.4090519 18.8037796
vn -11.644433 19.6295013 18.8038845
vn -10.2162094 17.2222748 19.5505581
vn -8.96406746 17.906292 19.5504799
vn -7.66561508 15.3121157 20.1978893
vn -8.73611832 14.7276945 20.197876
vn -7.21209145 12.1589727 20.7424603
vn -6.32868624 12.6409903 20.7425079
vn -4.96057844 9.90614033 21.1816902
vn -5.65150785 9.52796173 21.1817856
vn -4.0621686 6.84902573 21.5135021
vn -3.56514597 7.12073708 21.5134754
vn -2.74310899 3.94876981 21.7359638
vn -3.01618576 3.74531722 21.7359257
vn -22.8126011 32.8568649 9.79371929
vn -25.0983047 31.1458759 9.7936964
vn -24.1371422 29.9526196 11.1635857
vn -21.9380493 31.5983295 11.1638889
vn -20.9526176 30.1788692 12.4765434
vn -23.0525227 28.6070862 12.47647
vn -21.850853 27.1159229 13.7254601
vn -19.860218 28.605814 13.725565
vn -18.6684113 26.8870487 14.9040642
vn -20.5377846 25.4875546 14.9041176
vn -19.120079 23.7297649 16.0067596
vn -17.3808117 25.032793 16.0063591
vn -16.0055943 23.0512257 17.0270081
vn -17.6072292 21.852356 17.0269909
vn -16.0042057 19.862915 17.9611034
vn -14.5486507 20.9525166 17.9610939
vn -13.0181417 18.7461815 18.8040009
vn -14.3193378 17.7725315 18.8039074
vn -12.5634909 15.5920601 19.550703
vn -11.4218302 16.4479847 19.5504551
vn -9.76701355 14.0654297 20.1978416
vn -10.7432833 13.3348913 20.1978016
vn -8.86833954 11.009306 20.7424755
vn -8.06278419 11.6115065 20.7425728
vn -6.31919241 9.09920311 21.1817513
vn -6.95002604 8.62677479 21.1817722
vn -4.99476051 6.20180893 21.5135021
vn -4.54279709 6.54043007 21.5134792
vn -3.27698302 3.51866388 21.7359543
vn -3.51865244 3.27834463 21.7359066
vn -25.0350475 26.8892975 12.4764338
vn -26.8892956 25.0350494 12.4764347
vn -25.4872875 23.7299728 13.7256308
vn -23.729969 25.4872894 13.7256308
vn -22.3045959 23.9567928 14.9040632
vn -23.9564266 22.3056278 14.9038372
vn -22.3033943 20.7672558 16.0064545
vn -20.76647 22.3039227 16.0065193
vn -19.1229229 20.5388832 17.02705
vn -20.5377998 19.1231918 17.0272884
vn -18.6683369 17.3820934 17.9612751
vn -17.3820915 18.6683407 17.9612732
vn -15.5536385 16.7033348 18.8038406
vn -16.703331 15.5536413 18.8038406
vn -14.6551847 13.6461334 19.5504742
vn -13.6462669 14.6539688 19.5506706
vn -11.6691074 12.532074 20.1978989
vn -12.5320702 11.6691113 20.1978989
vn -10.3444157 9.63440132 20.7426109
vn -9.6343298 10.3457117 20.742466
vn -7.54947519 8.10657406 21.1818466
vn -8.10657024 7.54947853 21.1818466
vn -5.82631826 5.42761469 21.5135326
vn -5.42758989 5.82766485 21.5134487
vn -3.74531364 3.01618934 21.7359257
vn -3.94876647 2.74311256 21.7359638
vn -33.9483948 23.5698528 8.37363338
vn -31.1454487 25.0979614 9.79423046
vn -32.8568649 22.812603 9.7937212
vn -31.5983276 21.9380512 11.1638899
vn -29.9521484 24.1367683 11.1640797
vn -28.6070843 23.0525246 12.4764709
vn -30.1788673 20.9526196 12.4765444
vn -28.6059742 19.8616982 13.7249765
vn -27.115921 21.8508549 13.725461
vn -25.4875507 20.5377865 14.9041176
vn -26.8870468 18.6684132 14.9040661
vn -25.0322304 17.3804264 16.0066681
vn -23.7294521 19.1211967 16.0065517
vn -21.8513126 17.6074944 17.0272446
vn -23.0496712 16.0054665 17.0275383
vn -20.9514484 14.5488615 17.9613533
vn -19.8618145 16.004425 17.9613457
vn -17.7725296 14.3193417 18.8039093
vn -18.7473049 13.0179787 18.8037624
vn -16.4479809 11.421833 19.5504551
vn -15.593256 12.5633621 19.5504971
vn -13.3348885 10.7432871 20.1978016
vn -14.0654268 9.76701641 20.1978416
vn -11.6114388 8.06410885 20.7424583
vn -11.0080194 8.86840916 20.7426319
vn -8.62677097 6.95002937 21.1817722
vn -9.0991993 6.31919575 21.1817513
vn -6.54042625 4.54280043 21.5134811
vn -6.20180559 4.99476433 21.513504
vn -4.13582659 2.45227957 21.73596
vn -4.29967022 2.15325212 21.7359314
vn -37.9572029 18.9984016 6.91040611
vn -36.9569092 18.4989376 8.37374687
vn -35.5424423 21.0892448 8.37377548
vn -34.4007339 20.4105034 9.79359341
vn -35.7693214 17.90378 9.7937088
vn -34.3988037 17.2178364 11.1638975
vn -33.0832863 19.6282253 11.1634798
vn -31.5977573 18.7461929 12.4759569
vn -32.8534164 16.4451427 12.4764156
vn -31.1410618 15.5876017 13.7254076
vn -29.950655 17.7696781 13.7248487
vn -28.1511421 16.7019844 14.9039021
vn -29.2705708 14.6523552 14.9037876
vn -27.2514515 13.6421137 16.0062428
vn -26.2097092 15.5496845 16.0062962
vn -24.1354866 14.3179903 17.0270882
vn -25.093502 12.5617743 17.027401
vn -22.8096886 11.4178181 17.9612465
vn -21.9374161 13.014164 17.9614449
vn -19.6294994 11.6444359 18.8038864
vn -20.4090481 10.2174997 18.8037815
vn -17.9062881 8.96407032 19.5504818
vn -17.2222729 10.2162123 19.5505581
vn -14.7276907 8.73612118 20.197876
vn -15.3120327 7.66694307 20.1977844
vn -12.6409874 6.32868958 20.7425079
vn -12.1589689 7.21209478 20.7424603
vn -9.52795792 5.65151119 21.1817875
vn -9.90613651 4.96058178 21.1816921
vn -7.12071705 3.56650615 21.5134239
vn -6.84902191 4.06217241 21.513504
vn -4.44304371 1.83784521 21.73596
vn -4.5618329 1.5197041 21.7359524
vn -39.2148819 16.2444115 6.91042805
vn -40.2746162 13.4030266 6.91045713
vn -38.182457 15.8156004 8.3736124
vn -36.9554901 15.3065252 9.79360104
vn -36.4996147 12.1469688 11.1634789
vn -35.5396843 14.7208157 11.1634703
vn -33.9432182 14.058466 12.4764891
vn -34.8593788 11.6020451 12.4764729
vn -33.0421219 10.9972019 13.7255745
vn -32.1734924 13.3265438 13.7254839
vn -30.2416878 12.5251532 14.9039373
vn -31.0578899 10.3376131 14.903779
vn -28.9159508 9.62363243 16.006258
vn -28.1554871 11.6622734 16.0063076
vn -25.9264526 10.737607 17.0274334
vn -26.6255894 8.86291027 17.027462
vn -24.2023754 8.05608273 17.9611988
vn -23.5662861 9.76023388 17.9613552
vn -21.0865555 8.73201942 18.8040066
vn -21.6556892 7.20809793 18.8037853
vn -18.9988251 6.32475233 19.5506783
vn -18.5004044 7.66151094 19.5506439
vn -15.8213606 6.55138779 20.1978073
vn -16.247406 5.40852261 20.1978436
vn -13.4137468 4.46488047 20.7424107
vn -13.0615101 5.408391 20.7424698
vn -10.2352448 4.23829079 21.181778
vn -10.5110455 3.49958897 21.1817436
vn -7.55495167 2.5165 21.513504
vn -7.35830164 3.04627752 21.5134239
vn -4.66013288 1.18790722 21.7359085
vn -4.73250008 0.854748249 21.7359142
vn -41.1277771 10.4973392 6.91041946
vn -34.2709427 6.1826725 13.7255487
vn -33.7425461 8.61177921 13.7255564
vn -31.7163124 8.09429741 14.9039145
vn -32.2129784 5.81259346 14.9037514
vn -29.9915409 5.41117859 16.0060596
vn -29.5289841 7.53586054 16.0062313
vn -27.1915035 6.9378376 17.0271931
vn -27.6171455 4.98381472 17.0269604
vn -25.1032696 4.52910519 17.9609909
vn -24.7158298 6.30697012 17.961235
vn -22.1157494 5.64192867 18.8037109
vn -22.4612522 4.05258656 18.8037529
vn -19.7060452 3.55561185 19.550602
vn -19.4029064 4.9497242 19.5505905
vn -16.592823 4.23286629 20.1977959
vn -16.8521938 3.04219151 20.1977215
vn -13.912159 2.51099181 20.7424698
vn -13.6978426 3.49410009 20.7425499
vn -10.7336731 2.73769784 21.1818695
vn -10.9015951 1.96758831 21.181818
vn -7.83623552 1.41459501 21.5135174
vn -7.71607494 1.9675957 21.5135098
vn -4.78165579 0.512031198 21.7359161
vn -4.7913394 0.256706804 21.7364864
vn -42.3899345 2.27208543 6.90383244
vn -36.5290527 3.92694712 12.4763908
vn -36.6978531 1.96625102 12.4686756
vn -34.7866592 1.86379266 13.7180452
vn -34.6246452 3.72217202 13.7255697
vn -32.5452805 3.49826193 14.9039841
vn -32.6990433 1.75183439 14.8970699
vn -30.4450626 1.63169527 16.0001602
vn -30.3006649 3.2565968 16.0063419
vn -27.9025421 2.99848485 17.0269756
vn -28.0364342 1.50197887 17.0216827
vn -25.4840908 1.365417 17.9568939
vn -25.3626537 2.72537875 17.9609585
vn -22.6933823 2.43728876 18.8037605
vn -22.8026295 1.2220602 18.800436
vn -20.0048122 1.07186007 19.5483398
vn -19.9106445 2.1382606 19.5503864
vn -17.0269318 1.82831609 20.1976757
vn -17.1045876 0.91619873 20.196806
vn -14.1185808 0.756453514 20.7421646
vn -14.0555944 1.50878835 20.742569
vn -11.0148964 1.18246293 21.1817627
vn -11.0601006 0.592606366 21.1820393
vn -7.94542217 0.426016897 21.5140533
vn -7.91813993 0.849302232 21.5134583
vn 0.0846575946 4.79681206 21.7365189
vn -0.0846575946 4.79681206 21.7365189
vn 0.737339139 41.3278618 8.36644173
vn 0.714113116 40.0012589 9.78612995
vn 0.685452938 38.4713898 11.1554899
vn 0.655404389 36.744976 12.468442
vn 0.621267676 34.8319588 13.7174654
vn 0.584392846 32.7410202 14.896904
vn -0.584405959 32.7403908 14.8972378
vn -0.543447495 30.4835854 16.0003052
vn 0.543447495 30.4835854 16.0003052
vn 0.499747872 28.0705414 17.0223293
vn -0.499747872 28.0705414 17.0223293
vn -0.454689294 25.5158558 17.9571419
vn 0.454689294 25.5158558 17.9571419
vn 0.406899244 22.8314171 18.8005238
vn -0.406899244 22.8314171 18.8005238
vn -0.356373876 20.0306721 19.548254
vn 0.356378704 20.0295792 19.5485191
vn 0.304488063 17.1264343 20.1967964
vn -0.304488063 17.1264343 20.1967964
vn -0.251240224 14.136364 20.7422009
vn 0.251240224 14.136364 20.7422009
vn 0.196624517 11.0737867 21.1820908
vn -0.196623027 11.0750685 21.1819324
vn -0.140638605 7.95632553 21.5139866
vn 0.140639365 7.95500278 21.5141029
vn 1.83784163 4.44304752 21.73596
vn 1.51970065 4.56183624 21.7359524
vn 0.785110533 44.022171 3.88186622
vn -2.73767447 -10.7349567 21.1817188
vn -1.96758485 -10.9015913 21.1818199
vn -1.41459155 -7.83623219 21.5135193
vn -1.96759224 -7.71607113 21.5135117
vn -10.889287 -42.6600647 3.88526869
vn -7.815588 -43.3284492 3.88587523
vn -7.69428921 -42.6592674 5.41195583
vn -10.721406 -42.0008202 5.41191626
vn -10.4973383 -41.1277771 6.91042805
vn -7.53437996 -41.7722511 6.91042805
vn -7.33643055 -40.6719208 8.37368679
vn -10.2216768 -40.0442276 8.37377071
vn -9.89260864 -38.7566338 9.79431248
vn -7.10168219 -39.3644257 9.79368782
vn -6.82846546 -37.856266 11.1639795
vn -9.51296997 -37.2722168 11.1640835
vn -9.08558846 -35.5981941 12.4765224
vn -6.52255869 -36.1560287 12.476305
vn -6.18278885 -34.2715988 13.725152
vn -8.61194229 -33.743187 13.7251596
vn -8.09429359 -31.7163048 14.9039192
vn -5.81137609 -32.2124481 14.9041452
vn -5.41116571 -29.990118 16.0067024
vn -7.53569031 -29.5283222 16.0065498
vn -6.93767023 -27.1908569 17.027462
vn -4.98246336 -27.6172333 17.0270214
vn -4.52918005 -25.1023312 17.9613037
vn -6.30696726 -24.7158279 17.9612408
vn -5.64201117 -22.1147156 18.8039989
vn -4.05393696 -22.4611855 18.8037033
vn -3.55696583 -19.7059956 19.5505581
vn -4.94972086 -19.4029045 19.5505943
vn -4.23286295 -16.5928192 20.1977978
vn -3.04218817 -16.8521919 20.1977234
vn -2.51098847 -13.9121552 20.7424717
vn -3.49409676 -13.6978397 20.7425518
vn -3.92694497 -36.5290527 12.4763975
vn -1.96619987 -36.6982994 12.4683685
vn -1.86382616 -34.787323 13.7176476
vn -3.72216988 -34.6246452 13.7255764
vn -3.49825931 -32.5452766 14.9039907
vn -1.75186825 -32.6997185 14.896718
vn -1.63169265 -30.4450588 16.0001659
vn -3.25652122 -30.2999821 16.0066566
vn -2.99848223 -27.9025402 17.0269794
vn -1.5019691 -28.034935 17.0222759
vn -1.36543787 -25.4831638 17.9572086
vn -2.7254231 -25.3617249 17.9612732
vn -2.43728566 -22.6933804 18.8037643
vn -1.22205722 -22.8026276 18.8004398
vn -1.07185686 -20.0048084 19.5483437
vn -2.1382575 -19.9106407 19.5503902
vn -1.82833397 -17.0257587 20.1979103
vn -0.916195452 -17.1045856 20.1968079
vn -0.756450176 -14.118578 20.7421665
vn -1.50878489 -14.0555916 20.7425709
vn -1.18245947 -11.0148926 21.1817646
vn -0.592602909 -11.0600967 21.1820412
vn -0.42601338 -7.94541883 21.5140553
vn -0.849298716 -7.91813612 21.5134602
vn -0.512029409 -4.780303 21.7359886
vn -0.256695449 -4.79119015 21.7364922
vn -4.23693419 -10.2352705 21.181839
vn -3.49958539 -10.5110416 21.1817455
vn -2.51649666 -7.55494833 21.5135059
vn -3.04491544 -7.35831404 21.5134735
vn -16.8494282 -40.6762085 3.88527894
vn -13.9027777 -41.775238 3.88526583
vn -13.6884718 -41.1295929 5.41190577
vn -16.5885639 -40.0479507 5.41187668
vn -16.2444096 -39.2148781 6.91043711
vn -13.4030256 -40.2746124 6.91046619
vn -13.0507231 -39.2136116 8.37367916
vn -15.8160095 -38.1820831 8.37383938
vn -15.3065233 -36.9554901 9.79360962
vn -12.6315174 -37.9532661 9.79351711
vn -12.1467772 -36.4990425 11.1639805
vn -14.7208138 -35.5396805 11.1634789
vn -14.0584641 -33.9432144 12.4764967
vn -11.6020422 -34.859375 12.4764805
vn -10.9971991 -33.0421181 13.7255821
vn -13.3265409 -32.1734924 13.7254906
vn -12.5251503 -30.2416859 14.903944
vn -10.3376102 -31.0578861 14.9037857
vn -9.62362957 -28.9159489 16.0062637
vn -11.6609983 -28.1557083 16.0064411
vn -10.7376041 -25.9264507 17.0274391
vn -8.86290741 -26.6255856 17.0274677
vn -8.05607986 -24.2023735 17.9612045
vn -9.76023102 -23.5662842 17.9613609
vn -8.73332977 -21.0864277 18.8038998
vn -7.20820141 -21.6546421 18.8040695
vn -6.32474899 -18.9988213 19.550684
vn -7.66150761 -18.5004005 19.5506496
vn -6.55138445 -15.8213577 20.1978111
vn -5.40851927 -16.2474022 20.1978455
vn -4.46491814 -13.4125004 20.7426033
vn -5.40838766 -13.0615063 20.7424717
vn -5.65150785 -9.52795506 21.1817894
vn -4.96057844 -9.9061327 21.181694
vn -3.56514597 -7.1207304 21.5134792
vn -4.06214952 -6.85035133 21.5134029
vn -3.01618576 -3.74531007 21.7359257
vn -2.74310899 -3.94876289 21.7359638
vn -22.4665737 -37.8643837 3.88523746
vn -19.7062531 -39.3715439 3.88534641
vn -19.4014874 -38.7633781 5.41191721
vn -22.1199875 -37.279007 5.41189623
vn -21.6600227 -36.5037537 6.91055059
vn -18.9988937 -37.9568176 6.91059351
vn -18.4989357 -36.9569092 8.37375546
vn -21.0892467 -35.5424461 8.37378597
vn -20.4104996 -34.4007301 9.79360104
vn -17.9037781 -35.7693176 9.79371738
vn -17.2181034 -34.3993378 11.163414
vn -19.6282234 -33.0832863 11.1634884
vn -18.7462673 -31.5965176 12.4766817
vn -16.4451408 -32.8534126 12.4764242
vn -15.5875988 -31.1410599 13.7254152
vn -17.7696972 -29.9493275 13.7255421
vn -16.7019825 -28.1511402 14.9039097
vn -14.6523514 -29.270565 14.9037924
vn -13.6421108 -27.2514477 16.0062485
vn -15.5493355 -26.2091217 16.0066128
vn -14.3178806 -24.1339417 17.0276356
vn -12.5617714 -25.0934982 17.0274067
vn -11.4178152 -22.8096867 17.9612522
vn -13.0141611 -21.9374123 17.9614506
vn -11.644433 -19.6294956 18.8038921
vn -10.2174959 -20.4090443 18.8037872
vn -8.96406746 -17.9062862 19.5504875
vn -10.2162094 -17.2222691 19.5505619
vn -8.73611832 -14.7276878 20.1978798
vn -7.66561508 -15.312109 20.1978931
vn -6.32868624 -12.6409836 20.7425117
vn -7.21209145 -12.1589651 20.7424641
vn -22.6992016 -38.2557487 2.33933711
vn -6.95002604 -8.62676716 21.181776
vn -6.31919241 -9.09919643 21.1817551
vn -4.54279709 -6.54042292 21.513483
vn -4.99610901 -6.2017808 21.5134315
vn -3.51866055 -3.27697945 21.7359543
vn -3.27834105 -3.51864886 21.7359066
vn -26.6346321 -33.0495529 6.91062737
vn -24.2078056 -34.866394 6.91051149
vn -23.5703983 -33.9478149 8.37383747
vn -25.932579 -32.1794968 8.3738203
vn -25.0992374 -31.1453381 9.79353809
vn -22.8126011 -32.8568611 9.79373074
vn -21.9388638 -31.598135 11.1636477
vn -24.1381073 -29.9521179 11.1634102
vn -23.0529709 -28.6062717 12.4767218
vn -20.9541149 -30.1776905 12.4766321
vn -19.861702 -28.6046143 13.7256565
vn -21.850853 -27.1159172 13.7254696
vn -20.5388622 -25.4871941 14.9039183
vn -18.6684113 -26.8870449 14.9040737
vn -17.3804226 -25.0322285 16.0066738
vn -19.1215057 -23.7284718 16.0068188
vn -17.6070728 -21.8507919 17.0275154
vn -16.0054646 -23.0496693 17.027544
vn -14.5484915 -20.9509201 17.9615746
vn -16.0040207 -19.8613148 17.9615688
vn -14.3205633 -17.7723522 18.8037319
vn -13.0179758 -18.747303 18.8037682
vn -11.4218302 -16.447979 19.5504589
vn -12.5633593 -15.5932531 19.5505009
vn -10.7432833 -13.3348846 20.1978054
vn -9.76701355 -14.065424 20.1978455
vn -8.06410599 -11.6114359 20.7424622
vn -8.8697176 -11.0079498 20.7425098
vn -8.10657024 -7.54947138 21.1818504
vn -7.54947519 -8.10656738 21.1818504
vn -5.42758989 -5.8276577 21.5134487
vn -5.82766104 -5.42758608 21.5134487
vn -3.94876647 -2.74310565 21.7359638
vn -3.74531364 -3.01618218 21.7359257
vn -29.5372086 -31.7260075 5.41259861
vn -31.7269287 -29.5367908 5.41185474
vn -31.066721 -28.9229641 6.91058493
vn -28.9226837 -31.0664196 6.91118574
vn -28.1609211 -30.2486839 8.37380123
vn -30.2486858 -28.1609192 8.37380123
vn -23.9564266 -22.3056221 14.9038448
vn -22.305624 -23.9564247 14.9038448
vn -20.7667885 -22.3028908 16.0067711
vn -22.3044186 -20.7669334 16.006218
vn -20.5373135 -19.1227341 17.0275593
vn -19.122736 -20.5373096 17.0275593
vn -17.3820915 -18.668335 17.9612808
vn -18.6683369 -17.3820877 17.9612789
vn -16.703331 -15.5536356 18.8038445
vn -15.5536385 -16.7033291 18.8038445
vn -13.6461296 -14.6551809 19.550478
vn -14.6551847 -13.6461267 19.550478
vn -12.5320702 -11.6691046 20.1979027
vn -11.6691074 -12.5320673 20.1979027
vn -9.6343298 -10.345705 20.7424698
vn -10.3457079 -9.63432598 20.7424698
vn -9.0991993 -6.31918859 21.1817551
vn -8.62677097 -6.95002222 21.181776
vn -6.20178413 -4.99610567 21.5134296
vn -6.54042625 -4.54279375 21.5134811
vn -4.29967022 -2.15324497 21.7359314
vn -4.13582659 -2.45227242 21.73596
vn -34.2810707 -27.6272163 3.88533831
vn -33.7515297 -27.2003002 5.41180325
vn -34.866394 -24.2078037 6.91050959
vn -33.0501747 -26.6340294 6.91047049
vn -32.1795006 -25.9325771 8.37381935
vn -33.9483948 -23.5698509 8.37364101
vn -32.8568649 -22.8125992 9.79372883
vn -31.1453381 -25.0992355 9.79353714
vn -29.9521198 -24.1381054 11.1634092
vn -31.5981369 -21.9388618 11.1636467
vn -30.1788673 -20.9526157 12.476552
vn -28.6070843 -23.0525208 12.4764786
vn -27.115921 -21.8508492 13.7254686
vn -28.6054249 -19.861311 13.7253857
vn -26.8864841 -18.6680183 14.9044275
vn -25.4870243 -20.5373554 14.9044838
vn -23.7287807 -19.1203861 16.0070267
vn -25.031292 -17.3807163 16.0069447
vn -23.0499249 -16.0042706 17.027729
vn -21.8507957 -17.6070709 17.0275154
vn -19.8618145 -16.0044193 17.9613495
vn -20.951128 -14.5472679 17.96175
vn -18.7473049 -13.017972 18.8037663
vn -17.772356 -14.3205605 18.80373
vn -15.593256 -12.5633554 19.5505009
vn -16.4479809 -11.4218264 19.5504589
vn -14.0650291 -9.76673412 20.1979427
vn -13.3336449 -10.7433786 20.1979904
vn -11.0080194 -8.86840248 20.7426357
vn -11.6102285 -8.06284428 20.7427387
vn -9.90613651 -4.9605751 21.1816921
vn -9.52795792 -5.65150452 21.1817875
vn -6.84902191 -4.06216526 21.513504
vn -7.12071705 -3.56649923 21.5134239
vn -4.5618329 -1.51969707 21.7359524
vn -4.44304371 -1.83783817 21.73596
vn -36.5042114 -21.659483 6.9103756
vn -35.5424423 -21.0892429 8.37378311
vn -35.7688293 -17.9035301 9.79424763
vn -34.399704 -20.4106998 9.79436207
vn -33.0821495 -19.6283569 11.1642303
vn -34.3982468 -17.2182369 11.1641665
vn -32.8534164 -16.4451389 12.4764214
vn -31.5972061 -18.745863 12.4764128
vn -29.9493294 -17.7696953 13.7255402
vn -31.1410618 -15.5875969 13.7254133
vn -29.2697868 -14.6526423 14.904089
vn -28.1505585 -16.7016335 14.9042664
vn -26.2082253 -15.549612 16.006897
vn -27.2510929 -13.640563 16.0067043
vn -25.0925674 -12.5619841 17.0276966
vn -24.1339474 -14.3178797 17.0276356
vn -21.9368629 -13.0138302 17.9616642
vn -22.8081055 -11.4177046 17.9617462
vn -20.4090481 -10.2174931 18.8037853
vn -19.6294994 -11.6444302 18.8038902
vn -17.2222729 -10.2162056 19.5505619
vn -17.9062881 -8.96406364 19.5504856
vn -15.3121128 -7.66561174 20.1978931
vn -14.7276907 -8.73611546 20.1978798
vn -12.1589689 -7.21208811 20.7424641
vn -12.6409874 -6.3286829 20.7425117
vn -10.5110455 -3.49958205 21.1817436
vn -10.2352448 -4.23828411 21.181778
vn -7.35830164 -3.04627061 21.5134239
vn -7.55495167 -2.51649308 21.513504
vn -4.73250008 -0.854741216 21.7359142
vn -4.6601367 -1.18653572 21.7359257
vn -40.2746162 -13.4030237 6.9104619
vn -39.2136116 -13.0507212 8.37367439
vn -37.9532661 -12.6315165 9.7935133
vn -36.9554901 -15.3065214 9.79360676
vn -35.5396843 -14.7208118 11.163476
vn -36.4996147 -12.146966 11.1634827
vn -34.8593788 -11.6020403 12.4764767
vn -33.9426346 -14.0587873 12.4767809
vn -32.1734924 -13.326539 13.7254877
vn -33.0421219 -10.9971972 13.7255783
vn -31.0565338 -10.3376112 14.9044561
vn -30.2410583 -12.5248871 14.9042969
vn -28.1550808 -11.6607342 16.0067482
vn -28.9145088 -9.62360191 16.0068874
vn -26.6255894 -8.86290455 17.0274658
vn -25.9255486 -10.737792 17.0277405
vn -23.5656967 -9.75998306 17.9615765
vn -24.2008018 -8.05600739 17.9617157
vn -21.6556892 -7.20809174 18.8037891
vn -21.087616 -8.73188686 18.8037395
vn -18.5004044 -7.66150475 19.5506477
vn -18.9988251 -6.32474566 19.5506821
vn -16.247406 -5.40851593 20.1978436
vn -15.8213606 -6.55138111 20.1978111
vn -13.0615101 -5.40838432 20.7424698
vn -13.4125042 -4.46491432 20.7426014
vn -10.9015951 -1.96758139 21.181818
vn -10.7349606 -2.73767114 21.1817169
vn -7.71607494 -1.96758878 21.5135098
vn -7.83623552 -1.41458797 21.5135174
vn -42.6598282 -10.8892269 3.88590908
vn -42.0008202 -10.721405 5.41191149
vn -41.7724419 -7.53577805 6.9097867
vn -41.1277771 -10.4973373 6.91042328
vn -40.0442238 -10.221674 8.37376499
vn -40.6723976 -7.33651495 8.37311172
vn -39.3638878 -7.101583 9.7942152
vn -38.7575073 -9.8924818 9.79351521
vn -37.2728004 -9.51311684 11.1635876
vn -37.8560905 -6.82979727 11.1639223
vn -36.1555557 -6.52271748 12.4766092
vn -35.5981979 -9.08558846 12.4765196
vn -33.7425461 -8.61177444 13.7255583
vn -34.2709427 -6.18266821 13.7255507
vn -32.2123222 -5.81271648 14.9040823
vn -31.7163124 -8.09429264 14.9039164
vn -29.5275536 -7.5358386 16.0068684
vn -29.9901199 -5.41116333 16.0066967
vn -27.6163006 -4.98390293 17.0272827
vn -27.190733 -6.93900013 17.02738
vn -24.7158298 -6.3069644 17.9612389
vn -25.1023331 -4.52917719 17.9612999
vn -22.4612522 -4.05258036 18.8037529
vn -22.1147194 -5.64200783 18.8039951
vn -19.4029064 -4.94971752 19.5505905
vn -19.7060452 -3.55560565 19.550602
vn -16.8522282 -3.04082561 20.1977615
vn -16.592823 -4.23285961 20.1977959
vn -13.6978426 -3.49409318 20.7425499
vn -13.9125614 -2.51105785 20.742403
vn -11.0601006 -0.592599452 21.1820393
vn -11.0148964 -1.18245602 21.1817627
vn -7.91813993 -0.849295199 21.5134583
vn -7.94542217 -0.426009864 21.5140533
vn 0.256695449 -4.79119015 21.7364922
vn 0.512027681 -4.78165245 21.7359161
vn -39.7703438 -4.27510214 9.79410648
vn -38.2468376 -4.11128378 11.163991
vn -32.6990433 -1.7518295 14.8970699
vn -32.5453568 -3.4968996 14.9040222
vn -30.299984 -3.2565186 16.0066509
vn -30.4436493 -1.63168752 16.000803
vn -28.0364342 -1.50197339 17.0216827
vn -27.9025421 -2.99847937 17.0269756
vn -25.3617287 -2.72542024 17.9612694
vn -25.4840908 -1.36541116 17.9568939
vn -22.8026295 -1.22205412 18.800436
vn -22.6933823 -2.43728256 18.8037605
vn -19.9106445 -2.13825417 19.5503864
vn -20.0048122 -1.07185376 19.5483398
vn -17.1045876 -0.916192174 20.196806
vn -17.0269318 -1.82830954 20.1976757
vn -14.0572338 -1.50881088 20.7423038
vn -14.1185808 -0.756446779 20.7421646
vn -4.79680824 0.0846611336 21.7365189
vn -4.79680824 -0.0846540481 21.7365189
vn -42.443531 0.757823825 6.90455484
vn -42.443531 -0.75782156 6.90455484
vn -41.3273773 -0.737329185 8.36701775
vn -41.3273773 0.737331927 8.36701775
vn -36.7438889 0.655411422 12.4692097
vn -36.7438889 -0.655407369 12.4692097
vn -34.8307495 -0.621268332 13.7182016
vn -34.8307495 0.621272802 13.7182016
vn -32.741703 0.584407449 14.896553
vn -32.740387 -0.584403515 14.8972435
vn -30.4835835 -0.543444932 16.0003109
vn -30.4835835 0.543450117 16.0003109
vn -28.0720348 0.499752969 17.0217457
vn -28.0720348 -0.499747425 17.0217457
vn -25.5158539 -0.454686373 17.9571457
vn -25.5158539 0.454692215 17.9571457
vn -22.8314152 0.406902313 18.8005276
vn -22.8314152 -0.406896174 18.8005276
vn -20.0295753 -0.356375545 19.5485229
vn -20.0295753 0.356381893 19.5485229
vn -17.1264305 0.304491371 20.1967983
vn -17.1264305 -0.304484785 20.1967983
vn -14.1363602 -0.251236856 20.7422028
vn -14.1363602 0.251243621 20.7422028
vn -11.0737829 0.19662796 21.1820927
vn -11.0737829 -0.19662106 21.1820927
vn -7.95499897 -0.140635863 21.5141048
vn -7.95499897 0.140642866 21.5141048
vn -1.18790376 -4.66012955 21.7359085
vn -0.854744732 -4.73249674 21.7359142
vn 0.592602909 -11.0600967 21.1820412
vn 1.18245947 -11.0148926 21.1817646
vn 0.849298716 -7.91813612 21.5134602
vn 0.42601338 -7.94541883 21.5140553
vn 4.63421106 -43.0992508 5.41182375
vn 4.27516222 -39.7708893 9.7935791
vn 4.11135006 -38.2474327 11.1635046
vn 3.49825931 -32.5452766 14.9039907
vn 3.25659418 -30.3006611 16.0063477
vn 2.43728566 -22.6933804 18.8037643
vn 2.1382575 -19.9106407 19.5503902
vn 0.916195452 -17.1045856 20.1968079
vn 1.82831287 -17.0269279 20.1976776
vn 1.50878489 -14.0555916 20.7425709
vn 0.756450176 -14.118578 20.7421665
vn 10.4973383 -41.1277771 6.91042805
vn 10.2203817 -40.0445061 8.37382793
vn 7.10168219 -39.3644257 9.79368782
vn 9.89248276 -38.7575035 9.79351997
vn 9.51311874 -37.2728004 11.1635914
vn 6.82990551 -37.856678 11.163435
vn 6.52271938 -36.1555519 12.476614
vn 9.08558846 -35.5981941 12.4765224
vn 8.61177635 -33.7425423 13.725563
vn 6.18267059 -34.2709427 13.7255554
vn 5.81259108 -32.2129745 14.903758
vn 8.09429359 -31.7163048 14.9039192
vn 7.53585815 -29.5289803 16.0062389
vn 5.41116571 -29.990118 16.0067024
vn 4.05393696 -22.4611855 18.8037033
vn 5.64192581 -22.1157455 18.8037148
vn 4.94972086 -19.4029045 19.5505943
vn 3.55696583 -19.7059956 19.5505581
vn 3.04218817 -16.8521919 20.1977234
vn 4.23286295 -16.5928192 20.1977978
vn 3.49409676 -13.6978397 20.7425518
vn 2.51098847 -13.9121552 20.7424717
vn 1.96894777 -10.901577 21.1817913
vn 2.73767447 -10.7349567 21.1817188
vn 1.96758187 -7.71739578 21.5133991
vn 1.41595554 -7.83622503 21.5134983
vn 7.81562948 -43.3286819 3.88522887
vn 10.889287 -42.6600647 3.88526869
vn 10.721406 -42.0008202 5.41191626
vn 7.69428921 -42.6592674 5.41195583
vn 1.519696 -4.56318045 21.7358856
vn 1.83919954 -4.44438696 21.7358704
vn 13.4030256 -40.2746124 6.91046619
vn 16.2432251 -39.215313 6.91051435
vn 15.8160095 -38.1820831 8.37383938
vn 13.0507231 -39.2136116 8.37367916
vn 12.6315174 -37.9532661 9.79351711
vn 15.3065233 -36.9554901 9.79360962
vn 14.7208138 -35.5396805 11.1634789
vn 12.1469669 -36.4996147 11.1634865
vn 11.6020422 -34.859375 12.4764805
vn 14.0584641 -33.9432144 12.4764967
vn 13.3265409 -32.1734924 13.7254906
vn 10.9971991 -33.0421181 13.7255821
vn 10.3376102 -31.0578861 14.9037857
vn 12.5251503 -30.2416859 14.903944
vn 11.660737 -28.1550789 16.0067501
vn 9.62471771 -28.9151134 16.0064697
vn 8.86311722 -26.6262169 17.0272045
vn 10.7378597 -25.9270687 17.0271778
vn 9.76007366 -23.5672703 17.961071
vn 8.05607986 -24.2023735 17.9612045
vn 7.2080946 -21.6556873 18.803791
vn 8.73320389 -21.0874882 18.8036289
vn 7.66150761 -18.5004005 19.5506496
vn 6.32474899 -18.9988213 19.550684
vn 5.40851927 -16.2474022 20.1978455
vn 6.55138445 -15.8213577 20.1978111
vn 5.40838766 -13.0615063 20.7424717
vn 4.46491814 -13.4125004 20.7426033
vn 13.9027777 -41.775238 3.88526583
vn 13.6884718 -41.1295929 5.41190577
vn 18.9988937 -37.9568176 6.91059351
vn 21.6600227 -36.5037537 6.91055059
vn 21.0892467 -35.5424461 8.37378597
vn 18.4989357 -36.9569092 8.37375546
vn 17.9037781 -35.7693176 9.79371738
vn 20.4104996 -34.4007301 9.79360104
vn 19.6294613 -33.081707 11.1640835
vn 17.2181034 -34.3993378 11.163414
vn 16.4451408 -32.8534126 12.4764242
vn 18.7462673 -31.5965176 12.4766817
vn 17.7696972 -29.9493275 13.7255421
vn 15.5879297 -31.1403561 13.7257071
vn 14.6526442 -29.2697849 14.9040909
vn 16.7019825 -28.1511402 14.9039097
vn 15.5493355 -26.2091217 16.0066128
vn 13.6405659 -27.251091 16.0067062
vn 12.5617714 -25.0934982 17.0274067
vn 14.3178806 -24.1339417 17.0276356
vn 13.0141611 -21.9374123 17.9614506
vn 11.4178152 -22.8096867 17.9612522
vn 10.2174959 -20.4090443 18.8037872
vn 11.644433 -19.6294956 18.8038921
vn 10.2162094 -17.2222691 19.5505619
vn 8.96406746 -17.9062862 19.5504875
vn 7.66561508 -15.312109 20.1978931
vn 8.73611832 -14.7276878 20.1978798
vn 7.21209145 -12.1589651 20.7424641
vn 6.32868624 -12.6409836 20.7425117
vn 24.2078056 -34.866394 6.91051149
vn 26.6340313 -33.0501747 6.91047144
vn 25.932579 -32.1794968 8.3738203
vn 23.5698528 -33.948391 8.37364292
vn 22.8126011 -32.8568611 9.79373074
vn 25.0992374 -31.1453381 9.79353809
vn 24.1371422 -29.9526157 11.1635952
vn 21.9385223 -31.597641 11.1641397
vn 20.9536819 -30.1784344 12.4763737
vn 23.0525227 -28.6070824 12.4764795
vn 21.850853 -27.1159172 13.7254696
vn 19.8613148 -28.605423 13.7253876
vn 18.6684113 -26.8870449 14.9040737
vn 20.5377846 -25.4875488 14.9041252
vn 19.1211948 -23.7294502 16.0065594
vn 17.3804226 -25.0322285 16.0066738
vn 16.0058422 -23.0502148 17.0272808
vn 17.6074905 -21.8513107 17.0272522
vn 16.0044212 -19.8618107 17.9613514
vn 14.5488586 -20.9514465 17.961359
vn 13.0179758 -18.747303 18.8037682
vn 14.3205633 -17.7723522 18.8037319
vn 12.5633593 -15.5932531 19.5505009
vn 11.4218302 -16.447979 19.5504589
vn 9.76701355 -14.065424 20.1978455
vn 10.7432833 -13.3348846 20.1978054
vn 8.8684063 -11.0080166 20.7426357
vn 8.06410599 -11.6114359 20.7424622
vn 28.9229641 -31.066721 6.9105854
vn 31.066721 -28.9229641 6.91058493
vn 30.2486858 -28.1609192 8.37380123
vn 28.1609211 -30.2486839 8.37380123
vn 27.2557049 -29.2765636 9.79370213
vn 29.2753849 -27.2558727 9.79443169
vn 28.1538258 -26.2121811 11.1640682
vn 26.212183 -28.1538239 11.1640692
vn 22.3045959 -23.9567871 14.9040709
vn 23.956789 -22.304594 14.9040709
vn 22.3028946 -20.7667847 16.0067711
vn 20.7667885 -22.3028908 16.0067711
vn 19.1231899 -20.5377979 17.0272961
vn 20.5377998 -19.1231861 17.0272961
vn 18.6683369 -17.3820877 17.9612789
vn 17.3820915 -18.668335 17.9612808
vn 15.5536385 -16.7033291 18.8038445
vn 16.7035084 -15.552434 18.8040447
vn 14.6551847 -13.6461267 19.550478
vn 13.6462669 -14.6539621 19.5506744
vn 11.6691074 -12.5320673 20.1979027
vn 12.531971 -11.6703768 20.1977425
vn 10.3457079 -9.63432598 20.7424698
vn 9.6343298 -10.345705 20.7424698
vn 7.54947519 -8.10656738 21.1818504
vn 8.10657024 -7.54947138 21.1818504
vn 5.82766104 -5.42758608 21.5134487
vn 5.42758989 -5.8276577 21.5134487
vn 33.0501747 -26.6340294 6.91047049
vn 34.8669662 -24.2068367 6.91062403
vn 33.9483948 -23.5698509 8.37364101
vn 32.1795006 -25.9325771 8.37381935
vn 31.1449184 -25.0988979 9.79407024
vn 32.8568649 -22.8125992 9.79372883
vn 31.5988216 -21.9383888 11.1634054
vn 29.9521484 -24.1367645 11.1640873
vn 28.6070843 -23.0525208 12.4764786
vn 30.1789608 -20.9540462 12.4759235
vn 28.6059742 -19.8616924 13.7249823
vn 27.1164398 -21.8512688 13.7250652
vn 25.4875507 -20.5377808 14.9041252
vn 26.8864841 -18.6680183 14.9044275
vn 25.0322304 -17.3804207 16.0066719
vn 23.7287807 -19.1203861 16.0070267
vn 21.8513126 -17.6074886 17.0272522
vn 23.0512218 -16.0055885 17.0270119
vn 20.9525146 -14.5486479 17.9610996
vn 19.8618145 -16.0044193 17.9613495
vn 17.7725296 -14.319335 18.8039131
vn 18.7473049 -13.017972 18.8037663
vn 16.4479809 -11.4218264 19.5504589
vn 15.593256 -12.5633554 19.5505009
vn 13.3348885 -10.7432804 20.1978054
vn 14.0654268 -9.76700974 20.1978455
vn 11.6114388 -8.06410217 20.7424622
vn 11.0080194 -8.86840248 20.7426357
vn 8.62677097 -6.95002222 21.181776
vn 9.0991993 -6.31918859 21.1817551
vn 6.54042625 -4.54279375 21.5134811
vn 6.20178413 -4.99610567 21.5134296
vn 36.5037537 -21.6600227 6.91054821
vn 35.5424423 -21.0892429 8.37378311
vn 34.4007339 -20.4104996 9.79359913
vn 35.7693214 -17.9037762 9.79371452
vn 34.3993416 -17.2181015 11.1634111
vn 33.0832863 -19.6282215 11.1634855
vn 31.5973492 -18.7473125 12.4758015
vn 32.8534164 -16.4451389 12.4764214
vn 31.1416588 -15.5878963 13.7250099
vn 29.950655 -17.7696724 13.7248545
vn 28.1505585 -16.7016335 14.9042664
vn 29.2697868 -14.6526423 14.904089
vn 27.2499809 -13.6420565 16.0068531
vn 26.2082253 -15.549612 16.006897
vn 24.1345177 -14.3182192 17.0273724
vn 25.093502 -12.5617685 17.0274048
vn 22.8095131 -11.4190893 17.9611111
vn 21.9374161 -13.0141582 17.9614487
vn 19.6294994 -11.6444302 18.8038902
vn 20.4090481 -10.2174931 18.8037853
vn 17.9062881 -8.96406364 19.5504856
vn 17.2222729 -10.2162056 19.5505619
vn 9.52795792 -5.65150452 21.1817875
vn 9.90487099 -4.95925951 21.1819019
vn 7.12073374 -3.56514239 21.5134773
vn 6.84902191 -4.06216526 21.513504
vn 40.2750053 -13.4031534 6.90986204
vn 39.2140732 -13.0508757 8.373106
vn 36.9551086 -15.3077278 9.79350567
vn 37.9523659 -12.6316719 9.79430103
vn 36.4990463 -12.1467752 11.1639767
vn 35.5396843 -14.7208118 11.163476
vn 33.9432182 -14.0584621 12.4764929
vn 34.8593788 -11.6020403 12.4764767
vn 33.0421219 -10.9971972 13.7255783
vn 32.1734924 -13.326539 13.7254877
vn 30.2416878 -12.5251484 14.9039412
vn 31.0571823 -10.3378277 14.9040985
vn 28.9143181 -9.62490463 16.0067825
vn 28.1550808 -11.6607342 16.0067482
vn 25.9270725 -10.7378569 17.0271759
vn 26.6262207 -8.86311436 17.0272026
vn 24.2023754 -8.056077 17.9612026
vn 23.5662861 -9.7602272 17.961359
vn 21.087492 -8.73320007 18.803627
vn 21.6555843 -7.20942211 18.8036976
vn 18.9999428 -6.32466364 19.5504284
vn 18.5004044 -7.66150475 19.5506477
vn 15.8213606 -6.55138111 20.1978111
vn 16.247406 -5.40851593 20.1978436
vn 13.4125042 -4.46491432 20.7426014
vn 13.0615101 -5.40838432 20.7424698
vn 10.2352743 -4.23693037 21.1818371
vn 10.5110455 -3.49958205 21.1817436
vn 7.55495167 -2.51649308 21.513504
vn 7.35830164 -3.04627061 21.5134239
vn 41.1277771 -10.4973373 6.91042328
vn 41.7722511 -7.53437901 6.9104228
vn 40.6719246 -7.33642912 8.37368107
vn 40.0447769 -10.2201014 8.37359524
vn 38.756897 -9.89130974 9.79437351
vn 39.3644257 -7.10168028 9.7936821
vn 37.8568573 -6.82857037 11.1634808
vn 37.2722206 -9.51296806 11.1640797
vn 35.5981979 -9.08558846 12.4765196
vn 36.1555557 -6.52271748 12.4766092
vn 34.2709427 -6.18266821 13.7255507
vn 33.7425461 -8.61177444 13.7255583
vn 31.7163124 -8.09429264 14.9039164
vn 32.2131081 -5.8112464 14.9038134
vn 29.9907913 -5.41128397 16.0063877
vn 29.5289841 -7.53585529 16.0062351
vn 27.1913776 -6.93916512 17.0271168
vn 27.6163902 -4.98255396 17.0273399
vn 25.1023331 -4.52917719 17.9612999
vn 24.7158298 -6.3069644 17.9612389
vn 22.1157494 -5.64192247 18.8037109
vn 22.4612522 -4.05258036 18.8037529
vn 19.7060452 -3.55560565 19.550602
vn 19.4040146 -4.94965219 19.5503311
vn 10.7349606 -2.73767114 21.1817169
vn 10.9015951 -1.96758139 21.181818
vn 7.83623552 -1.41458797 21.5135174
vn 7.71607494 -1.96758878 21.5135098
vn 42.6598282 -10.8892269 3.88590908
vn 42.0008087 -10.7200365 5.41257715
vn 4.78165579 -0.512024164 21.7359161
vn 4.79119349 -0.256691903 21.7364922
vn 36.5285988 -3.92704105 12.4767036
vn 36.6978531 -1.96624696 12.4686756
vn 34.7873268 -1.86382389 13.7176418
vn 34.6246452 -3.72216773 13.7255716
vn 32.5452805 -3.49825692 14.903986
vn 30.299984 -3.2565186 16.0066509
vn 22.6933823 -2.43728256 18.8037605
vn 22.8026295 -1.22205412 18.800436
vn 20.0048122 -1.07185376 19.5483398
vn 19.9106445 -2.13825417 19.5503864
vn 17.0257626 -1.82833076 20.1979084
vn 17.1045876 -0.916192174 20.196806
vn 14.1185808 -0.756446779 20.7421646
vn 14.0555944 -1.50878155 20.742569
vn 11.0148964 -1.18245602 21.1817627
vn 11.0601006 -0.592599452 21.1820393
vn 7.94542217 -0.426009864 21.5140533
vn 7.91813993 -0.849295199 21.5134583
vn -0.0846575946 -4.7968049 21.7365189
vn 0.0846575946 -4.7968049 21.7365189
vn -0.655404389 -36.7449722 12.4684534
vn 0.655404389 -36.7449722 12.4684534
vn 0.621267676 -34.831955 13.7174768
vn -0.621267676 -34.831955 13.7174768
vn -0.584392846 -32.7410164 14.8969154
vn -0.543447495 -30.4835796 16.0003166
vn -0.499747872 -28.0705357 17.022337
vn 0.499738276 -28.0713615 17.0220108
vn 0.454689294 -25.5158501 17.9571495
vn -0.454689294 -25.5158501 17.9571495
vn -0.406905532 -22.8304005 18.8008232
vn -0.356378704 -20.0295734 19.5485268
vn -0.304488063 -17.1264267 20.1968002
vn 0.304488063 -17.1264267 20.1968002
vn 0.251240224 -14.1363564 20.7422047
vn -0.251240224 -14.1363564 20.7422047
vn -0.196623027 -11.0750618 21.1819363
vn 0.196623027 -11.0750618 21.1819363
vn 0.140638605 -7.95631838 21.5139904
vn -0.140638605 -7.95631838 21.5139904
vn 11.0737829 -0.19662106 21.1820927
vn 11.0737829 0.19662796 21.1820927
vn 7.95632172 0.140642121 21.5139885
vn 7.95632172 -0.140635103 21.5139885
vn -0.256695449 4.7911973 21.7364922
vn -0.512027681 4.78165913 21.7359161
vn 42.4436646 -0.757799566 6.90435457
vn 42.443531 0.757823825 6.90455484
vn 41.3278618 0.73734051 8.3664484
vn 41.3278618 -0.737337768 8.3664484
vn 40.0018005 -0.714121282 9.78560352
vn 40.0012589 0.714114726 9.78613663
vn 38.4707642 0.686809123 11.1559839
vn 38.4713669 -0.686816216 11.1554899
vn 36.7449722 -0.655402362 12.4684477
vn 36.7449722 0.655406415 12.4684477
vn 34.8314209 0.621284783 13.7177982
vn 34.8319588 -0.621265531 13.717473
vn 28.0705376 -0.499745101 17.0223331
vn 28.0713673 0.499741107 17.0220089
vn 25.5158539 0.454692215 17.9571457
vn 25.5158539 -0.454686373 17.9571457
vn 22.8314152 -0.406896174 18.8005276
vn 22.8314152 0.406902313 18.8005276
vn 20.0295753 0.356381893 19.5485229
vn 20.0295753 -0.356375545 19.5485229
vn 17.1264305 -0.304484785 20.1967983
vn 17.1264305 0.304491371 20.1967983
vn 14.1363602 0.251243621 20.7422028
vn 14.1363602 -0.251236856 20.7422028

# Mesh 'Cube_back_0' with 1979 faces
g Cube_back_0
usemtl back
f  1/1/1 2/2/2 3/3/3
f  4/4/4 5/5/5 6/6/6
f  7/7/7 8/8/8 9/9/9
f  10/10/10 11/11/11 12/12/12
f  13/13/13 14/14/14 15/15/15
f  16/16/16 17/17/17 18/18/18
f  19/19/19 20/20/20 21/21/21
f  22/22/22 23/23/23 24/24/24
f  25/25/25 26/26/26 27/27/27
f  28/28/28 29/29/29 30/30/30
f  31/31/31 32/32/32 33/33/31
f  34/34/33 35/35/34 36/36/35
f  37/37/31 38/38/31 39/39/32
f  40/40/36 41/41/37 42/42/38
f  43/43/39 44/44/40 45/45/41
f  46/46/42 47/47/43 48/48/44
f  49/49/45 50/50/46 51/51/47
f  52/52/48 53/53/49 54/54/50
f  55/55/51 56/56/52 57/57/53
f  58/58/54 59/59/55 60/60/56
f  61/61/57 62/62/58 63/63/59
f  64/64/60 65/65/61 66/66/62
f  67/67/63 68/68/64 69/69/65
f  70/70/66 71/71/67 72/72/68
f  73/73/69 74/74/70 75/75/71
f  76/76/72 77/77/73 78/78/74
f  79/79/75 80/80/76 81/81/77
f  82/82/78 83/83/79 84/84/80
f  85/85/81 86/86/82 87/87/83
f  88/88/84 89/89/85 90/90/86
f  91/91/87 92/92/88 93/93/89
f  94/94/90 95/95/91 96/96/92
f  97/97/93 98/98/94 99/99/95
f  100/100/96 101/101/97 102/102/98
f  103/103/99 104/104/100 105/105/101
f  106/106/102 107/107/103 108/108/104
f  109/109/105 110/110/106 111/111/107
f  112/112/108 113/113/109 114/114/110
f  115/115/111 116/116/112 117/117/113
f  118/118/114 119/119/115 120/120/116
f  121/121/117 122/122/118 123/123/119
f  124/124/120 125/125/121 126/126/122
f  127/127/123 128/128/124 129/129/125
f  130/130/126 131/131/127 132/132/128
f  133/133/129 134/134/130 135/135/131
f  136/136/132 137/137/133 138/138/134
f  139/139/135 140/140/136 141/141/137
f  142/142/138 143/143/139 144/144/140
f  145/145/141 146/146/142 147/147/143
f  148/148/144 149/149/145 150/150/146
f  151/151/147 152/152/147 153/153/148
f  154/154/147 155/155/148 156/156/147
f  157/157/149 158/158/150 159/159/151
f  160/160/152 161/161/153 162/162/154
f  163/163/155 164/164/156 165/165/157
f  166/166/158 167/167/159 168/168/160
f  169/169/161 170/170/162 171/171/163
f  172/172/164 173/173/165 174/174/166
f  175/175/167 176/176/168 177/177/169
f  178/178/170 179/179/171 180/180/172
f  181/181/173 182/182/174 183/183/175
f  184/184/176 185/185/177 186/186/178
f  187/187/179 188/188/180 189/189/181
f  190/190/182 191/191/183 192/192/184
f  193/193/185 194/194/186 195/195/187
f  196/196/188 197/197/189 198/198/190
f  199/199/191 200/200/192 201/201/193
f  202/202/194 203/203/195 204/204/196
f  205/205/197 206/206/198 207/207/199
f  208/208/200 209/209/201 210/210/200
f  211/211/202 212/212/203 213/212/203
f  211/211/202 213/212/203 214/211/202
f  215/213/204 216/214/205 217/214/205
f  215/213/204 217/214/205 218/213/204
f  219/215/206 220/216/187 221/217/207
f  219/215/206 221/217/207 222/218/179
f  223/219/208 224/220/208 183/183/175
f  223/219/208 183/183/175 175/175/167
f  225/221/208 226/222/208 189/189/181
f  225/221/208 189/189/181 181/181/173
f  227/201/209 228/206/210 206/206/198
f  227/201/209 206/206/198 201/201/193
f  229/223/211 230/224/212 231/224/213
f  229/223/211 231/224/213 232/223/211
f  233/225/214 234/226/215 235/226/215
f  233/225/214 235/226/215 236/227/214
f  228/206/210 237/228/216 238/228/217
f  228/206/210 238/228/217 206/206/198
f  239/180/218 240/186/219 186/186/178
f  239/180/218 186/186/178 180/180/172
f  241/194/220 242/229/221 243/229/222
f  241/194/220 243/229/222 194/194/186
f  230/224/212 233/225/214 236/227/214
f  230/224/212 236/227/214 231/224/213
f  244/230/223 245/230/223 246/231/224
f  244/230/223 246/231/224 247/231/225
f  248/232/208 249/233/208 196/196/188
f  248/232/208 196/196/188 166/166/158
f  250/192/226 251/234/227 252/234/228
f  250/192/226 252/234/228 192/192/184
f  234/226/215 253/235/229 254/235/229
f  234/226/215 254/235/229 235/226/215
f  255/236/230 256/237/231 257/238/231
f  255/236/230 257/238/231 258/236/232
f  237/228/216 259/209/225 209/209/201
f  237/228/216 209/209/201 238/228/217
f  260/174/233 227/201/209 201/201/193
f  260/174/233 201/201/193 174/174/166
f  261/239/208 262/240/208 204/204/196
f  261/239/208 204/204/196 197/197/189
f  263/241/208 210/210/200 264/242/234
f  263/241/208 264/242/234 202/202/194
f  265/176/235 266/164/236 164/164/156
f  265/176/235 164/164/156 176/176/168
f  251/234/227 241/194/220 194/194/186
f  251/234/227 194/194/186 252/234/228
f  267/243/237 268/244/238 269/245/220
f  267/243/237 269/245/220 270/246/208
f  270/246/208 269/245/220 271/247/239
f  270/246/208 271/247/239 272/248/240
f  273/249/241 274/250/242 275/251/243
f  273/249/241 275/251/243 276/249/244
f  277/252/245 278/126/246 126/126/122
f  277/252/245 126/126/122 121/121/117
f  279/253/247 280/110/248 281/254/249
f  279/253/247 281/254/249 282/253/250
f  283/255/251 284/104/252 285/104/253
f  283/255/251 285/104/253 286/256/254
f  287/257/255 288/258/256 289/259/257
f  287/257/255 289/259/257 290/257/258
f  291/260/259 292/261/260 293/261/261
f  291/260/259 293/261/261 294/262/262
f  295/263/263 296/264/264 297/264/265
f  295/263/263 297/264/265 298/265/266
f  299/266/267 300/267/268 301/268/269
f  299/266/267 301/268/269 302/266/270
f  303/269/271 304/270/272 305/271/273
f  303/269/271 305/271/273 306/272/274
f  307/273/275 308/121/276 309/274/277
f  307/273/275 309/274/277 310/275/278
f  311/276/279 312/277/280 313/277/281
f  311/276/279 313/277/281 314/278/282
f  315/279/283 316/280/284 317/281/285
f  315/279/283 317/281/285 318/144/286
f  319/282/287 320/283/288 321/284/289
f  319/282/287 321/284/289 322/282/290
f  323/285/291 324/62/292 325/62/293
f  323/285/291 325/62/293 326/286/294
f  327/287/295 328/288/296 329/68/297
f  327/287/295 329/68/297 330/66/298
f  331/58/299 332/289/300 333/289/301
f  331/58/299 333/289/301 334/290/302
f  335/54/303 336/59/304 337/59/305
f  335/54/303 337/59/305 338/54/306
f  339/291/307 340/52/308 341/52/309
f  339/291/307 341/52/309 342/55/310
f  343/292/311 344/293/312 345/293/313
f  343/292/311 345/293/313 346/294/314
f  347/295/246 348/49/245 349/49/315
f  347/295/246 349/49/315 350/296/316
f  351/297/317 352/298/318 353/299/319
f  351/297/317 353/299/319 354/297/320
f  355/40/321 356/44/322 357/300/323
f  355/40/321 357/300/323 358/301/324
f  359/302/252 360/303/251 67/67/63
f  359/302/252 67/67/63 62/62/58
f  361/304/325 362/305/326 363/306/327
f  361/304/325 363/306/327 364/307/328
f  365/308/329 366/309/330 367/310/331
f  365/308/329 367/310/331 368/34/332
f  369/311/333 370/312/334 371/313/335
f  369/311/333 371/313/335 372/314/336
f  373/315/337 374/316/338 375/317/339
f  373/315/337 375/317/339 376/318/340
f  377/319/341 378/320/342 379/321/343
f  377/319/341 379/321/343 380/322/344
f  381/323/345 382/324/346 383/325/347
f  381/323/345 383/325/347 384/326/348
f  385/327/349 386/328/350 387/329/351
f  385/327/349 387/329/351 388/330/352
f  389/331/353 390/332/354 391/333/355
f  389/331/353 391/333/355 392/334/356
f  393/335/357 394/336/358 395/337/359
f  393/335/357 395/337/359 396/338/360
f  397/339/361 398/340/362 399/341/363
f  397/339/361 399/341/363 400/342/364
f  401/343/365 402/344/366 403/345/367
f  401/343/365 403/345/367 404/346/368
f  405/347/369 406/348/370 407/349/371
f  405/347/369 407/349/371 408/350/372
f  409/351/373 410/352/374 411/353/375
f  409/351/373 411/353/375 412/354/376
f  413/355/377 414/356/378 415/357/379
f  413/355/377 415/357/379 416/358/380
f  417/359/381 418/360/382 419/361/383
f  417/359/381 419/361/383 420/362/384
f  421/363/385 422/364/386 423/365/387
f  421/363/385 423/365/387 424/366/388
f  425/367/389 426/368/390 427/369/391
f  425/367/389 427/369/391 428/370/392
f  429/371/393 430/372/394 431/373/395
f  429/371/393 431/373/395 432/374/396
f  433/375/397 434/376/398 435/377/399
f  433/375/397 435/377/399 436/378/400
f  437/379/401 438/380/402 1/1/1
f  437/379/401 1/1/1 439/381/403
f  440/382/404 441/383/405 442/384/406
f  440/382/404 442/384/406 443/385/407
f  151/151/147 154/154/147 444/386/408
f  151/151/147 444/386/408 445/387/409
f  446/388/410 447/389/411 448/390/412
f  446/388/410 448/390/412 449/391/413
f  450/392/414 451/393/415 452/394/416
f  450/392/414 452/394/416 453/395/417
f  454/396/418 33/33/31 38/38/31
f  454/396/418 38/38/31 455/397/419
f  456/398/420 457/399/421 458/400/422
f  456/398/420 458/400/422 459/401/423
f  460/402/424 461/403/425 462/404/426
f  460/402/424 462/404/426 463/405/427
f  464/406/428 465/407/429 466/408/430
f  464/406/428 466/408/430 467/409/431
f  468/410/432 469/411/433 470/412/434
f  468/410/432 470/412/434 471/413/435
f  472/414/436 473/415/437 474/416/438
f  472/414/436 474/416/438 475/417/439
f  476/418/440 477/419/441 478/420/442
f  476/418/440 478/420/442 479/421/443
f  480/422/444 481/423/445 482/424/446
f  480/422/444 482/424/446 483/425/447
f  484/426/448 485/427/449 486/428/450
f  484/426/448 486/428/450 487/429/451
f  488/430/452 489/431/453 490/432/454
f  488/430/452 490/432/454 491/433/455
f  492/434/456 493/435/457 494/436/458
f  492/434/456 494/436/458 495/437/459
f  496/438/460 497/439/461 498/440/462
f  496/438/460 498/440/462 4/4/4
f  499/441/463 500/442/464 501/86/465
f  499/441/463 501/86/465 502/443/466
f  503/444/467 504/445/468 505/446/469
f  503/444/467 505/446/469 506/447/470
f  507/132/471 508/448/472 509/448/473
f  507/132/471 509/448/473 510/449/474
f  511/450/475 512/451/476 513/451/477
f  511/450/475 513/451/477 514/450/478
f  515/452/479 516/453/480 517/454/481
f  515/452/479 517/454/481 518/452/482
f  519/455/483 520/115/484 521/115/485
f  519/455/483 521/115/485 522/455/486
f  523/61/487 524/456/488 525/98/489
f  523/61/487 525/98/489 526/61/490
f  89/89/85 527/89/468 528/457/467
f  89/89/85 528/457/467 93/93/89
f  529/458/491 530/459/492 531/459/493
f  529/458/491 531/459/493 532/458/494
f  533/460/495 534/461/496 535/462/497
f  533/460/495 535/462/497 536/463/498
f  537/464/499 538/465/500 539/83/501
f  537/464/499 539/83/501 540/464/502
f  541/466/503 542/7/504 543/7/505
f  541/466/503 543/7/505 544/467/506
f  545/468/507 546/127/508 547/127/509
f  545/468/507 547/127/509 548/468/510
f  112/112/108 549/112/511 550/469/512
f  112/112/108 550/469/512 109/109/105
f  551/470/513 552/134/514 553/134/515
f  551/470/513 553/134/515 554/470/516
f  555/471/517 556/472/518 557/16/519
f  555/471/517 557/16/519 558/473/520
f  559/474/521 560/475/522 561/475/523
f  559/474/521 561/475/523 562/476/524
f  563/93/512 564/477/511 565/477/525
f  563/93/512 565/477/525 566/457/526
f  567/478/527 568/479/528 569/480/529
f  567/478/527 569/480/529 570/478/530
f  571/481/531 572/482/532 573/482/533
f  571/481/531 573/482/533 574/483/534
f  575/484/535 576/485/536 577/485/537
f  575/484/535 577/485/537 578/484/538
f  579/486/539 580/487/540 581/488/541
f  579/486/539 581/488/541 582/489/542
f  583/258/296 584/490/295 94/94/90
f  583/258/296 94/94/90 101/101/97
f  585/97/247 97/97/93 91/91/87
f  585/97/247 91/91/87 586/283/248
f  130/130/126 587/491/518 588/492/517
f  130/130/126 588/492/517 133/133/129
f  118/118/114 589/118/543 590/452/544
f  118/118/114 590/452/544 117/117/113
f  591/493/545 592/494/546 593/495/547
f  591/493/545 593/495/547 594/496/548
f  139/139/135 595/497/476 596/498/475
f  139/139/135 596/498/475 132/132/128
f  14/14/14 597/499/549 598/500/550
f  14/14/14 598/500/550 120/120/116
f  599/501/318 600/502/551 138/138/134
f  599/501/318 138/138/134 124/124/120
f  601/59/264 602/503/263 54/54/50
f  601/59/264 54/54/50 59/59/55
f  145/145/141 603/504/552 604/505/531
f  145/145/141 604/505/531 141/141/137
f  7/7/7 605/7/508 606/466/553
f  7/7/7 606/466/553 13/13/13
f  607/506/554 608/34/241 34/34/33
f  607/506/554 34/34/33 41/41/37
f  160/160/152 609/160/555 610/507/556
f  160/160/152 610/507/556 147/147/143
f  611/508/557 612/509/558 613/510/559
f  611/508/557 613/510/559 614/511/560
f  10/10/10 615/512/514 616/513/513
f  10/10/10 616/513/513 9/9/9
f  617/280/561 618/514/562 144/144/140
f  617/280/561 144/144/140 136/136/132
f  619/515/268 620/55/267 55/55/51
f  619/515/268 55/55/51 52/52/48
f  158/158/150 621/158/563 622/162/564
f  158/158/150 622/162/564 162/162/154
f  16/16/16 623/16/492 624/516/491
f  16/16/16 624/516/491 12/12/12
f  625/517/565 626/518/566 627/160/567
f  625/517/565 627/160/567 628/517/568
f  629/108/569 108/108/104 110/110/106
f  629/108/569 110/110/106 630/519/288
f  19/19/19 631/451/472 632/18/471
f  19/19/19 632/18/471 18/18/18
f  633/520/570 634/521/563 635/521/571
f  633/520/570 635/521/571 636/522/572
f  637/523/272 638/524/271 51/51/47
f  637/523/272 51/51/47 56/56/52
f  639/289/573 640/290/574 58/58/54
f  639/289/573 58/58/54 64/64/60
f  22/22/22 641/22/575 642/525/539
f  22/22/22 642/525/539 21/21/21
f  643/526/576 644/527/577 61/61/57
f  643/526/576 61/61/57 98/98/94
f  645/528/578 646/529/579 647/530/580
f  645/528/578 647/530/580 648/531/581
f  649/264/304 650/265/303 70/70/66
f  649/264/304 70/70/66 80/80/76
f  25/25/25 651/530/582 652/532/583
f  25/25/25 652/532/583 24/24/24
f  653/142/584 654/249/329 148/148/144
f  653/142/584 148/148/144 142/142/138
f  655/49/276 656/533/275 46/46/42
f  655/49/276 46/46/42 49/49/45
f  28/28/28 657/28/546 658/534/545
f  28/28/28 658/534/545 27/27/27
f  86/86/82 659/535/484 660/536/483
f  86/86/82 660/536/483 88/88/84
f  661/268/308 662/537/307 75/75/71
f  661/268/308 75/75/71 71/71/67
f  83/83/79 663/83/585 664/538/479
f  83/83/79 664/538/479 85/85/81
f  665/539/292 666/255/291 100/100/96
f  665/539/292 100/100/96 104/104/100
f  667/299/280 668/540/586 43/43/39
f  667/299/280 43/43/39 47/47/43
f  669/541/587 670/542/588 79/79/75
f  669/541/587 79/79/75 95/95/91
f  76/76/72 671/485/589 672/543/590
f  76/76/72 672/543/590 82/82/78
f  673/544/312 674/123/311 123/123/119
f  673/544/312 123/123/119 73/73/69
f  675/545/256 676/287/255 66/66/62
f  675/545/256 66/66/62 68/68/64
f  127/127/123 677/546/504 678/468/591
f  127/127/123 678/468/591 78/78/74
f  679/547/592 680/548/593 40/40/36
f  679/547/592 40/40/36 44/44/40
f  134/134/130 681/134/496 682/549/495
f  134/134/130 682/549/495 129/129/125
f  115/115/111 683/115/464 684/550/463
f  115/115/111 684/550/463 114/114/110
f  685/551/594 686/552/595 687/553/596
f  685/551/594 687/553/596 688/554/597
f  689/555/598 690/556/599 691/557/600
f  689/555/598 691/557/600 692/558/601
f  693/559/602 694/560/603 695/561/604
f  693/559/602 695/561/604 696/562/605
f  697/563/606 698/564/607 699/565/608
f  697/563/606 699/565/608 700/566/609
f  701/567/610 702/568/611 703/569/612
f  701/567/610 703/569/612 704/570/613
f  705/571/614 706/572/615 707/573/616
f  705/571/614 707/573/616 708/574/617
f  709/575/618 710/576/619 711/577/620
f  709/575/618 711/577/620 712/578/621
f  713/579/622 714/580/623 715/581/624
f  713/579/622 715/581/624 716/582/625
f  717/583/626 718/584/627 719/585/628
f  717/583/626 719/585/628 720/586/629
f  721/587/630 722/588/631 723/589/632
f  721/587/630 723/589/632 724/590/633
f  725/591/634 726/592/635 727/593/636
f  725/591/634 727/593/636 728/594/637
f  729/595/638 730/596/639 731/597/640
f  729/595/638 731/597/640 732/598/641
f  733/599/642 734/600/643 735/601/644
f  733/599/642 735/601/644 736/602/645
f  737/603/646 738/604/647 739/605/648
f  737/603/646 739/605/648 740/606/649
f  741/607/650 742/608/651 743/609/652
f  741/607/650 743/609/652 744/610/653
f  745/611/654 746/612/655 747/613/656
f  745/611/654 747/613/656 748/614/657
f  749/615/658 750/616/659 751/617/660
f  749/615/658 751/617/660 752/618/661
f  753/619/662 754/620/663 755/621/664
f  753/619/662 755/621/664 756/622/665
f  757/623/666 758/624/667 759/625/668
f  757/623/666 759/625/668 760/626/669
f  761/627/670 762/628/671 763/629/672
f  761/627/670 763/629/672 764/630/673
f  765/631/674 766/632/675 767/633/676
f  765/631/674 767/633/676 768/634/677
f  769/635/678 770/636/679 771/637/680
f  769/635/678 771/637/680 772/638/681
f  773/639/682 774/640/683 775/641/684
f  773/639/682 775/641/684 776/642/685
f  777/643/686 778/644/687 779/645/688
f  777/643/686 779/645/688 780/646/689
f  781/647/690 782/648/691 783/649/692
f  781/647/690 783/649/692 784/650/693
f  785/651/694 786/652/695 787/653/696
f  785/651/694 787/653/696 788/654/697
f  789/655/698 790/656/699 791/657/700
f  789/655/698 791/657/700 792/658/701
f  793/659/702 794/660/703 795/661/704
f  793/659/702 795/661/704 796/662/705
f  797/663/706 798/664/707 799/665/708
f  797/663/706 799/665/708 800/666/709
f  801/667/710 802/668/711 803/669/712
f  801/667/710 803/669/712 804/670/713
f  805/671/714 806/672/715 807/673/716
f  805/671/714 807/673/716 808/674/717
f  809/675/718 810/676/719 811/677/720
f  809/675/718 811/677/720 812/678/721
f  813/679/722 814/680/723 815/681/724
f  813/679/722 815/681/724 816/682/725
f  817/683/726 818/684/727 819/685/728
f  817/683/726 819/685/728 820/686/729
f  821/687/730 822/688/731 823/689/732
f  821/687/730 823/689/732 824/690/733
f  825/691/734 826/692/735 827/693/736
f  825/691/734 827/693/736 828/694/737
f  829/695/738 830/696/739 831/697/740
f  829/695/738 831/697/740 832/698/741
f  833/699/742 834/700/743 835/701/744
f  833/699/742 835/701/744 836/702/745
f  837/703/746 838/704/747 839/705/748
f  837/703/746 839/705/748 840/706/749
f  841/707/750 842/708/751 843/709/752
f  841/707/750 843/709/752 844/710/753
f  845/711/754 846/712/755 847/713/756
f  845/711/754 847/713/756 848/714/757
f  849/715/758 850/716/759 851/717/760
f  849/715/758 851/717/760 852/718/761
f  853/719/762 854/720/763 855/721/764
f  853/719/762 855/721/764 856/722/765
f  857/723/766 858/724/767 859/725/768
f  857/723/766 859/725/768 860/726/769
f  861/727/770 862/728/771 863/729/772
f  861/727/770 863/729/772 864/730/773
f  865/731/774 866/732/775 867/733/776
f  865/731/774 867/733/776 868/734/777
f  869/735/778 870/736/779 871/737/780
f  869/735/778 871/737/780 872/738/781
f  873/739/782 874/740/783 875/741/784
f  873/739/782 875/741/784 876/742/785
f  877/743/786 878/744/787 879/745/788
f  877/743/786 879/745/788 880/746/789
f  881/747/790 882/748/791 883/749/792
f  881/747/790 883/749/792 884/750/793
f  885/751/794 886/752/795 887/753/796
f  885/751/794 887/753/796 888/754/797
f  889/755/798 890/756/799 891/757/800
f  889/755/798 891/757/800 892/758/801
f  893/759/802 894/760/803 895/761/804
f  893/759/802 895/761/804 896/762/805
f  897/763/806 898/764/807 899/765/808
f  897/763/806 899/765/808 900/766/809
f  901/767/810 902/768/811 903/769/812
f  901/767/810 903/769/812 904/770/813
f  905/771/814 906/772/815 907/773/816
f  905/771/814 907/773/816 908/774/817
f  909/775/818 910/776/819 911/777/820
f  909/775/818 911/777/820 912/778/821
f  913/779/822 914/780/823 915/781/824
f  913/779/822 915/781/824 916/782/825
f  917/783/826 918/784/827 919/785/828
f  917/783/826 919/785/828 920/786/829
f  921/787/830 922/788/831 923/789/832
f  921/787/830 923/789/832 924/790/833
f  925/791/834 926/792/835 927/793/836
f  925/791/834 927/793/836 928/794/837
f  929/795/838 930/796/839 931/797/840
f  929/795/838 931/797/840 932/798/841
f  933/799/842 934/800/843 935/801/844
f  933/799/842 935/801/844 936/802/845
f  937/803/846 938/804/847 939/805/848
f  937/803/846 939/805/848 940/806/849
f  941/807/850 942/808/851 943/809/852
f  941/807/850 943/809/852 944/810/853
f  945/811/854 946/812/855 947/813/856
f  945/811/854 947/813/856 948/814/857
f  949/815/858 950/816/859 951/817/860
f  949/815/858 951/817/860 952/818/861
f  953/819/862 954/820/863 955/821/864
f  953/819/862 955/821/864 956/822/865
f  957/823/866 958/824/867 959/825/868
f  957/823/866 959/825/868 960/826/869
f  961/827/870 962/828/871 963/829/872
f  961/827/870 963/829/872 964/830/873
f  965/831/874 966/832/875 967/833/876
f  965/831/874 967/833/876 968/834/877
f  969/835/878 970/836/879 971/837/880
f  969/835/878 971/837/880 972/838/881
f  973/839/882 974/840/883 975/841/884
f  973/839/882 975/841/884 976/842/885
f  977/843/886 978/844/887 979/845/888
f  977/843/886 979/845/888 980/846/889
f  981/847/890 982/848/891 983/849/892
f  981/847/890 983/849/892 984/850/893
f  985/851/894 986/852/895 987/853/896
f  985/851/894 987/853/896 988/854/897
f  989/855/898 990/856/899 991/857/900
f  989/855/898 991/857/900 992/858/901
f  993/859/902 994/860/903 995/861/904
f  993/859/902 995/861/904 996/862/905
f  997/863/906 998/864/907 999/865/908
f  997/863/906 999/865/908 1000/865/909
f  1001/866/910 1002/867/911 1003/868/912
f  1001/866/910 1003/868/912 1004/869/913
f  1005/870/914 1006/871/915 1007/872/916
f  1005/870/914 1007/872/916 1008/873/917
f  1009/874/918 1010/875/919 1011/876/920
f  1009/874/918 1011/876/920 1012/877/921
f  1013/878/922 1014/879/923 1015/880/924
f  1013/878/922 1015/880/924 1016/881/925
f  1017/882/926 1018/883/927 1019/884/928
f  1017/882/926 1019/884/928 1020/885/929
f  1021/886/930 1022/887/931 1023/888/932
f  1021/886/930 1023/888/932 1024/889/933
f  1025/890/934 1026/891/935 1027/892/936
f  1025/890/934 1027/892/936 1028/893/937
f  1029/894/938 1030/895/939 1031/896/940
f  1029/894/938 1031/896/940 1032/897/941
f  1033/898/942 1034/899/943 1035/900/944
f  1033/898/942 1035/900/944 1036/901/945
f  1037/902/946 1038/903/947 1039/904/948
f  1037/902/946 1039/904/948 1040/905/949
f  1041/906/950 1042/907/951 1043/908/952
f  1041/906/950 1043/908/952 1044/909/953
f  1045/910/954 1046/911/955 1047/912/956
f  1045/910/954 1047/912/956 1048/913/957
f  1049/914/958 1050/915/959 1051/916/960
f  1049/914/958 1051/916/960 1052/917/961
f  1053/918/962 1054/919/963 1055/920/964
f  1053/918/962 1055/920/964 1056/921/965
f  1057/922/966 1058/923/967 1059/924/968
f  1057/922/966 1059/924/968 1060/925/969
f  1061/926/970 1062/927/971 1063/928/972
f  1061/926/970 1063/928/972 1064/929/973
f  1065/930/974 1066/931/975 1067/932/976
f  1065/930/974 1067/932/976 1068/933/977
f  1069/934/978 1070/935/979 1071/936/980
f  1069/934/978 1071/936/980 1072/937/981
f  1073/938/982 1074/939/983 1075/940/984
f  1073/938/982 1075/940/984 1076/941/985
f  1077/942/986 1078/943/987 1079/944/988
f  1077/942/986 1079/944/988 1080/945/989
f  1081/946/990 1082/947/991 1083/948/992
f  1081/946/990 1083/948/992 1084/949/993
f  1085/950/994 1086/951/995 1087/952/996
f  1085/950/994 1087/952/996 1088/953/997
f  1089/954/998 1090/955/999 1091/956/1000
f  1089/954/998 1091/956/1000 1092/957/1001
f  1093/958/1002 1094/959/1003 1095/960/1004
f  1093/958/1002 1095/960/1004 1096/961/1005
f  1097/962/1006 1098/963/1007 1099/964/1008
f  1097/962/1006 1099/964/1008 1100/965/1009
f  1101/966/1010 1102/967/1011 1103/968/1012
f  1101/966/1010 1103/968/1012 1104/969/1013
f  1105/970/1014 1106/971/1015 1107/972/1016
f  1105/970/1014 1107/972/1016 1108/973/1017
f  1109/974/1018 1110/975/1019 1111/976/1020
f  1109/974/1018 1111/976/1020 1112/977/1021
f  1113/978/1022 1114/979/1023 1115/980/1024
f  1113/978/1022 1115/980/1024 1116/981/1025
f  1117/106/488 1118/982/487 103/103/99
f  1117/106/488 103/103/99 106/106/102
f  311/276/279 316/280/284 617/280/561
f  315/279/283 653/142/584 618/514/562
f  646/529/579 651/530/582 658/534/545
f  572/482/532 652/532/583 645/528/578
f  327/287/295 332/289/300 639/289/573
f  331/58/299 601/59/264 640/290/574
f  576/485/536 671/485/589 678/468/591
f  538/465/500 672/543/590 575/484/535
f  371/313/335 1119/983/345 1120/984/1026
f  371/313/335 1120/984/1026 1121/985/1027
f  374/316/338 443/385/407 1122/986/1028
f  374/316/338 1122/986/1028 1123/987/1029
f  389/331/353 1124/988/1030 1125/989/1031
f  389/331/353 1125/989/1031 442/384/406
f  386/328/350 375/317/339 1126/990/1032
f  386/328/350 1126/990/1032 1127/991/1033
f  406/348/370 387/329/351 1128/992/1034
f  406/348/370 1128/992/1034 1129/993/1035
f  1130/994/1036 407/349/371 1131/995/1037
f  1130/994/1036 1131/995/1037 1132/996/1038
f  1133/997/1039 1134/998/1040 1135/999/1041
f  1133/997/1039 1135/999/1041 1136/1000/1042
f  1137/1001/1043 1138/1002/1044 1139/1003/1045
f  1137/1001/1043 1139/1003/1045 1140/1004/1046
f  414/356/378 1141/1005/1047 1142/1006/1048
f  414/356/378 1142/1006/1048 1143/1007/1049
f  430/372/394 415/357/379 1144/1008/1050
f  430/372/394 1144/1008/1050 1145/1009/1051
f  438/380/402 431/373/395 1146/1010/1052
f  438/380/402 1146/1010/1052 1147/1011/1053
f  446/388/410 1148/1012/1054 1149/1013/1055
f  446/388/410 1149/1013/1055 392/334/356
f  456/398/420 1150/1014/1056 1151/1015/1057
f  456/398/420 1151/1015/1057 449/391/413
f  450/392/414 1152/1016/1058 1153/1017/1059
f  450/392/414 1153/1017/1059 459/401/423
f  1154/1018/1060 1155/1019/1061 1156/1020/1062
f  1154/1018/1060 1156/1020/1062 453/395/417
f  1157/1021/1063 1158/1022/1064 1159/1023/1065
f  1157/1021/1063 1159/1023/1065 1160/1024/1066
f  468/410/432 1161/1025/1067 1162/1026/1068
f  468/410/432 1162/1026/1068 1163/1027/1069
f  484/426/448 1164/1028/1070 1165/1029/1071
f  484/426/448 1165/1029/1071 471/413/435
f  476/418/440 1166/1030/1072 1167/1031/1073
f  476/418/440 1167/1031/1073 487/429/451
f  496/438/460 1168/1032/1074 1169/1033/1075
f  496/438/460 1169/1033/1075 479/421/443
f  612/509/558 285/104/253 1170/1034/1076
f  612/509/558 1170/1034/1076 689/555/598
f  1171/1035/1077 282/253/250 685/551/594
f  1171/1035/1077 685/551/594 690/556/599
f  694/560/603 289/259/257 286/256/254
f  694/560/603 286/256/254 611/508/557
f  695/561/604 1172/1036/560 1173/1037/1078
f  695/561/604 1173/1037/1078 1174/1038/1079
f  702/568/611 293/261/261 290/257/258
f  702/568/611 290/257/258 693/559/602
f  703/569/612 1175/1039/605 1176/1040/1080
f  703/569/612 1176/1040/1080 1177/1041/607
f  710/576/619 297/264/265 294/262/262
f  710/576/619 294/262/262 701/567/610
f  711/577/620 1178/1042/613 1179/1043/606
f  711/577/620 1179/1043/606 1180/1044/615
f  718/584/627 301/268/269 298/265/266
f  718/584/627 298/265/266 709/575/618
f  719/585/628 1181/1045/621 1182/1046/614
f  719/585/628 1182/1046/614 1183/1047/623
f  726/592/635 305/271/273 302/266/270
f  726/592/635 302/266/270 717/583/626
f  727/593/636 1184/1048/629 1185/1049/622
f  727/593/636 1185/1049/622 1186/1050/631
f  730/596/639 309/274/277 306/272/274
f  730/596/639 306/272/274 725/591/634
f  731/597/640 1187/1051/637 1188/1052/630
f  731/597/640 1188/1052/630 1189/1053/1081
f  734/600/643 313/277/281 310/275/278
f  734/600/643 310/275/278 729/595/638
f  735/601/644 1190/1054/641 1191/1055/1082
f  735/601/644 1191/1055/1082 1192/1056/1083
f  738/604/647 317/281/285 314/278/282
f  738/604/647 314/278/282 733/599/642
f  1193/1057/1084 275/251/243 318/144/286
f  1193/1057/1084 318/144/286 737/603/646
f  1194/1058/1085 1195/1059/1086 1196/1060/1087
f  1194/1058/1085 1196/1060/1087 1197/1061/1019
f  686/552/595 281/254/249 506/447/470
f  686/552/595 506/447/470 753/619/662
f  1198/1062/1088 748/614/657 749/615/658
f  1198/1062/1088 749/615/658 1199/1063/1089
f  687/553/596 1200/1064/665 1201/1065/654
f  687/553/596 1201/1065/654 1202/1066/1090
f  505/446/469 522/455/486 741/607/650
f  505/446/469 741/607/650 754/620/663
f  744/610/653 1203/1067/674 1204/1068/655
f  744/610/653 1204/1068/655 1205/1069/664
f  768/634/677 757/623/666 750/616/659
f  768/634/677 750/616/659 747/613/656
f  521/115/485 518/452/482 761/627/670
f  521/115/485 761/627/670 742/608/651
f  764/630/673 1206/1070/686 1207/1071/675
f  764/630/673 1207/1071/675 1208/1072/652
f  780/646/689 769/635/678 758/624/667
f  780/646/689 758/624/667 767/633/676
f  517/454/481 570/478/530 773/639/682
f  517/454/481 773/639/682 762/628/671
f  776/642/685 1209/1073/698 1210/1074/687
f  776/642/685 1210/1074/687 1211/1075/672
f  792/658/701 781/647/690 770/636/679
f  792/658/701 770/636/679 779/645/688
f  569/480/529 544/467/506 785/651/694
f  569/480/529 785/651/694 774/640/683
f  788/654/697 1212/1076/710 1213/1077/699
f  788/654/697 1213/1077/699 1214/1078/684
f  804/670/713 793/659/702 782/648/691
f  804/670/713 782/648/691 791/657/700
f  543/7/505 536/463/498 797/663/706
f  543/7/505 797/663/706 786/652/695
f  800/666/709 1215/1079/726 1216/1080/711
f  800/666/709 1216/1080/711 1217/1081/696
f  820/686/729 805/671/714 794/660/703
f  820/686/729 794/660/703 803/669/712
f  535/462/497 558/473/520 813/679/722
f  535/462/497 813/679/722 798/664/707
f  816/682/725 1218/1082/734 1219/1083/727
f  816/682/725 1219/1083/727 1220/1084/708
f  828/694/737 1221/1085/1091 806/672/715
f  828/694/737 806/672/715 819/685/728
f  557/16/519 514/450/478 821/687/730
f  557/16/519 821/687/730 814/680/723
f  824/690/733 1222/1086/742 1223/1087/735
f  824/690/733 1223/1087/735 1224/1088/724
f  836/702/745 1225/1089/1092 1226/1090/1093
f  836/702/745 1226/1090/1093 827/693/736
f  513/451/477 574/483/534 829/695/738
f  513/451/477 829/695/738 822/688/731
f  832/698/741 1227/1091/750 1228/1092/743
f  832/698/741 1228/1092/743 1229/1093/732
f  573/482/533 648/531/581 837/703/746
f  573/482/533 837/703/746 830/696/739
f  840/706/749 1230/1094/762 1231/1095/751
f  840/706/749 1231/1095/751 1232/1096/740
f  1233/1097/1094 845/711/754 1234/1098/1095
f  1233/1097/1094 1234/1098/1095 1235/1099/1096
f  647/530/580 636/522/572 849/715/758
f  647/530/580 849/715/758 838/704/747
f  852/718/761 1236/1100/774 1237/1101/763
f  852/718/761 1237/1101/763 1238/1102/748
f  1239/1103/1097 857/723/766 846/712/755
f  1239/1103/1097 846/712/755 1240/1104/1098
f  635/521/571 562/476/524 861/727/770
f  635/521/571 861/727/770 850/716/759
f  864/730/773 1241/1105/866 1242/1106/775
f  864/730/773 1242/1106/775 1243/1107/760
f  870/736/779 325/62/293 526/61/490
f  870/736/779 526/61/490 873/739/782
f  525/98/489 322/282/290 1244/1108/1099
f  525/98/489 1244/1108/1099 874/740/783
f  894/760/803 329/68/297 326/286/294
f  894/760/803 326/286/294 869/735/778
f  1245/1109/1100 333/289/301 330/66/298
f  1245/1109/1100 330/66/298 893/759/802
f  902/768/811 337/59/305 334/290/302
f  902/768/811 334/290/302 1246/1110/1101
f  914/780/823 341/52/309 338/54/306
f  914/780/823 338/54/306 901/767/810
f  918/784/827 345/293/313 342/55/310
f  918/784/827 342/55/310 913/779/822
f  922/788/831 349/49/315 346/294/314
f  922/788/831 346/294/314 917/783/826
f  930/796/839 353/299/319 350/296/316
f  930/796/839 350/296/316 921/787/830
f  938/804/847 357/300/323 354/297/320
f  938/804/847 354/297/320 929/795/838
f  950/816/859 367/310/331 358/301/324
f  950/816/859 358/301/324 937/803/846
f  862/728/771 561/475/523 368/34/332
f  862/728/771 368/34/332 949/815/858
f  863/729/772 1247/1111/861 1248/1112/1102
f  863/729/772 1248/1112/1102 1249/1113/867
f  1250/1114/1103 321/284/289 566/457/526
f  1250/1114/1103 566/457/526 973/839/882
f  1251/1115/1104 1252/1116/885 1253/1117/1105
f  1251/1115/1104 1253/1117/1105 1254/1118/1106
f  565/477/525 502/443/466 961/827/870
f  565/477/525 961/827/870 974/840/883
f  501/86/465 540/464/502 985/851/894
f  501/86/465 985/851/894 962/828/871
f  539/83/501 578/484/538 993/859/902
f  539/83/501 993/859/902 986/852/895
f  577/485/537 548/468/510 1255/1119/1107
f  577/485/537 1255/1119/1107 994/860/903
f  547/127/509 554/470/516 1017/882/926
f  547/127/509 1017/882/926 1256/1120/1108
f  553/134/515 532/458/494 1033/898/942
f  553/134/515 1033/898/942 1018/883/927
f  531/459/493 510/449/474 1045/910/954
f  531/459/493 1045/910/954 1034/899/943
f  509/448/473 582/489/542 1061/926/970
f  509/448/473 1061/926/970 1046/911/955
f  581/488/541 628/517/568 1257/1121/1109
f  581/488/541 1257/1121/1109 1062/927/971
f  627/160/567 594/496/548 1085/950/994
f  627/160/567 1085/950/994 1258/1122/1110
f  1259/1123/1111 1260/1124/1018 1261/1125/1112
f  1259/1123/1111 1261/1125/1112 1262/1126/996
f  103/103/99 1118/982/487 665/539/292
f  103/103/99 665/539/292 104/104/100
f  100/100/96 666/255/291 583/258/296
f  100/100/96 583/258/296 101/101/97
f  94/94/90 584/490/295 669/541/587
f  94/94/90 669/541/587 95/95/91
f  79/79/75 670/542/588 649/264/304
f  79/79/75 649/264/304 80/80/76
f  70/70/66 650/265/303 661/268/308
f  70/70/66 661/268/308 71/71/67
f  75/75/71 662/537/307 673/544/312
f  75/75/71 673/544/312 73/73/69
f  123/123/119 674/123/311 277/252/245
f  123/123/119 277/252/245 121/121/117
f  126/126/122 278/126/246 599/501/318
f  126/126/122 599/501/318 124/124/120
f  138/138/134 600/502/551 617/280/561
f  138/138/134 617/280/561 136/136/132
f  618/514/562 617/280/561 316/280/284
f  618/514/562 316/280/284 315/279/283
f  144/144/140 618/514/562 653/142/584
f  144/144/140 653/142/584 142/142/138
f  148/148/144 654/249/329 1263/1127/522
f  148/148/144 1263/1127/522 149/149/145
f  109/109/105 550/469/512 630/519/288
f  109/109/105 630/519/288 110/110/106
f  652/532/583 651/530/582 646/529/579
f  652/532/583 646/529/579 645/528/578
f  61/61/57 644/527/577 359/302/252
f  61/61/57 359/302/252 62/62/58
f  67/67/63 360/303/251 675/545/256
f  67/67/63 675/545/256 68/68/64
f  66/66/62 676/287/255 639/289/573
f  66/66/62 639/289/573 64/64/60
f  640/290/574 639/289/573 332/289/300
f  640/290/574 332/289/300 331/58/299
f  58/58/54 640/290/574 601/59/264
f  58/58/54 601/59/264 59/59/55
f  54/54/50 602/503/263 619/515/268
f  54/54/50 619/515/268 52/52/48
f  55/55/51 620/55/267 637/523/272
f  55/55/51 637/523/272 56/56/52
f  51/51/47 638/524/271 655/49/276
f  51/51/47 655/49/276 49/49/45
f  46/46/42 656/533/275 667/299/280
f  46/46/42 667/299/280 47/47/43
f  43/43/39 668/540/586 679/547/592
f  43/43/39 679/547/592 44/44/40
f  40/40/36 680/548/593 607/506/554
f  40/40/36 607/506/554 41/41/37
f  34/34/33 608/34/241 1264/1128/326
f  34/34/33 1264/1128/326 35/35/34
f  93/93/89 528/457/467 586/283/248
f  93/93/89 586/283/248 91/91/87
f  672/543/590 671/485/589 576/485/536
f  672/543/590 576/485/536 575/484/535
f  372/314/336 371/313/335 1121/985/1027
f  372/314/336 1121/985/1027 1265/1129/1113
f  441/383/405 440/382/404 1266/1130/1114
f  441/383/405 1266/1130/1114 1267/1131/1115
f  374/316/338 373/315/337 440/382/404
f  374/316/338 440/382/404 443/385/407
f  390/332/354 389/331/353 442/384/406
f  390/332/354 442/384/406 441/383/405
f  370/312/334 369/311/333 1268/1132/1116
f  370/312/334 1268/1132/1116 1269/1133/1117
f  378/320/342 377/319/341 369/311/333
f  378/320/342 369/311/333 372/314/336
f  382/324/346 381/323/345 371/313/335
f  382/324/346 371/313/335 370/312/334
f  386/328/350 385/327/349 376/318/340
f  386/328/350 376/318/340 375/317/339
f  394/336/358 393/335/357 380/322/344
f  394/336/358 380/322/344 379/321/343
f  373/315/337 376/318/340 1270/1134/1118
f  373/315/337 1270/1134/1118 1271/1135/1119
f  379/321/343 378/320/342 1272/1136/1120
f  379/321/343 1272/1136/1120 1273/1137/1121
f  377/319/341 380/322/344 1274/1138/1122
f  377/319/341 1274/1138/1122 1275/1139/1123
f  375/317/339 374/316/338 1123/987/1029
f  375/317/339 1123/987/1029 1126/990/1032
f  406/348/370 405/347/369 388/330/352
f  406/348/370 388/330/352 387/329/351
f  402/344/366 401/343/365 396/338/360
f  402/344/366 396/338/360 395/337/359
f  1130/994/1036 1276/1140/1124 408/350/372
f  1130/994/1036 408/350/372 407/349/371
f  398/340/362 397/339/361 404/346/368
f  398/340/362 404/346/368 403/345/367
f  401/343/365 404/346/368 1277/1141/1125
f  401/343/365 1277/1141/1125 1278/1142/1126
f  407/349/371 406/348/370 1129/993/1035
f  407/349/371 1129/993/1035 1131/995/1037
f  405/347/369 408/350/372 1279/1143/1127
f  405/347/369 1279/1143/1127 1280/1144/1128
f  403/345/367 402/344/366 1281/1145/1129
f  403/345/367 1281/1145/1129 1282/1146/1130
f  1133/997/1039 1283/1147/220 1284/1148/1131
f  1133/997/1039 1284/1148/1131 1134/998/1040
f  410/352/374 409/351/373 400/342/364
f  410/352/374 400/342/364 399/341/363
f  1276/1140/1124 1285/1149/1132 1286/1150/1133
f  1276/1140/1124 1286/1150/1133 1287/1151/1134
f  399/341/363 398/340/362 1288/1152/1135
f  399/341/363 1288/1152/1135 1289/1153/1136
f  418/360/382 417/359/381 412/354/376
f  418/360/382 412/354/376 411/353/375
f  422/364/386 421/363/385 420/362/384
f  422/364/386 420/362/384 419/361/383
f  417/359/381 420/362/384 1290/1154/1137
f  417/359/381 1290/1154/1137 1291/1155/1138
f  1141/1005/1047 1137/1001/1043 1140/1004/1046
f  1141/1005/1047 1140/1004/1046 1142/1006/1048
f  1292/1156/1139 1293/1157/1140 1294/1158/1141
f  1292/1156/1139 1294/1158/1141 1295/1159/1142
f  419/361/383 418/360/382 1296/1160/1143
f  419/361/383 1296/1160/1143 1297/1161/1144
f  430/372/394 429/371/393 416/358/380
f  430/372/394 416/358/380 415/357/379
f  426/368/390 425/367/389 424/366/388
f  426/368/390 424/366/388 423/365/387
f  438/380/402 437/379/401 432/374/396
f  438/380/402 432/374/396 431/373/395
f  434/376/398 433/375/397 428/370/392
f  434/376/398 428/370/392 427/369/391
f  425/367/389 428/370/392 1298/1162/1145
f  425/367/389 1298/1162/1145 1299/1163/1146
f  427/369/391 426/368/390 1300/1164/1147
f  427/369/391 1300/1164/1147 1301/1165/1148
f  433/375/397 436/378/400 1302/1166/1149
f  433/375/397 1302/1166/1149 1303/1167/1150
f  1/1/1 438/380/402 1147/1011/1053
f  1/1/1 1147/1011/1053 2/2/2
f  437/379/401 439/381/403 1304/1168/1151
f  437/379/401 1304/1168/1151 1305/1169/1152
f  435/377/399 434/376/398 1306/1170/1153
f  435/377/399 1306/1170/1153 1307/1171/1154
f  447/389/411 446/388/410 392/334/356
f  447/389/411 392/334/356 391/333/355
f  1308/1172/1155 1309/1173/1156 384/326/348
f  1308/1172/1155 384/326/348 383/325/347
f  381/323/345 384/326/348 1310/1174/1157
f  381/323/345 1310/1174/1157 1311/1175/1026
f  391/333/355 390/332/354 1312/1176/1158
f  391/333/355 1312/1176/1158 1313/1177/1159
f  457/399/421 456/398/420 449/391/413
f  457/399/421 449/391/413 448/390/412
f  33/33/31 454/396/418 1314/1178/1160
f  33/33/31 1314/1178/1160 31/31/31
f  446/388/410 449/391/413 1151/1015/1057
f  446/388/410 1151/1015/1057 1148/1012/1054
f  1315/1179/1161 1308/1172/1155 1316/1180/1162
f  1315/1179/1161 1316/1180/1162 1317/1181/1163
f  1309/1173/1156 1314/1178/1160 1318/1182/1164
f  1309/1173/1156 1318/1182/1164 1319/1183/1165
f  448/390/412 447/389/411 1320/1184/1166
f  448/390/412 1320/1184/1166 1321/1185/1167
f  451/393/415 450/392/414 459/401/423
f  451/393/415 459/401/423 458/400/422
f  37/37/31 1322/1186/1168 455/397/419
f  37/37/31 455/397/419 38/38/31
f  456/398/420 459/401/423 1153/1017/1059
f  456/398/420 1153/1017/1059 1150/1014/1056
f  445/387/409 444/386/408 1323/1187/1169
f  445/387/409 1323/1187/1169 1324/1188/1170
f  454/396/418 455/397/419 1325/1189/1171
f  454/396/418 1325/1189/1171 1326/1190/1172
f  458/400/422 457/399/421 1327/1191/1173
f  458/400/422 1327/1191/1173 1328/1192/1174
f  1329/1193/1175 1154/1018/1060 453/395/417
f  1329/1193/1175 453/395/417 452/394/416
f  465/407/429 464/406/428 1330/1194/1176
f  465/407/429 1330/1194/1176 1331/1195/1177
f  1332/1196/1178 1333/1197/225 1334/1198/225
f  1332/1196/1178 1334/1198/225 1335/1199/1179
f  461/403/425 460/402/424 467/409/431
f  461/403/425 467/409/431 466/408/430
f  1154/1018/1060 1160/1024/1066 1159/1023/1065
f  1154/1018/1060 1159/1023/1065 1155/1019/1061
f  466/408/430 465/407/429 1336/1200/1180
f  466/408/430 1336/1200/1180 1337/1201/1181
f  464/406/428 467/409/431 1338/1202/1182
f  464/406/428 1338/1202/1182 1339/1203/1183
f  1335/1199/1179 1329/1193/1175 1340/1204/1184
f  1335/1199/1179 1340/1204/1184 1341/1205/1185
f  469/411/433 468/410/432 1163/1027/1069
f  469/411/433 1163/1027/1069 1342/1206/1186
f  473/415/437 472/414/436 463/405/427
f  473/415/437 463/405/427 462/404/426
f  460/402/424 463/405/427 1343/1207/1187
f  460/402/424 1343/1207/1187 1344/1208/1188
f  1342/1206/1186 1332/1196/1178 1345/1209/1189
f  1342/1206/1186 1345/1209/1189 1346/1210/1190
f  485/427/449 484/426/448 471/413/435
f  485/427/449 471/413/435 470/412/434
f  481/423/445 480/422/444 475/417/439
f  481/423/445 475/417/439 474/416/438
f  477/419/441 476/418/440 487/429/451
f  477/419/441 487/429/451 486/428/450
f  489/431/453 488/430/452 483/425/447
f  489/431/453 483/425/447 482/424/446
f  484/426/448 487/429/451 1167/1031/1073
f  484/426/448 1167/1031/1073 1164/1028/1070
f  482/424/446 481/423/445 1347/1211/1191
f  482/424/446 1347/1211/1191 1348/1212/1192
f  480/422/444 483/425/447 1349/1213/1193
f  480/422/444 1349/1213/1193 1350/1214/1194
f  486/428/450 485/427/449 1351/1215/1195
f  486/428/450 1351/1215/1195 1352/1216/1196
f  497/439/461 496/438/460 479/421/443
f  497/439/461 479/421/443 478/420/442
f  493/435/457 492/434/456 491/433/455
f  493/435/457 491/433/455 490/432/454
f  494/436/458 493/435/457 1353/1217/1197
f  494/436/458 1353/1217/1197 1354/1218/1198
f  492/434/456 495/437/459 1355/1219/1199
f  492/434/456 1355/1219/1199 1356/1220/1200
f  7/7/7 13/13/13 15/15/15
f  7/7/7 15/15/15 8/8/8
f  10/10/10 9/9/9 8/8/8
f  10/10/10 8/8/8 11/11/11
f  16/16/16 12/12/12 11/11/11
f  16/16/16 11/11/11 17/17/17
f  19/19/19 18/18/18 17/17/17
f  19/19/19 17/17/17 20/20/20
f  20/20/20 23/23/23 22/22/22
f  20/20/20 22/22/22 21/21/21
f  25/25/25 24/24/24 23/23/23
f  25/25/25 23/23/23 26/26/26
f  28/28/28 27/27/27 26/26/26
f  28/28/28 26/26/26 29/29/29
f  38/38/31 33/33/31 32/32/32
f  38/38/31 32/32/32 39/39/32
f  35/35/34 32/32/32 31/31/31
f  35/35/34 31/31/31 36/36/35
f  29/29/29 37/37/31 39/39/32
f  29/29/29 39/39/32 30/30/30
f  36/36/35 42/42/38 41/41/37
f  36/36/35 41/41/37 34/34/33
f  42/42/38 45/45/41 44/44/40
f  42/42/38 44/44/40 40/40/36
f  45/45/41 48/48/44 47/47/43
f  45/45/41 47/47/43 43/43/39
f  50/50/46 57/57/53 56/56/52
f  50/50/46 56/56/52 51/51/47
f  48/48/44 50/50/46 49/49/45
f  48/48/44 49/49/45 46/46/42
f  53/53/49 60/60/56 59/59/55
f  53/53/49 59/59/55 54/54/50
f  57/57/53 53/53/49 52/52/48
f  57/57/53 52/52/48 55/55/51
f  65/65/61 69/69/65 68/68/64
f  65/65/61 68/68/64 66/66/62
f  69/69/65 63/63/59 62/62/58
f  69/69/65 62/62/58 67/67/63
f  60/60/56 65/65/61 64/64/60
f  60/60/56 64/64/60 58/58/54
f  74/74/70 72/72/68 71/71/67
f  74/74/70 71/71/67 75/75/71
f  76/76/72 82/82/78 84/84/80
f  76/76/72 84/84/80 77/77/73
f  72/72/68 81/81/77 80/80/76
f  72/72/68 80/80/76 70/70/66
f  87/87/83 84/84/80 83/83/79
f  87/87/83 83/83/79 85/85/81
f  86/86/82 88/88/84 90/90/86
f  86/86/82 90/90/86 87/87/83
f  89/89/85 93/93/89 92/92/88
f  89/89/85 92/92/88 90/90/86
f  81/81/77 96/96/92 95/95/91
f  81/81/77 95/95/91 79/79/75
f  99/99/95 92/92/88 91/91/87
f  99/99/95 91/91/87 97/97/93
f  96/96/92 102/102/98 101/101/97
f  96/96/92 101/101/97 94/94/90
f  102/102/98 105/105/101 104/104/100
f  102/102/98 104/104/100 100/100/96
f  105/105/101 107/107/103 106/106/102
f  105/105/101 106/106/102 103/103/99
f  107/107/103 111/111/107 110/110/106
f  107/107/103 110/110/106 108/108/104
f  111/111/107 113/113/109 112/112/108
f  111/111/107 112/112/108 109/109/105
f  113/113/109 116/116/112 115/115/111
f  113/113/109 115/115/111 114/114/110
f  116/116/112 119/119/115 118/118/114
f  116/116/112 118/118/114 117/117/113
f  119/119/115 15/15/15 14/14/14
f  119/119/115 14/14/14 120/120/116
f  63/63/59 99/99/95 98/98/94
f  63/63/59 98/98/94 61/61/57
f  122/122/118 74/74/70 73/73/69
f  122/122/118 73/73/69 123/123/119
f  125/125/121 122/122/118 121/121/117
f  125/125/121 121/121/117 126/126/122
f  127/127/123 78/78/74 77/77/73
f  127/127/123 77/77/73 128/128/124
f  130/130/126 133/133/129 135/135/131
f  130/130/126 135/135/131 131/131/127
f  134/134/130 129/129/125 128/128/124
f  134/134/130 128/128/124 135/135/131
f  137/137/133 125/125/121 124/124/120
f  137/137/133 124/124/120 138/138/134
f  139/139/135 132/132/128 131/131/127
f  139/139/135 131/131/127 140/140/136
f  143/143/139 137/137/133 136/136/132
f  143/143/139 136/136/132 144/144/140
f  140/140/136 146/146/142 145/145/141
f  140/140/136 145/145/141 141/141/137
f  154/154/147 151/151/147 153/153/148
f  154/154/147 153/153/148 155/155/148
f  152/152/147 150/150/146 149/149/145
f  152/152/147 149/149/145 153/153/148
f  159/159/151 156/156/147 155/155/148
f  159/159/151 155/155/148 157/157/149
f  160/160/152 147/147/143 146/146/142
f  160/160/152 146/146/142 161/161/153
f  150/150/146 143/143/139 142/142/138
f  150/150/146 142/142/138 148/148/144
f  158/158/150 162/162/154 161/161/153
f  158/158/150 161/161/153 159/159/151
f  605/7/508 7/7/7 9/9/9
f  605/7/508 9/9/9 616/513/513
f  527/89/468 89/89/85 88/88/84
f  527/89/468 88/88/84 660/536/483
f  621/158/563 158/158/150 157/157/149
f  621/158/563 157/157/149 1357/1221/521
f  597/499/549 14/14/14 13/13/13
f  597/499/549 13/13/13 606/466/553
f  609/160/555 160/160/152 162/162/154
f  609/160/555 162/162/154 622/162/564
f  549/112/511 112/112/108 114/114/110
f  549/112/511 114/114/110 684/550/463
f  657/28/546 28/28/28 30/30/30
f  657/28/546 30/30/30 1358/1222/325
f  587/491/518 130/130/126 132/132/128
f  587/491/518 132/132/128 596/498/475
f  651/530/582 25/25/25 27/27/27
f  651/530/582 27/27/27 658/534/545
f  681/134/496 134/134/130 133/133/129
f  681/134/496 133/133/129 588/492/517
f  1359/1223/1201 152/152/147 151/151/147
f  1359/1223/1201 151/151/147 445/387/409
f  623/16/492 16/16/16 18/18/18
f  623/16/492 18/18/18 632/18/471
f  663/83/585 83/83/79 82/82/78
f  663/83/585 82/82/78 672/543/590
f  615/512/514 10/10/10 12/12/12
f  615/512/514 12/12/12 624/516/491
f  643/526/576 98/98/94 97/97/93
f  643/526/576 97/97/93 585/97/247
f  659/535/484 86/86/82 85/85/81
f  659/535/484 85/85/81 664/538/479
f  589/118/543 118/118/114 120/120/116
f  589/118/543 120/120/116 598/500/550
f  603/504/552 145/145/141 147/147/143
f  603/504/552 147/147/143 610/507/556
f  683/115/464 115/115/111 117/117/113
f  683/115/464 117/117/113 590/452/544
f  595/497/476 139/139/135 141/141/137
f  595/497/476 141/141/137 604/505/531
f  444/386/408 154/154/147 156/156/147
f  444/386/408 156/156/147 1315/1179/1161
f  1117/106/488 106/106/102 108/108/104
f  1117/106/488 108/108/104 629/108/569
f  641/22/575 22/22/22 24/24/24
f  641/22/575 24/24/24 652/532/583
f  677/546/504 127/127/123 129/129/125
f  677/546/504 129/129/125 682/549/495
f  631/451/472 19/19/19 21/21/21
f  631/451/472 21/21/21 642/525/539
f  671/485/589 76/76/72 78/78/74
f  671/485/589 78/78/74 678/468/591
f  613/510/559 612/509/558 689/555/598
f  613/510/559 689/555/598 692/558/601
f  1170/1034/1076 1171/1035/1077 690/556/599
f  1170/1034/1076 690/556/599 689/555/598
f  685/551/594 688/554/597 691/557/600
f  685/551/594 691/557/600 690/556/599
f  695/561/604 694/560/603 611/508/557
f  695/561/604 611/508/557 614/511/560
f  286/256/254 285/104/253 612/509/558
f  286/256/254 612/509/558 611/508/557
f  1360/1224/1202 1361/1225/1078 1362/1226/560
f  1360/1224/1202 1362/1226/560 1363/1227/559
f  703/569/612 702/568/611 693/559/602
f  703/569/612 693/559/602 696/562/605
f  290/257/258 289/259/257 694/560/603
f  290/257/258 694/560/603 693/559/602
f  1364/1228/1079 1365/1229/1080 1366/1230/605
f  1364/1228/1079 1366/1230/605 1367/1231/604
f  699/565/608 698/564/607 1365/1229/1080
f  699/565/608 1365/1229/1080 1368/1232/1203
f  711/577/620 710/576/619 701/567/610
f  711/577/620 701/567/610 704/570/613
f  294/262/262 293/261/261 702/568/611
f  294/262/262 702/568/611 701/567/610
f  698/564/607 697/563/606 1369/1233/613
f  698/564/607 1369/1233/613 1370/1234/612
f  707/573/616 706/572/615 697/563/606
f  707/573/616 697/563/606 700/566/609
f  719/585/628 718/584/627 709/575/618
f  719/585/628 709/575/618 712/578/621
f  298/265/266 297/264/265 710/576/619
f  298/265/266 710/576/619 709/575/618
f  706/572/615 705/571/614 1371/1235/621
f  706/572/615 1371/1235/621 1372/1236/620
f  715/581/624 714/580/623 705/571/614
f  715/581/624 705/571/614 708/574/617
f  1373/1237/1204 1374/1238/1205 1375/1239/1206
f  1373/1237/1204 1375/1239/1206 1376/1240/1207
f  727/593/636 726/592/635 717/583/626
f  727/593/636 717/583/626 720/586/629
f  302/266/270 301/268/269 718/584/627
f  302/266/270 718/584/627 717/583/626
f  714/580/623 713/579/622 1377/1241/629
f  714/580/623 1377/1241/629 1378/1242/628
f  723/589/632 722/588/631 713/579/622
f  723/589/632 713/579/622 716/582/625
f  1379/1243/1208 1380/1244/1209 1381/1245/1210
f  1379/1243/1208 1381/1245/1210 1382/1246/1211
f  731/597/640 730/596/639 725/591/634
f  731/597/640 725/591/634 728/594/637
f  306/272/274 305/271/273 726/592/635
f  306/272/274 726/592/635 725/591/634
f  722/588/631 721/587/630 1383/1247/637
f  722/588/631 1383/1247/637 1384/1248/636
f  735/601/644 734/600/643 729/595/638
f  735/601/644 729/595/638 732/598/641
f  310/275/278 309/274/277 730/596/639
f  310/275/278 730/596/639 729/595/638
f  1385/1249/1212 1386/1250/1213 1387/1251/1214
f  1385/1249/1212 1387/1251/1214 1388/1252/1215
f  314/278/282 313/277/281 734/600/643
f  314/278/282 734/600/643 733/599/642
f  1389/1253/1216 1193/1057/1084 737/603/646
f  1389/1253/1216 737/603/646 740/606/649
f  1390/1254/1217 1391/1255/1218 1392/1256/1219
f  1390/1254/1217 1392/1256/1219 1393/1257/1220
f  1111/976/1020 1110/975/1019 1394/1258/1087
f  1111/976/1020 1394/1258/1087 1395/1259/1221
f  687/553/596 686/552/595 753/619/662
f  687/553/596 753/619/662 756/622/665
f  506/447/470 505/446/469 754/620/663
f  506/447/470 754/620/663 753/619/662
f  741/607/650 744/610/653 755/621/664
f  741/607/650 755/621/664 754/620/663
f  746/612/655 745/611/654 1396/1260/665
f  746/612/655 1396/1260/665 1397/1261/664
f  1198/1062/1088 1398/1262/1090 745/611/654
f  1198/1062/1088 745/611/654 748/614/657
f  765/631/674 768/634/677 747/613/656
f  765/631/674 747/613/656 746/612/655
f  750/616/659 749/615/658 748/614/657
f  750/616/659 748/614/657 747/613/656
f  1399/1263/1222 1199/1063/1089 749/615/658
f  1399/1263/1222 749/615/658 752/618/661
f  757/623/666 760/626/669 751/617/660
f  757/623/666 751/617/660 750/616/659
f  1400/1264/1223 1401/1265/1224 1402/1266/1225
f  1400/1264/1223 1402/1266/1225 1403/1267/1226
f  1404/1268/1227 1405/1269/1228 1406/1270/1229
f  1404/1268/1227 1406/1270/1229 1407/1271/1230
f  522/455/486 521/115/485 742/608/651
f  522/455/486 742/608/651 741/607/650
f  761/627/670 764/630/673 743/609/652
f  761/627/670 743/609/652 742/608/651
f  766/632/675 765/631/674 1408/1272/653
f  766/632/675 1408/1272/653 1409/1273/652
f  777/643/686 780/646/689 767/633/676
f  777/643/686 767/633/676 766/632/675
f  758/624/667 757/623/666 768/634/677
f  758/624/667 768/634/677 767/633/676
f  769/635/678 772/638/681 759/625/668
f  769/635/678 759/625/668 758/624/667
f  518/452/482 517/454/481 762/628/671
f  518/452/482 762/628/671 761/627/670
f  773/639/682 776/642/685 763/629/672
f  773/639/682 763/629/672 762/628/671
f  778/644/687 777/643/686 1410/1274/673
f  778/644/687 1410/1274/673 1411/1275/672
f  789/655/698 792/658/701 779/645/688
f  789/655/698 779/645/688 778/644/687
f  770/636/679 769/635/678 780/646/689
f  770/636/679 780/646/689 779/645/688
f  781/647/690 784/650/693 771/637/680
f  781/647/690 771/637/680 770/636/679
f  570/478/530 569/480/529 774/640/683
f  570/478/530 774/640/683 773/639/682
f  785/651/694 788/654/697 775/641/684
f  785/651/694 775/641/684 774/640/683
f  790/656/699 789/655/698 1412/1276/685
f  790/656/699 1412/1276/685 1413/1277/684
f  801/667/710 804/670/713 791/657/700
f  801/667/710 791/657/700 790/656/699
f  782/648/691 781/647/690 792/658/701
f  782/648/691 792/658/701 791/657/700
f  544/467/506 543/7/505 786/652/695
f  544/467/506 786/652/695 785/651/694
f  797/663/706 800/666/709 787/653/696
f  797/663/706 787/653/696 786/652/695
f  802/668/711 801/667/710 1414/1278/697
f  802/668/711 1414/1278/697 1415/1279/696
f  817/683/726 820/686/729 803/669/712
f  817/683/726 803/669/712 802/668/711
f  794/660/703 793/659/702 804/670/713
f  794/660/703 804/670/713 803/669/712
f  805/671/714 808/674/717 795/661/704
f  805/671/714 795/661/704 794/660/703
f  536/463/498 535/462/497 798/664/707
f  536/463/498 798/664/707 797/663/706
f  813/679/722 816/682/725 799/665/708
f  813/679/722 799/665/708 798/664/707
f  818/684/727 817/683/726 1416/1280/709
f  818/684/727 1416/1280/709 1417/1281/708
f  825/691/734 828/694/737 819/685/728
f  825/691/734 819/685/728 818/684/727
f  806/672/715 805/671/714 820/686/729
f  806/672/715 820/686/729 819/685/728
f  1221/1085/1091 1418/1282/1231 807/673/716
f  1221/1085/1091 807/673/716 806/672/715
f  558/473/520 557/16/519 814/680/723
f  558/473/520 814/680/723 813/679/722
f  821/687/730 824/690/733 815/681/724
f  821/687/730 815/681/724 814/680/723
f  826/692/735 825/691/734 1419/1283/725
f  826/692/735 1419/1283/725 1420/1284/724
f  833/699/742 836/702/745 827/693/736
f  833/699/742 827/693/736 826/692/735
f  514/450/478 513/451/477 822/688/731
f  514/450/478 822/688/731 821/687/730
f  829/695/738 832/698/741 823/689/732
f  829/695/738 823/689/732 822/688/731
f  834/700/743 833/699/742 1421/1285/733
f  834/700/743 1421/1285/733 1422/1286/732
f  841/707/750 844/710/753 835/701/744
f  841/707/750 835/701/744 834/700/743
f  574/483/534 573/482/533 830/696/739
f  574/483/534 830/696/739 829/695/738
f  837/703/746 840/706/749 831/697/740
f  837/703/746 831/697/740 830/696/739
f  842/708/751 841/707/750 1423/1287/741
f  842/708/751 1423/1287/741 1424/1288/740
f  853/719/762 856/722/765 843/709/752
f  853/719/762 843/709/752 842/708/751
f  648/531/581 647/530/580 838/704/747
f  648/531/581 838/704/747 837/703/746
f  849/715/758 852/718/761 839/705/748
f  849/715/758 839/705/748 838/704/747
f  854/720/763 853/719/762 1425/1289/749
f  854/720/763 1425/1289/749 1426/1290/748
f  865/731/774 868/734/777 855/721/764
f  865/731/774 855/721/764 854/720/763
f  1427/1291/1232 1239/1103/1097 1240/1104/1098
f  1427/1291/1232 1240/1104/1098 1428/1292/1233
f  846/712/755 845/711/754 1233/1097/1094
f  846/712/755 1233/1097/1094 1240/1104/1098
f  1429/1293/1234 1430/1294/1235 848/714/757
f  1429/1293/1234 848/714/757 847/713/756
f  636/522/572 635/521/571 850/716/759
f  636/522/572 850/716/759 849/715/758
f  861/727/770 864/730/773 851/717/760
f  861/727/770 851/717/760 850/716/759
f  866/732/775 865/731/774 1431/1295/761
f  866/732/775 1431/1295/761 1432/1296/760
f  957/823/866 960/826/869 867/733/776
f  957/823/866 867/733/776 866/732/775
f  858/724/767 857/723/766 1239/1103/1097
f  858/724/767 1239/1103/1097 1433/1297/1236
f  953/819/862 956/822/865 859/725/768
f  953/819/862 859/725/768 858/724/767
f  282/253/250 281/254/249 686/552/595
f  282/253/250 686/552/595 685/551/594
f  1199/1063/1089 1434/1298/1237 1435/1299/1238
f  1199/1063/1089 1435/1299/1238 1198/1062/1088
f  871/737/780 870/736/779 873/739/782
f  871/737/780 873/739/782 876/742/785
f  526/61/490 525/98/489 874/740/783
f  526/61/490 874/740/783 873/739/782
f  1244/1108/1099 1436/1300/1239 875/741/784
f  1244/1108/1099 875/741/784 874/740/783
f  1437/1301/1240 1438/1302/1241 879/745/788
f  1437/1301/1240 879/745/788 878/744/787
f  1101/966/1010 1104/969/1013 883/749/792
f  1101/966/1010 883/749/792 882/748/791
f  1439/1303/1242 1440/1304/1243 887/753/796
f  1439/1303/1242 887/753/796 886/752/795
f  326/286/294 325/62/293 870/736/779
f  326/286/294 870/736/779 869/735/778
f  1441/1305/1244 1245/1109/1100 893/759/802
f  1441/1305/1244 893/759/802 896/762/805
f  330/66/298 329/68/297 894/760/803
f  330/66/298 894/760/803 893/759/802
f  334/290/302 333/289/301 1245/1109/1100
f  334/290/302 1245/1109/1100 1246/1110/1101
f  915/781/824 914/780/823 901/767/810
f  915/781/824 901/767/810 904/770/813
f  338/54/306 337/59/305 902/768/811
f  338/54/306 902/768/811 901/767/810
f  919/785/828 918/784/827 913/779/822
f  919/785/828 913/779/822 916/782/825
f  1442/1306/1245 1443/1307/1246 916/782/825
f  1442/1306/1245 916/782/825 915/781/824
f  923/789/832 922/788/831 917/783/826
f  923/789/832 917/783/826 920/786/829
f  346/294/314 345/293/313 918/784/827
f  346/294/314 918/784/827 917/783/826
f  1444/1308/1247 1445/1309/1248 1446/1310/1249
f  1444/1308/1247 1446/1310/1249 1447/1311/1250
f  931/797/840 930/796/839 921/787/830
f  931/797/840 921/787/830 924/790/833
f  927/793/836 926/792/835 1448/1312/1251
f  927/793/836 1448/1312/1251 1449/1313/1252
f  1450/1314/1253 1451/1315/1254 1452/1316/1255
f  1450/1314/1253 1452/1316/1255 1453/1317/1256
f  939/805/848 938/804/847 929/795/838
f  939/805/848 929/795/838 932/798/841
f  951/817/860 950/816/859 937/803/846
f  951/817/860 937/803/846 940/806/849
f  358/301/324 357/300/323 938/804/847
f  358/301/324 938/804/847 937/803/846
f  1454/1318/1257 1455/1319/1258 1456/1320/1259
f  1454/1318/1257 1456/1320/1259 1457/1321/1260
f  863/729/772 862/728/771 949/815/858
f  863/729/772 949/815/858 952/818/861
f  368/34/332 367/310/331 950/816/859
f  368/34/332 950/816/859 949/815/858
f  1455/1319/1258 1458/1322/1102 952/818/861
f  1455/1319/1258 952/818/861 951/817/860
f  959/825/868 958/824/867 1458/1322/1102
f  959/825/868 1458/1322/1102 1459/1323/1261
f  955/821/864 954/820/863 1460/1324/1262
f  955/821/864 1460/1324/1262 1461/1325/1263
f  562/476/524 561/475/523 862/728/771
f  562/476/524 862/728/771 861/727/770
f  958/824/867 957/823/866 1462/1326/773
f  958/824/867 1462/1326/773 1463/1327/772
f  1251/1115/1104 1250/1114/1103 973/839/882
f  1251/1115/1104 973/839/882 976/842/885
f  566/457/526 565/477/525 974/840/883
f  566/457/526 974/840/883 973/839/882
f  961/827/870 964/830/873 975/841/884
f  961/827/870 975/841/884 974/840/883
f  1464/1328/1264 1465/1329/1105 1466/1330/885
f  1464/1328/1264 1466/1330/885 1467/1331/884
f  1468/1332/1265 1469/1333/1106 1465/1329/1105
f  1468/1332/1265 1465/1329/1105 1470/1334/1266
f  1103/968/1012 1102/967/1011 1471/1335/1267
f  1103/968/1012 1471/1335/1267 1472/1336/1268
f  1473/1337/1269 1474/1338/1270 1475/1339/1271
f  1473/1337/1269 1475/1339/1271 1476/1340/1272
f  1477/1341/1273 1478/1342/1274 1479/1343/1275
f  1477/1341/1273 1479/1343/1275 1480/1344/1276
f  1481/1345/1277 1482/1346/1278 1483/1347/1279
f  1481/1345/1277 1483/1347/1279 1484/1348/1280
f  1485/1349/1281 1486/1350/1282 1487/1351/1283
f  1485/1349/1281 1487/1351/1283 1488/1352/1284
f  502/443/466 501/86/465 962/828/871
f  502/443/466 962/828/871 961/827/870
f  985/851/894 988/854/897 963/829/872
f  985/851/894 963/829/872 962/828/871
f  540/464/502 539/83/501 986/852/895
f  540/464/502 986/852/895 985/851/894
f  993/859/902 996/862/905 987/853/896
f  993/859/902 987/853/896 986/852/895
f  1005/870/914 1008/873/917 1489/1353/1285
f  1005/870/914 1489/1353/1285 1490/1354/1286
f  578/484/538 577/485/537 994/860/903
f  578/484/538 994/860/903 993/859/902
f  1255/1119/1107 1491/1355/1287 995/861/904
f  1255/1119/1107 995/861/904 994/860/903
f  548/468/510 547/127/509 1256/1120/1108
f  548/468/510 1256/1120/1108 1255/1119/1107
f  1017/882/926 1020/885/929 1492/1356/1288
f  1017/882/926 1492/1356/1288 1256/1120/1108
f  1037/902/946 1040/905/949 1023/888/932
f  1037/902/946 1023/888/932 1022/887/931
f  554/470/516 553/134/515 1018/883/927
f  554/470/516 1018/883/927 1017/882/926
f  1033/898/942 1036/901/945 1019/884/928
f  1033/898/942 1019/884/928 1018/883/927
f  1049/914/958 1052/917/961 1039/904/948
f  1049/914/958 1039/904/948 1038/903/947
f  532/458/494 531/459/493 1034/899/943
f  532/458/494 1034/899/943 1033/898/942
f  510/449/474 509/448/473 1046/911/955
f  510/449/474 1046/911/955 1045/910/954
f  1061/926/970 1064/929/973 1047/912/956
f  1061/926/970 1047/912/956 1046/911/955
f  1493/1357/1289 1494/1358/1290 1495/1359/1291
f  1493/1357/1289 1495/1359/1291 1496/1360/1292
f  582/489/542 581/488/541 1062/927/971
f  582/489/542 1062/927/971 1061/926/970
f  1257/1121/1109 1497/1361/1293 1063/928/972
f  1257/1121/1109 1063/928/972 1062/927/971
f  628/517/568 627/160/567 1258/1122/1110
f  628/517/568 1258/1122/1110 1257/1121/1109
f  1085/950/994 1088/953/997 1498/1362/1294
f  1085/950/994 1498/1362/1294 1258/1122/1110
f  1499/1363/1295 1500/1364/1296 1501/1365/1297
f  1499/1363/1295 1501/1365/1297 1502/1366/1298
f  594/496/548 593/495/547 1086/951/995
f  594/496/548 1086/951/995 1085/950/994
f  1109/974/1018 1112/977/1021 1503/1367/1299
f  1109/974/1018 1503/1367/1299 1504/1368/1112
f  1113/978/1022 1116/981/1025 1505/1369/1300
f  1113/978/1022 1505/1369/1300 1506/1370/1301
f  322/282/290 321/284/289 1250/1114/1103
f  322/282/290 1250/1114/1103 1244/1108/1099
f  364/307/328 363/306/327 1507/1371/1302
f  364/307/328 1507/1371/1302 1508/1372/1303
f  1110/975/1019 1109/974/1018 1509/1373/1111
f  1110/975/1019 1509/1373/1111 1510/1374/1085
f  285/104/253 284/104/252 1511/1034/577
f  285/104/253 1511/1034/577 1170/1034/1076
f  279/253/247 282/253/250 1171/1035/1077
f  279/253/247 1171/1035/1077 1512/1035/576
f  289/259/257 288/258/256 283/255/251
f  289/259/257 283/255/251 286/256/254
f  503/444/467 506/447/470 281/254/249
f  503/444/467 281/254/249 280/110/248
f  293/261/261 292/261/260 287/257/255
f  293/261/261 287/257/255 290/257/258
f  297/264/265 296/264/264 291/260/259
f  297/264/265 291/260/259 294/262/262
f  301/268/269 300/267/268 295/263/263
f  301/268/269 295/263/263 298/265/266
f  305/271/273 304/270/272 299/266/267
f  305/271/273 299/266/267 302/266/270
f  309/274/277 308/121/276 303/269/271
f  309/274/277 303/269/271 306/272/274
f  313/277/281 312/277/280 307/273/275
f  313/277/281 307/273/275 310/275/278
f  317/281/285 316/280/284 311/276/279
f  317/281/285 311/276/279 314/278/282
f  275/251/243 274/250/242 315/279/283
f  275/251/243 315/279/283 318/144/286
f  363/306/327 362/305/326 273/249/241
f  363/306/327 273/249/241 276/249/244
f  593/495/547 592/494/546 361/304/325
f  593/495/547 361/304/325 364/307/328
f  519/455/483 522/455/486 505/446/469
f  519/455/483 505/446/469 504/445/468
f  515/452/479 518/452/482 521/115/485
f  515/452/479 521/115/485 520/115/484
f  567/478/527 570/478/530 517/454/481
f  567/478/527 517/454/481 516/453/480
f  541/466/503 544/467/506 569/480/529
f  541/466/503 569/480/529 568/479/528
f  533/460/495 536/463/498 543/7/505
f  533/460/495 543/7/505 542/7/504
f  555/471/517 558/473/520 535/462/497
f  555/471/517 535/462/497 534/461/496
f  511/450/475 514/450/478 557/16/519
f  511/450/475 557/16/519 556/472/518
f  571/481/531 574/483/534 513/451/477
f  571/481/531 513/451/477 512/451/476
f  645/528/578 648/531/581 573/482/533
f  645/528/578 573/482/533 572/482/532
f  633/520/570 636/522/572 647/530/580
f  633/520/570 647/530/580 646/529/579
f  559/474/521 562/476/524 635/521/571
f  559/474/521 635/521/571 634/521/563
f  365/308/329 368/34/332 561/475/523
f  365/308/329 561/475/523 560/475/522
f  325/62/293 324/62/292 523/61/487
f  325/62/293 523/61/487 526/61/490
f  319/282/287 322/282/290 525/98/489
f  319/282/287 525/98/489 524/456/488
f  329/68/297 328/288/296 323/285/291
f  329/68/297 323/285/291 326/286/294
f  563/93/512 566/457/526 321/284/289
f  563/93/512 321/284/289 320/283/288
f  333/289/301 332/289/300 327/287/295
f  333/289/301 327/287/295 330/66/298
f  337/59/305 336/59/304 331/58/299
f  337/59/305 331/58/299 334/290/302
f  341/52/309 340/52/308 335/54/303
f  341/52/309 335/54/303 338/54/306
f  345/293/313 344/293/312 339/291/307
f  345/293/313 339/291/307 342/55/310
f  349/49/315 348/49/245 343/292/311
f  349/49/315 343/292/311 346/294/314
f  353/299/319 352/298/318 347/295/246
f  353/299/319 347/295/246 350/296/316
f  357/300/323 356/44/322 351/297/317
f  357/300/323 351/297/317 354/297/320
f  367/310/331 366/309/330 355/40/321
f  367/310/331 355/40/321 358/301/324
f  499/441/463 502/443/466 565/477/525
f  499/441/463 565/477/525 564/477/511
f  537/464/499 540/464/502 501/86/465
f  537/464/499 501/86/465 500/442/464
f  575/484/535 578/484/538 539/83/501
f  575/484/535 539/83/501 538/465/500
f  545/468/507 548/468/510 577/485/537
f  545/468/507 577/485/537 576/485/536
f  551/470/513 554/470/516 547/127/509
f  551/470/513 547/127/509 546/127/508
f  529/458/491 532/458/494 553/134/515
f  529/458/491 553/134/515 552/134/514
f  507/132/471 510/449/474 531/459/493
f  507/132/471 531/459/493 530/459/492
f  579/486/539 582/489/542 509/448/473
f  579/486/539 509/448/473 508/448/472
f  625/517/565 628/517/568 581/488/541
f  625/517/565 581/488/541 580/487/540
f  591/493/545 594/496/548 627/160/567
f  591/493/545 627/160/567 626/518/566
f  1511/1034/577 1512/1035/576 1171/1035/1077
f  1511/1034/577 1171/1035/1077 1170/1034/1076
f  245/230/223 244/230/223 1513/1375/1304
f  245/230/223 1513/1375/1304 1514/1376/1304
f  1515/1377/1305 1516/1377/1305 1517/1378/1306
f  1515/1377/1305 1517/1378/1306 1518/1378/1307
f  1519/244/238 268/244/238 267/243/237
f  1519/244/238 267/243/237 1520/243/237
f  1521/247/239 271/247/239 269/245/220
f  1521/247/239 269/245/220 1522/245/220
f  1523/1379/1308 1524/1379/1309 1525/1380/1310
f  1523/1379/1308 1525/1380/1310 1526/1380/1310
f  1527/1381/1311 1528/1381/1312 1529/1382/1313
f  1527/1381/1311 1529/1382/1313 1530/1383/1314
f  1526/1380/1310 1525/1380/1310 229/223/211
f  1526/1380/1310 229/223/211 232/223/211
f  1520/243/237 267/243/237 1531/1384/1315
f  1520/243/237 1531/1384/1315 1532/1384/1315
f  1533/1385/225 1534/1386/225 1535/1387/1316
f  1533/1385/225 1535/1387/1316 1285/1149/1132
f  1532/1384/1315 1531/1384/1315 1524/1379/1309
f  1532/1384/1315 1524/1379/1309 1523/1379/1308
f  1536/1388/1317 1537/1389/1317 1292/1156/1139
f  1536/1388/1317 1292/1156/1139 1538/1390/1318
f  1539/171/1319 1540/167/1320 1517/1378/1306
f  1539/171/1319 1517/1378/1306 1516/1377/1305
f  260/174/233 266/164/236 229/223/211
f  260/174/233 229/223/211 1525/1380/1310
f  239/180/218 1539/171/1319 1516/1377/1305
f  239/180/218 1516/1377/1305 1529/1382/1313
f  266/164/236 265/176/235 230/224/212
f  266/164/236 230/224/212 229/223/211
f  265/176/235 1541/182/1321 233/225/214
f  265/176/235 233/225/214 230/224/212
f  240/186/219 239/180/218 1529/1382/1313
f  240/186/219 1529/1382/1313 1528/1381/1312
f  250/192/226 240/186/219 1528/1381/1312
f  250/192/226 1528/1381/1312 1513/1375/1304
f  1541/182/1321 1542/188/1322 234/226/215
f  1541/182/1321 234/226/215 233/225/214
f  242/229/221 241/194/220 247/231/225
f  242/229/221 247/231/225 253/235/229
f  241/194/220 251/234/227 244/230/223
f  241/194/220 244/230/223 247/231/225
f  1542/188/1322 242/229/221 253/235/229
f  1542/188/1322 253/235/229 234/226/215
f  251/234/227 250/192/226 1513/1375/1304
f  251/234/227 1513/1375/1304 244/230/223
f  1543/198/1323 1544/203/1324 256/237/231
f  1543/198/1323 256/237/231 255/236/230
f  227/201/209 260/174/233 1525/1380/1310
f  227/201/209 1525/1380/1310 1524/1379/1309
f  1540/167/1320 1543/198/1323 255/236/230
f  1540/167/1320 255/236/230 1517/1378/1306
f  237/228/216 228/206/210 1531/1384/1315
f  237/228/216 1531/1384/1315 267/243/237
f  228/206/210 227/201/209 1524/1379/1309
f  228/206/210 1524/1379/1309 1531/1384/1315
f  1545/1391/1325 259/209/225 270/246/208
f  1545/1391/1325 270/246/208 272/248/240
f  259/209/225 237/228/216 267/243/237
f  259/209/225 267/243/237 270/246/208
f  1544/203/1324 1545/1391/1325 272/248/240
f  1544/203/1324 272/248/240 256/237/231
f  168/168/160 170/170/162 1546/1392/208
f  168/168/160 1546/1392/208 1547/1393/208
f  169/169/161 179/179/171 1548/1394/208
f  169/169/161 1548/1394/208 1549/1395/208
f  266/164/236 260/174/233 174/174/166
f  266/164/236 174/174/166 164/164/156
f  1550/1396/208 1551/1397/208 165/165/157
f  1550/1396/208 165/165/157 173/173/165
f  1542/188/1322 1541/182/1321 182/182/174
f  1542/188/1322 182/182/174 188/188/180
f  178/178/170 185/185/177 1552/1398/208
f  178/178/170 1552/1398/208 1553/1399/208
f  1541/182/1321 265/176/235 176/176/168
f  1541/182/1321 176/176/168 182/182/174
f  184/184/176 191/191/183 1554/1400/208
f  184/184/176 1554/1400/208 1555/1401/208
f  1556/1402/182 1557/1403/1326 1558/1404/185
f  1556/1402/182 1558/1404/185 1559/1405/1327
f  242/229/221 1542/188/1322 188/188/180
f  242/229/221 188/188/180 243/229/222
f  199/199/191 205/205/197 1560/1406/208
f  199/199/191 1560/1406/208 1561/1407/208
f  1540/167/1320 1539/171/1319 171/171/163
f  1540/167/1320 171/171/163 167/167/159
f  172/172/164 200/200/192 1562/1408/208
f  172/172/164 1562/1408/208 1563/1409/208
f  1544/203/1324 1543/198/1323 198/198/190
f  1544/203/1324 198/198/190 203/203/195
f  1545/1391/1325 1544/203/1324 203/203/195
f  1545/1391/1325 203/203/195 1564/1391/1328
f  207/207/199 1565/1410/1329 208/208/200
f  207/207/199 208/208/200 1566/1411/208
f  1539/171/1319 239/180/218 180/180/172
f  1539/171/1319 180/180/172 171/171/163
f  240/186/219 250/192/226 192/192/184
f  240/186/219 192/192/184 186/186/178
f  1543/198/1323 1540/167/1320 167/167/159
f  1543/198/1323 167/167/159 198/198/190
f  259/209/225 1545/1391/1325 1564/1391/1328
f  259/209/225 1564/1391/1328 209/209/201
f  1567/1412/208 1551/1397/208 1546/1392/208
f  1567/1412/208 1546/1392/208 1549/1395/208
f  248/232/208 1547/1393/208 1550/1396/208
f  248/232/208 1550/1396/208 1563/1409/208
f  223/219/208 1568/1413/208 1548/1394/208
f  223/219/208 1548/1394/208 1553/1399/208
f  224/220/208 1552/1398/208 1555/1401/208
f  224/220/208 1555/1401/208 225/221/208
f  1554/1400/208 1569/1414/1327 1570/1415/206
f  1554/1400/208 1570/1415/206 226/222/208
f  261/239/208 249/233/208 1562/1408/208
f  261/239/208 1562/1408/208 1561/1407/208
f  263/241/208 262/240/208 1560/1406/208
f  263/241/208 1560/1406/208 1566/1411/208
f  1567/1412/208 163/163/155 165/165/157
f  1567/1412/208 165/165/157 1551/1397/208
f  248/232/208 166/166/158 168/168/160
f  248/232/208 168/168/160 1547/1393/208
f  169/169/161 1549/1395/208 1546/1392/208
f  169/169/161 1546/1392/208 170/170/162
f  172/172/164 1563/1409/208 1550/1396/208
f  172/172/164 1550/1396/208 173/173/165
f  1547/1393/208 1546/1392/208 1551/1397/208
f  1547/1393/208 1551/1397/208 1550/1396/208
f  223/219/208 175/175/167 177/177/169
f  223/219/208 177/177/169 1568/1413/208
f  178/178/170 1553/1399/208 1548/1394/208
f  178/178/170 1548/1394/208 179/179/171
f  1549/1395/208 1548/1394/208 1568/1413/208
f  1549/1395/208 1568/1413/208 1567/1412/208
f  225/221/208 181/181/173 183/183/175
f  225/221/208 183/183/175 224/220/208
f  184/184/176 1555/1401/208 1552/1398/208
f  184/184/176 1552/1398/208 185/185/177
f  1555/1401/208 1554/1400/208 226/222/208
f  1555/1401/208 226/222/208 225/221/208
f  224/220/208 223/219/208 1553/1399/208
f  224/220/208 1553/1399/208 1552/1398/208
f  1570/1415/206 187/187/179 189/189/181
f  1570/1415/206 189/189/181 226/222/208
f  190/190/182 1569/1414/1327 1554/1400/208
f  190/190/182 1554/1400/208 191/191/183
f  195/195/187 1570/1415/206 1569/1414/1327
f  195/195/187 1569/1414/1327 193/193/185
f  261/239/208 197/197/189 196/196/188
f  261/239/208 196/196/188 249/233/208
f  199/199/191 1561/1407/208 1562/1408/208
f  199/199/191 1562/1408/208 200/200/192
f  1563/1409/208 1562/1408/208 249/233/208
f  1563/1409/208 249/233/208 248/232/208
f  263/241/208 202/202/194 204/204/196
f  263/241/208 204/204/196 262/240/208
f  207/207/199 1566/1411/208 1560/1406/208
f  207/207/199 1560/1406/208 205/205/197
f  262/240/208 261/239/208 1561/1407/208
f  262/240/208 1561/1407/208 1560/1406/208
f  1566/1411/208 208/208/200 210/210/200
f  1566/1411/208 210/210/200 263/241/208
f  170/170/162 168/168/160 167/167/159
f  170/170/162 167/167/159 171/171/163
f  173/173/165 165/165/157 164/164/156
f  173/173/165 164/164/156 174/174/166
f  179/179/171 169/169/161 171/171/163
f  179/179/171 171/171/163 180/180/172
f  163/163/155 177/177/169 176/176/168
f  163/163/155 176/176/168 164/164/156
f  175/175/167 183/183/175 182/182/174
f  175/175/167 182/182/174 176/176/168
f  185/185/177 178/178/170 180/180/172
f  185/185/177 180/180/172 186/186/178
f  191/191/183 184/184/176 186/186/178
f  191/191/183 186/186/178 192/192/184
f  188/188/180 182/182/174 181/181/173
f  188/188/180 181/181/173 189/189/181
f  194/194/186 243/229/222 1571/1416/207
f  194/194/186 1571/1416/207 195/195/187
f  252/234/228 194/194/186 193/193/185
f  252/234/228 193/193/185 1572/1417/1326
f  187/187/179 1571/1416/207 243/229/222
f  187/187/179 243/229/222 188/188/180
f  1572/1417/1326 190/190/182 192/192/184
f  1572/1417/1326 192/192/184 252/234/228
f  197/197/189 204/204/196 203/203/195
f  197/197/189 203/203/195 198/198/190
f  174/174/166 201/201/193 200/200/192
f  174/174/166 200/200/192 172/172/164
f  166/166/158 196/196/188 198/198/190
f  166/166/158 198/198/190 167/167/159
f  206/206/198 238/228/217 1565/1410/1329
f  206/206/198 1565/1410/1329 207/207/199
f  201/201/193 206/206/198 205/205/197
f  201/201/193 205/205/197 199/199/191
f  209/209/201 1564/1391/1328 264/242/234
f  209/209/201 264/242/234 210/210/200
f  238/228/217 209/209/201 208/208/200
f  238/228/217 208/208/200 1565/1410/1329
f  202/202/194 264/242/234 1564/1391/1328
f  202/202/194 1564/1391/1328 203/203/195
f  1567/1412/208 1568/1413/208 177/177/169
f  1567/1412/208 177/177/169 163/163/155
f  1573/1418/1330 1574/1418/1330 211/211/202
f  1573/1418/1330 211/211/202 214/211/202
f  1575/1419/1331 1576/1419/1331 1577/1420/1332
f  1575/1419/1331 1577/1420/1332 1578/1420/1332
f  1579/1421/220 1580/1422/220 1157/1021/1063
f  1579/1421/220 1157/1021/1063 1160/1024/1066
f  1581/1423/1333 1582/1423/1333 1574/1418/1330
f  1581/1423/1333 1574/1418/1330 1573/1418/1330
f  1578/1420/1332 1577/1420/1332 215/213/204
f  1578/1420/1332 215/213/204 218/213/204
f  1582/1423/1333 211/211/202 1574/1418/1330
f  211/211/202 1582/1423/1333 212/212/203
f  212/212/203 1582/1423/1333 216/214/205
f  212/212/203 216/214/205 1576/1419/1331
f  1576/1419/1331 216/214/205 1577/1420/1332
f  1577/1420/1332 216/214/205 215/213/204
f  1581/1423/1333 216/214/205 1582/1423/1333
f  216/214/205 1581/1423/1333 217/214/205
f  217/214/205 1583/1424/225 1584/1425/225
f  246/231/224 253/235/229 247/231/225
f  253/235/229 246/231/224 254/235/229
f  254/235/229 246/231/224 1585/1426/225
f  254/235/229 1585/1426/225 1586/1427/225
f  255/236/230 1518/1378/1307 1517/1378/1306
f  1518/1378/1307 255/236/230 1587/1428/1334
f  1587/1428/1334 255/236/230 258/236/232
f  271/247/239 1588/1429/240 272/248/240
f  1588/1429/240 271/247/239 1589/1430/1335
f  1589/1430/1335 271/247/239 1521/247/239
f  272/248/240 257/238/231 256/237/231
f  257/238/231 272/248/240 1590/1431/1336
f  1590/1431/1336 272/248/240 1588/1429/240
f  1263/1127/522 153/153/148 149/149/145
f  153/153/148 1263/1127/522 155/155/148
f  155/155/148 1357/1221/521 157/157/149
f  1357/1221/521 155/155/148 1263/1127/522
f  1535/1387/1316 1536/1388/1317 1538/1390/1318
f  1536/1388/1317 1535/1387/1316 1591/1432/1304
f  1591/1432/1304 1535/1387/1316 1592/1433/223
f  1592/1433/223 1535/1387/1316 1593/1434/224
f  1593/1434/224 1535/1387/1316 1534/1386/225
f  1276/1140/1124 1533/1385/225 1285/1149/1132
f  1533/1385/225 1276/1140/1124 1594/1435/229
f  1594/1435/229 1276/1140/1124 1595/1436/215
f  1595/1436/215 1276/1140/1124 1596/1437/214
f  1596/1437/214 1276/1140/1124 1597/1438/213
f  1597/1438/213 1276/1140/1124 1598/1439/211
f  1598/1439/211 1276/1140/1124 1599/1440/1310
f  1600/1441/238 1134/998/1040 1284/1148/1131
f  1134/998/1040 1600/1441/238 1130/994/1036
f  1130/994/1036 1600/1441/238 1601/1442/237
f  1130/994/1036 1601/1442/237 1602/1443/1315
f  1130/994/1036 1602/1443/1315 1603/1444/1308
f  1130/994/1036 1603/1444/1308 1599/1440/1310
f  1130/994/1036 1599/1440/1310 1276/1140/1124
f  1292/1156/1139 1604/1445/1337 1293/1157/1140
f  1604/1445/1337 1292/1156/1139 1605/1446/1314
f  1605/1446/1314 1292/1156/1139 1606/1447/1311
f  1606/1447/1311 1292/1156/1139 1537/1389/1317
f  1308/1172/1155 90/90/86 1309/1173/1156
f  90/90/86 1308/1172/1155 87/87/83
f  87/87/83 1308/1172/1155 84/84/80
f  84/84/80 1308/1172/1155 1315/1179/1161
f  1309/1173/1156 90/90/86 92/92/88
f  84/84/80 1315/1179/1161 77/77/73
f  77/77/73 1315/1179/1161 128/128/124
f  128/128/124 1315/1179/1161 135/135/131
f  135/135/131 1315/1179/1161 131/131/127
f  131/131/127 1315/1179/1161 140/140/136
f  140/140/136 1315/1179/1161 146/146/142
f  146/146/142 1315/1179/1161 161/161/153
f  161/161/153 1315/1179/1161 159/159/151
f  159/159/151 1315/1179/1161 156/156/147
f  1309/1173/1156 65/65/61 1314/1178/1160
f  65/65/61 1309/1173/1156 69/69/65
f  69/69/65 1309/1173/1156 63/63/59
f  63/63/59 1309/1173/1156 99/99/95
f  99/99/95 1309/1173/1156 92/92/88
f  1314/1178/1160 65/65/61 60/60/56
f  1314/1178/1160 60/60/56 53/53/49
f  1314/1178/1160 53/53/49 57/57/53
f  1314/1178/1160 57/57/53 50/50/46
f  1314/1178/1160 50/50/46 48/48/44
f  1314/1178/1160 48/48/44 45/45/41
f  1314/1178/1160 45/45/41 42/42/38
f  1314/1178/1160 42/42/38 36/36/35
f  1314/1178/1160 36/36/35 31/31/31
f  1331/1195/1177 152/152/147 1359/1223/1201
f  152/152/147 1331/1195/1177 150/150/146
f  150/150/146 1331/1195/1177 143/143/139
f  143/143/139 1331/1195/1177 137/137/133
f  137/137/133 1331/1195/1177 125/125/121
f  125/125/121 1331/1195/1177 122/122/118
f  122/122/118 1331/1195/1177 74/74/70
f  74/74/70 1331/1195/1177 72/72/68
f  72/72/68 1331/1195/1177 81/81/77
f  81/81/77 1331/1195/1177 96/96/92
f  96/96/92 1331/1195/1177 102/102/98
f  102/102/98 1331/1195/1177 105/105/101
f  105/105/101 1331/1195/1177 107/107/103
f  107/107/103 1331/1195/1177 111/111/107
f  29/29/29 1322/1186/1168 37/37/31
f  1322/1186/1168 29/29/29 1330/1194/1176
f  1330/1194/1176 29/29/29 26/26/26
f  1330/1194/1176 26/26/26 23/23/23
f  1330/1194/1176 23/23/23 20/20/20
f  1330/1194/1176 20/20/20 17/17/17
f  1330/1194/1176 17/17/17 11/11/11
f  1330/1194/1176 11/11/11 8/8/8
f  1330/1194/1176 8/8/8 15/15/15
f  1330/1194/1176 15/15/15 119/119/115
f  1330/1194/1176 119/119/115 116/116/112
f  1330/1194/1176 116/116/112 113/113/109
f  1330/1194/1176 113/113/109 111/111/107
f  1330/1194/1176 111/111/107 1331/1195/1177
f  1329/1193/1175 1607/1448/1330 1154/1018/1060
f  1607/1448/1330 1329/1193/1175 1335/1199/1179
f  1607/1448/1330 1335/1199/1179 1608/1449/1333
f  1608/1449/1333 1335/1199/1179 1334/1198/225
f  1154/1018/1060 1609/1450/202 1160/1024/1066
f  1609/1450/202 1154/1018/1060 1607/1448/1330
f  1160/1024/1066 1609/1450/202 1610/1451/203
f  1160/1024/1066 1610/1451/203 1579/1421/220
f  1332/1196/1178 1611/1452/205 1333/1197/225
f  1611/1452/205 1332/1196/1178 1342/1206/1186
f  1611/1452/205 1342/1206/1186 1612/1453/204
f  1612/1453/204 1342/1206/1186 1613/1454/1332
f  1614/1455/1331 1157/1021/1063 1580/1422/220
f  1157/1021/1063 1614/1455/1331 1163/1027/1069
f  1163/1027/1069 1614/1455/1331 1613/1454/1332
f  1163/1027/1069 1613/1454/1332 1342/1206/1186
f  1264/1128/326 32/32/32 35/35/34
f  32/32/32 1264/1128/326 39/39/32
f  39/39/32 1358/1222/325 30/30/30
f  1358/1222/325 39/39/32 1264/1128/326
f  1615/1456/240 1137/1001/1043 1616/1457/1336
f  1137/1001/1043 1615/1456/240 1138/1002/1044
f  1138/1002/1044 1615/1456/240 1617/1458/1335
f  1293/1157/1140 1618/1459/1305 413/355/377
f  1618/1459/1305 1293/1157/1140 1604/1445/1337
f  413/355/377 1619/1460/1307 414/356/378
f  1619/1460/1307 413/355/377 1618/1459/1305
f  414/356/378 1619/1460/1307 1620/1461/1334
f  414/356/378 1620/1461/1334 1141/1005/1047
f  1621/1462/239 1138/1002/1044 1617/1458/1335
f  1138/1002/1044 1621/1462/239 1133/997/1039
f  1133/997/1039 1621/1462/239 1622/1463/220
f  1133/997/1039 1622/1463/220 1283/1147/220
f  1528/1381/1312 1514/1376/1304 1513/1375/1304
f  1514/1376/1304 1528/1381/1312 1623/1464/1317
f  1623/1464/1317 1528/1381/1312 1624/1465/1317
f  1624/1465/1317 1528/1381/1312 1527/1381/1311
f  1516/1377/1305 1530/1383/1314 1529/1382/1313
f  1530/1383/1314 1516/1377/1305 1625/1466/1337
f  1625/1466/1337 1516/1377/1305 1515/1377/1305
f  1626/1467/232 1141/1005/1047 1620/1461/1334
f  1141/1005/1047 1626/1467/232 1137/1001/1043
f  1137/1001/1043 1626/1467/232 1627/1468/231
f  1137/1001/1043 1627/1468/231 1616/1457/1336
f  1519/244/238 269/245/220 268/244/238
f  269/245/220 1519/244/238 1522/245/220
f  1522/245/220 1519/244/238 1628/1469/1131
f  1522/245/220 1628/1469/1131 1629/1470/220
f  1575/1419/1331 212/212/203 1576/1419/1331
f  212/212/203 1575/1419/1331 213/212/203
f  213/212/203 1575/1419/1331 1630/1471/220
f  213/212/203 1630/1471/220 1631/1472/220

# Mesh 'Cube_side_0' with 700 faces
g Cube_side_0
usemtl side
f  1632/1473/1154 1633/1474/1338 1634/1475/399
f  1635/1476/1151 1636/1477/403 1637/1478/1339
f  1638/1479/1149 1639/1480/400 1640/1481/1340
f  1641/1482/1199 1642/1483/459 1643/1484/1341
f  1644/1485/1342 1645/1486/1343 1646/1487/462
f  1647/1488/1198 1648/1489/1344 1649/1490/458
f  1650/1491/1030 1651/1492/1345 1652/1493/1346
f  1650/1491/1030 1652/1493/1346 1653/1494/1031
f  1654/1495/1113 1655/1496/1027 1656/1497/1347
f  1654/1495/1113 1656/1497/1347 1657/1498/1348
f  1658/1499/1028 1653/1494/1031 1659/1500/1346
f  1658/1499/1028 1659/1500/1346 1660/1501/1349
f  1661/1502/1026 1662/1503/1350 1656/1497/1347
f  1661/1502/1026 1656/1497/1347 1655/1496/1027
f  1663/1504/1134 1664/1505/1351 1665/1506/1352
f  1663/1504/1134 1665/1506/1352 1666/1507/1127
f  1667/1508/1353 1668/1509/1354 1669/1510/1355
f  1667/1508/1353 1669/1510/1355 1670/1511/1122
f  1671/1512/1128 1672/1513/1356 1673/1514/1357
f  1671/1512/1128 1673/1514/1357 1674/1515/1358
f  1675/1516/1126 1676/1517/1359 1677/1518/1360
f  1675/1516/1126 1677/1518/1360 1678/1519/1361
f  1679/1520/1362 1680/1521/1363 1681/1522/1364
f  1679/1520/1362 1681/1522/1364 1682/1523/1125
f  1683/1524/1365 1684/1525/1366 1685/1526/1367
f  1683/1524/1365 1685/1526/1367 1686/1527/1133
f  1687/1528/1368 1688/1529/1369 1689/1530/1370
f  1687/1528/1368 1689/1530/1370 1690/1531/1141
f  1691/1532/1371 1692/1533/1372 1693/1534/1373
f  1691/1532/1371 1693/1534/1373 1694/1535/1374
f  1695/1536/1142 1696/1537/1375 1697/1538/1376
f  1695/1536/1142 1697/1538/1376 1698/1539/1377
f  1699/1540/1138 1700/1541/1378 1701/1542/1379
f  1699/1540/1138 1701/1542/1379 1702/1543/1380
f  1703/1544/1146 1704/1545/1381 1705/1546/1382
f  1703/1544/1146 1705/1546/1382 1706/1547/1383
f  1707/1548/1384 1708/1549/1385 1709/1550/1386
f  1707/1548/1384 1709/1550/1386 1710/1551/1137
f  1711/1552/1387 1712/1553/1388 1713/1554/1389
f  1711/1552/1387 1713/1554/1389 1714/1555/1390
f  1715/1556/1391 1716/1557/3 1717/1558/2
f  1715/1556/1391 1717/1558/2 1718/1559/1392
f  1719/1560/1152 1720/1561/1393 1721/1562/1394
f  1719/1560/1152 1721/1562/1394 1722/1563/1395
f  1723/1564/1165 1724/1565/1396 1725/1566/1397
f  1723/1564/1165 1725/1566/1397 1726/1567/1157
f  1727/1568/1150 1728/1569/1398 1729/1570/1399
f  1727/1568/1150 1729/1570/1399 1730/1571/1145
f  1731/1572/1172 1732/1573/1400 1733/1574/1401
f  1731/1572/1172 1733/1574/1401 1734/1575/1164
f  1735/1576/1123 1736/1577/1402 1737/1578/1403
f  1735/1576/1123 1737/1578/1403 1738/1579/1116
f  1739/1580/1404 1740/1581/1405 1741/1582/1406
f  1739/1580/1404 1741/1582/1406 1742/1583/1118
f  1743/1584/1054 1744/1585/1407 1745/1586/1408
f  1743/1584/1054 1745/1586/1408 1746/1587/1055
f  1747/1588/1056 1748/1589/1409 1749/1590/1410
f  1747/1588/1056 1749/1590/1410 1750/1591/1057
f  1751/1592/1188 1752/1593/1411 1753/1594/1412
f  1751/1592/1188 1753/1594/1412 1754/1595/1182
f  1755/1596/1058 1756/1597/1413 1757/1598/1414
f  1755/1596/1058 1757/1598/1414 1758/1599/1059
f  1759/1600/1183 1760/1601/1415 1761/1602/1416
f  1759/1600/1183 1761/1602/1416 1762/1603/1417
f  1763/1604/1061 1764/1605/1418 1765/1606/1419
f  1763/1604/1061 1765/1606/1419 1766/1607/1062
f  1767/1608/1064 1768/1609/1420 1769/1610/1421
f  1767/1608/1064 1769/1610/1421 1770/1611/1065
f  1771/1612/1422 1772/1613/1423 1773/1614/1424
f  1771/1612/1422 1773/1614/1424 1774/1615/1187
f  1775/1616/1425 1776/1617/1426 1777/1618/1427
f  1775/1616/1425 1777/1618/1427 1778/1619/1193
f  1779/1620/1067 1780/1621/1428 1781/1622/1429
f  1779/1620/1067 1781/1622/1429 1782/1623/1068
f  1783/1624/1194 1784/1625/1430 1785/1626/1431
f  1783/1624/1194 1785/1626/1431 1786/1627/1432
f  1787/1628/1070 1788/1629/1433 1789/1630/1434
f  1787/1628/1070 1789/1630/1434 1790/1631/1071
f  1791/1632/1074 1792/1633/1435 1793/1634/1436
f  1791/1632/1074 1793/1634/1436 1794/1635/1075
f  1795/1636/1072 1796/1637/1437 1797/1638/1438
f  1795/1636/1072 1797/1638/1438 1798/1639/1073
f  1799/1640/1200 1800/1641/1439 1801/1642/1440
f  1799/1640/1200 1801/1642/1440 1802/1643/1441
f  1803/1644/1341 1804/1645/1442 1805/1646/1443
f  1803/1644/1341 1805/1646/1443 1641/1482/1199
f  1806/1647/1444 1807/1648/1445 1808/1649/1446
f  1806/1647/1444 1808/1649/1446 1809/1650/1171
f  1810/1651/1119 1811/1652/1447 1812/1653/1448
f  1810/1651/1119 1812/1653/1448 1813/1654/1114
f  1814/1655/1120 1815/1656/342 1816/1657/336
f  1814/1655/1120 1816/1657/336 1817/1658/1113
f  1818/1659/1119 1819/1660/1114 1820/1661/404
f  1818/1659/1119 1820/1661/404 1821/1662/337
f  1822/1663/1158 1823/1664/354 1824/1665/405
f  1822/1663/1158 1824/1665/405 1825/1666/1115
f  1735/1576/1123 1826/1667/1116 1827/1668/333
f  1735/1576/1123 1827/1668/333 1828/1669/341
f  1829/1670/1449 1830/1671/346 1831/1672/334
f  1829/1670/1449 1831/1672/334 1832/1673/1117
f  1833/1674/1450 1834/1675/358 1835/1676/343
f  1833/1674/1450 1835/1676/343 1836/1677/1121
f  1739/1580/1404 1837/1678/1118 1838/1679/340
f  1739/1580/1404 1838/1679/340 1839/1680/349
f  1667/1508/1353 1840/1681/1122 1841/1682/344
f  1667/1508/1353 1841/1682/344 1842/1683/357
f  1843/1684/1129 1844/1685/366 1845/1686/359
f  1843/1684/1129 1845/1686/359 1846/1687/1451
f  1671/1512/1128 1847/1688/1358 1848/1689/352
f  1671/1512/1128 1848/1689/352 1849/1690/369
f  1675/1516/1126 1850/1691/1361 1851/1692/360
f  1675/1516/1126 1851/1692/360 1852/1693/365
f  1853/1694/1135 1854/1695/362 1855/1696/367
f  1853/1694/1135 1855/1696/367 1856/1697/1130
f  1857/1698/1134 1858/1699/1127 1859/1700/372
f  1857/1698/1134 1859/1700/372 1860/1701/1124
f  1679/1520/1362 1861/1702/1125 1862/1703/368
f  1679/1520/1362 1862/1703/368 1863/1704/361
f  1864/1705/1452 1865/1706/374 1866/1707/363
f  1864/1705/1452 1866/1707/363 1867/1708/1136
f  1683/1524/1365 1868/1709/1133 1869/1710/1132
f  1683/1524/1365 1869/1710/1132 1870/1711/1316
f  1691/1532/1371 1871/1712/1374 1872/1713/364
f  1691/1532/1371 1872/1713/364 1873/1714/373
f  1874/1715/1143 1875/1716/382 1876/1717/375
f  1874/1715/1143 1876/1717/375 1877/1718/1453
f  1695/1536/1142 1878/1719/1377 1879/1720/1318
f  1695/1536/1142 1879/1720/1318 1880/1721/1139
f  1699/1540/1138 1881/1722/1380 1882/1723/376
f  1699/1540/1138 1882/1723/376 1883/1724/381
f  1884/1725/1454 1885/1726/386 1886/1727/383
f  1884/1725/1454 1886/1727/383 1887/1728/1144
f  1687/1528/1368 1690/1531/1141 1888/1729/1140
f  1687/1528/1368 1888/1729/1140 1889/1730/377
f  1707/1548/1384 1710/1551/1137 1890/1731/384
f  1707/1548/1384 1890/1731/384 1891/1732/385
f  1892/1733/1147 1893/1734/390 1894/1735/387
f  1892/1733/1147 1894/1735/387 1895/1736/1455
f  1711/1552/1387 1896/1737/1390 1897/1738/380
f  1711/1552/1387 1897/1738/380 1898/1739/393
f  1703/1544/1146 1899/1740/1383 1900/1741/388
f  1703/1544/1146 1900/1741/388 1901/1742/389
f  1902/1743/1153 1903/1744/398 1904/1745/391
f  1902/1743/1153 1904/1745/391 1905/1746/1148
f  1719/1560/1152 1906/1747/1395 1907/1748/396
f  1719/1560/1152 1907/1748/396 1908/1749/401
f  1727/1568/1150 1909/1750/1145 1910/1751/392
f  1727/1568/1150 1910/1751/392 1911/1752/397
f  1723/1564/1165 1912/1753/1157 1913/1754/348
f  1723/1564/1165 1913/1754/348 1914/1755/1156
f  1915/1756/1166 1916/1757/411 1917/1758/355
f  1915/1756/1166 1917/1758/355 1918/1759/1159
f  1919/1760/1162 1920/1761/1155 1921/1762/347
f  1919/1760/1162 1921/1762/347 1922/1763/1456
f  1731/1572/1172 1923/1764/1164 1924/1765/1160
f  1731/1572/1172 1924/1765/1160 1925/1766/418
f  1926/1767/1173 1927/1768/421 1928/1769/412
f  1926/1767/1173 1928/1769/412 1929/1770/1167
f  1930/1771/1169 1931/1772/408 1932/1773/1161
f  1930/1771/1169 1932/1773/1161 1933/1774/1163
f  1806/1647/1444 1934/1775/1171 1935/1776/419
f  1806/1647/1444 1935/1776/419 1936/1777/1168
f  1937/1778/1457 1938/1779/415 1939/1780/422
f  1937/1778/1457 1939/1780/422 1940/1781/1174
f  1941/1782/1458 1942/1783/1201 1943/1784/409
f  1941/1782/1458 1943/1784/409 1944/1785/1170
f  1759/1600/1183 1945/1786/1417 1946/1787/1176
f  1759/1600/1183 1946/1787/1176 1947/1788/428
f  1948/1789/1184 1949/1790/1175 1950/1791/416
f  1948/1789/1184 1950/1791/416 1951/1792/1459
f  1952/1793/1180 1953/1794/429 1954/1795/1177
f  1952/1793/1180 1954/1795/1177 1955/1796/1460
f  1751/1592/1188 1956/1797/1182 1957/1798/431
f  1751/1592/1188 1957/1798/431 1958/1799/424
f  1959/1800/1189 1960/1801/1178 1961/1802/1179
f  1959/1800/1189 1961/1802/1179 1962/1803/1185
f  1963/1804/1461 1964/1805/425 1965/1806/430
f  1963/1804/1461 1965/1806/430 1966/1807/1181
f  1771/1612/1422 1967/1808/1187 1968/1809/427
f  1771/1612/1422 1968/1809/427 1969/1810/436
f  1970/1811/1462 1971/1812/433 1972/1813/1186
f  1970/1811/1462 1972/1813/1186 1973/1814/1190
f  1974/1815/1463 1975/1816/437 1976/1817/426
f  1974/1815/1463 1976/1817/426 1977/1818/1464
f  1783/1624/1194 1978/1819/1432 1979/1820/439
f  1783/1624/1194 1979/1820/439 1980/1821/444
f  1981/1822/1195 1982/1823/449 1983/1824/434
f  1981/1822/1195 1983/1824/434 1984/1825/1465
f  1985/1826/1191 1986/1827/445 1987/1828/438
f  1985/1826/1191 1987/1828/438 1988/1829/1466
f  1775/1616/1425 1778/1619/1193 1989/1830/447
f  1775/1616/1425 1989/1830/447 1990/1831/452
f  1991/1832/1467 1992/1833/441 1993/1834/450
f  1991/1832/1467 1993/1834/450 1994/1835/1196
f  1995/1836/1468 1996/1837/453 1997/1838/446
f  1995/1836/1468 1997/1838/446 1998/1839/1192
f  1799/1640/1200 1999/1840/1441 2000/1841/455
f  1799/1640/1200 2000/1841/455 2001/1842/456
f  2002/1843/1469 2003/1844/461 2004/1845/442
f  2002/1843/1469 2004/1845/442 2005/1846/1470
f  2006/1847/1197 2007/1848/457 2008/1849/454
f  2006/1847/1197 2008/1849/454 2009/1850/1471
f  2010/1851/1447 1810/1651/1119 1742/1583/1118
f  2010/1851/1447 1742/1583/1118 1741/1582/1406
f  1662/1503/1350 1661/1502/1026 1726/1567/1157
f  1662/1503/1350 1726/1567/1157 2011/1852/1397
f  2012/1853/1031 2013/1854/1028 2014/1855/407
f  2012/1853/1031 2014/1855/407 2015/1856/406
f  1736/1577/1402 1735/1576/1123 1670/1511/1122
f  1736/1577/1402 1670/1511/1122 1669/1510/1355
f  2016/1857/1345 1650/1491/1030 1746/1587/1055
f  2016/1857/1345 1746/1587/1055 2017/1858/1408
f  1740/1581/1405 1739/1580/1404 1674/1515/1358
f  1740/1581/1405 1674/1515/1358 2018/1859/1357
f  1668/1509/1354 1667/1508/1353 1678/1519/1361
f  1668/1509/1354 1678/1519/1361 2019/1860/1360
f  1672/1513/1356 1671/1512/1128 1666/1507/1127
f  1672/1513/1356 1666/1507/1127 2020/1861/1352
f  2021/1862/1359 1675/1516/1126 1682/1523/1125
f  2021/1862/1359 1682/1523/1125 2022/1863/1364
f  1833/1674/1450 2023/1864/1451 2024/1865/359
f  1833/1674/1450 2024/1865/359 1834/1675/358
f  1678/1519/1361 1667/1508/1353 1842/1683/357
f  1678/1519/1361 1842/1683/357 2025/1866/360
f  2026/1867/1033 2027/1868/1034 2028/1869/351
f  2026/1867/1033 2028/1869/351 2029/1870/350
f  1674/1515/1358 1739/1580/1404 1839/1680/349
f  1674/1515/1358 1839/1680/349 2030/1871/352
f  2031/1872/1351 1663/1504/1134 1686/1527/1133
f  2031/1872/1351 1686/1527/1133 2032/1873/1367
f  2033/1874/1363 1679/1520/1362 1694/1535/1374
f  2033/1874/1363 1694/1535/1374 2034/1875/1373
f  2035/1876/1366 1683/1524/1365 1698/1539/1377
f  2035/1876/1366 1698/1539/1377 1697/1538/1376
f  2036/1877/1372 1691/1532/1371 1702/1543/1380
f  2036/1877/1372 1702/1543/1380 1701/1542/1379
f  1694/1535/1374 1679/1520/1362 1863/1704/361
f  1694/1535/1374 1863/1704/361 2037/1878/364
f  2038/1879/1038 2039/1880/1041 2040/1881/1040
f  2038/1879/1038 2040/1881/1040 2041/1882/1036
f  1696/1537/1375 1695/1536/1142 2042/1883/1141
f  1696/1537/1375 2042/1883/1141 2043/1884/1370
f  2044/1885/1378 1699/1540/1138 2045/1886/1137
f  2044/1885/1378 2045/1886/1137 2046/1887/1386
f  1864/1705/1452 2047/1888/1453 2048/1889/375
f  1864/1705/1452 2048/1889/375 1865/1706/374
f  1702/1543/1380 1691/1532/1371 1873/1714/373
f  1702/1543/1380 1873/1714/373 2049/1890/376
f  2050/1891/1042 2051/1892/1045 2052/1893/1044
f  2050/1891/1042 2052/1893/1044 2053/1894/1039
f  1698/1539/1377 1683/1524/1365 1870/1711/1316
f  1698/1539/1377 1870/1711/1316 2054/1895/1318
f  1688/1529/1369 1687/1528/1368 1714/1555/1390
f  1688/1529/1369 1714/1555/1390 1713/1554/1389
f  2055/1896/1385 1707/1548/1384 1706/1547/1383
f  2055/1896/1385 1706/1547/1383 1705/1546/1382
f  2056/1897/1388 1711/1552/1387 1722/1563/1395
f  2056/1897/1388 1722/1563/1395 1721/1562/1394
f  1704/1545/1381 1703/1544/1146 1730/1571/1145
f  1704/1545/1381 1730/1571/1145 1729/1570/1399
f  1884/1725/1454 2057/1898/1455 2058/1899/387
f  1884/1725/1454 2058/1899/387 1885/1726/386
f  1706/1547/1383 1707/1548/1384 1891/1732/385
f  1706/1547/1383 1891/1732/385 2059/1900/388
f  2060/1901/1049 2061/1902/1050 2062/1903/379
f  2060/1901/1049 2062/1903/379 2063/1904/378
f  1714/1555/1390 1687/1528/1368 1889/1730/377
f  1714/1555/1390 1889/1730/377 2064/1905/380
f  2065/1906/1393 1719/1560/1152 1635/1476/1151
f  2065/1906/1393 1635/1476/1151 2066/1907/1472
f  1728/1569/1398 1727/1568/1150 1638/1479/1149
f  1728/1569/1398 1638/1479/1149 2067/1908/1473
f  2068/1909/1051 2069/1910/1052 2070/1911/395
f  2068/1909/1051 2070/1911/395 2071/1912/394
f  1722/1563/1395 1711/1552/1387 1898/1739/393
f  1722/1563/1395 1898/1739/393 2072/1913/396
f  2073/1914/1339 1716/1557/3 1715/1556/1391
f  2073/1914/1339 1715/1556/1391 2074/1915/1474
f  1716/1557/3 2073/1914/1339 2075/1916/403
f  1716/1557/3 2075/1916/403 2076/1917/1
f  2077/1918/1340 2078/1919/1475 2067/1908/1473
f  2077/1918/1340 2067/1908/1473 1638/1479/1149
f  2079/1920/1338 2077/1918/1340 2080/1921/400
f  2079/1920/1338 2080/1921/400 2081/1922/399
f  1724/1565/1396 1723/1564/1165 1734/1575/1164
f  1724/1565/1396 1734/1575/1164 2082/1923/1401
f  1744/1585/1407 1743/1584/1054 1750/1591/1057
f  1744/1585/1407 1750/1591/1057 1749/1590/1410
f  1829/1670/1449 2083/1924/1456 2084/1925/347
f  1829/1670/1449 2084/1925/347 1830/1671/346
f  2085/1926/1055 2086/1927/1030 2087/1928/353
f  2085/1926/1055 2087/1928/353 2088/1929/356
f  2089/1930/1400 1731/1572/1172 1809/1650/1171
f  2089/1930/1400 1809/1650/1171 1808/1649/1446
f  2090/1931/1409 1747/1588/1056 1758/1599/1059
f  2090/1931/1409 1758/1599/1059 1757/1598/1414
f  2091/1932/1445 1806/1647/1444 1762/1603/1417
f  2091/1932/1445 1762/1603/1417 1761/1602/1416
f  2092/1597/1413 1755/1596/1058 1766/1607/1062
f  2092/1597/1413 1766/1607/1062 1765/1606/1419
f  2093/1933/1415 1759/1600/1183 1754/1595/1182
f  2093/1933/1415 1754/1595/1182 2094/1934/1412
f  2095/1935/1418 1763/1604/1061 1770/1611/1065
f  2095/1935/1418 1770/1611/1065 2096/1936/1421
f  1941/1782/1458 2097/1937/1460 2098/1938/1177
f  1941/1782/1458 2098/1938/1177 1942/1783/1201
f  1762/1603/1417 1806/1647/1444 1936/1777/1168
f  1762/1603/1417 1936/1777/1168 2099/1939/1176
f  1937/1778/1457 2100/1940/1459 2101/1941/416
f  1937/1778/1457 2101/1941/416 1938/1779/415
f  2102/1942/1062 2103/1943/1058 2104/1944/414
f  2102/1942/1062 2104/1944/414 2105/1945/417
f  1752/1593/1411 1751/1592/1188 1774/1615/1187
f  1752/1593/1411 1774/1615/1187 2106/1946/1424
f  1768/1609/1420 1767/1608/1064 1782/1623/1068
f  1768/1609/1420 1782/1623/1068 1781/1622/1429
f  1772/1613/1423 1771/1612/1422 1786/1627/1432
f  1772/1613/1423 1786/1627/1432 1785/1626/1431
f  2107/1947/1428 1779/1620/1067 1790/1631/1071
f  2107/1947/1428 1790/1631/1071 1789/1630/1434
f  1963/1804/1461 2108/1948/1464 2109/1949/426
f  1963/1804/1461 2109/1949/426 1964/1805/425
f  2110/1950/1068 2111/1951/1064 2112/1952/1063
f  2110/1950/1068 2112/1952/1063 2113/1953/1069
f  2114/1954/1430 1783/1624/1194 2115/1955/1193
f  2114/1954/1430 2115/1955/1193 2116/1956/1427
f  2117/1629/1433 1787/1628/1070 2118/1957/1073
f  2117/1629/1433 2118/1957/1073 2119/1958/1438
f  1974/1815/1463 2120/1959/1466 2121/1960/438
f  1974/1815/1463 2121/1960/438 1975/1816/437
f  1786/1627/1432 1771/1612/1422 1969/1810/436
f  1786/1627/1432 1969/1810/436 2122/1961/439
f  1970/1811/1462 2123/1962/1465 2124/1963/434
f  1970/1811/1462 2124/1963/434 1971/1812/433
f  2125/1964/1071 2126/1965/1067 2127/1966/432
f  2125/1964/1071 2127/1966/432 2128/1967/435
f  1776/1617/1426 1775/1616/1425 1802/1643/1441
f  1776/1617/1426 1802/1643/1441 1801/1642/1440
f  2129/1968/1437 1795/1636/1072 1794/1635/1075
f  2129/1968/1437 1794/1635/1075 1793/1634/1436
f  1800/1641/1439 1799/1640/1200 1641/1482/1199
f  1800/1641/1439 1641/1482/1199 1805/1646/1443
f  1792/1633/1435 1791/1632/1074 2130/1969/6
f  1792/1633/1435 2130/1969/6 2131/1970/1476
f  1995/1836/1468 2132/1971/1471 2133/1972/454
f  1995/1836/1468 2133/1972/454 1996/1837/453
f  1802/1643/1441 1775/1616/1425 1990/1831/452
f  1802/1643/1441 1990/1831/452 2134/1973/455
f  1991/1832/1467 2135/1974/1470 2136/1975/442
f  1991/1832/1467 2136/1975/442 1992/1833/441
f  2137/1976/1075 2138/1977/1072 2139/1978/440
f  2137/1976/1075 2139/1978/440 2140/1979/443
f  2141/1980/1477 2142/1981/1442 1803/1644/1341
f  2141/1980/1477 1803/1644/1341 2143/1982/1344
f  2144/1983/1343 2145/1984/5 2146/1985/4
f  2144/1983/1343 2146/1985/4 2147/1986/462
f  2145/1984/5 2148/1987/1478 2131/1970/1476
f  2145/1984/5 2131/1970/1476 2130/1969/6
f  2143/1982/1344 1803/1644/1341 2149/1988/459
f  2143/1982/1344 2149/1988/459 2150/1989/458
f  2002/1843/1469 1644/1485/1342 1646/1487/462
f  2002/1843/1469 1646/1487/462 2003/1844/461
f  2151/1990/6 2152/1991/1074 2153/1992/460
f  2151/1990/6 2153/1992/460 2154/1993/4
f  2141/1980/1477 2143/1982/1344 1647/1488/1198
f  2141/1980/1477 1647/1488/1198 2155/1994/1479
f  2145/1984/5 2144/1983/1343 2156/1995/1480
f  2145/1984/5 2156/1995/1480 2157/1996/1478
f  2006/1847/1197 2158/1997/1481 2159/1994/1479
f  2006/1847/1197 2159/1994/1479 1647/1488/1198
f  2002/1843/1469 2160/1998/1482 2161/1999/1483
f  2002/1843/1469 2161/1999/1483 1644/1485/1342
f  1995/1836/1468 2162/2000/1484 2163/2001/1485
f  1995/1836/1468 2163/2001/1485 2132/1971/1471
f  1991/1832/1467 2164/2002/1486 2165/2003/1487
f  1991/1832/1467 2165/2003/1487 2135/1974/1470
f  1985/1826/1191 2166/2004/1488 2167/2005/1489
f  1985/1826/1191 2167/2005/1489 2168/2006/1192
f  1981/1822/1195 2169/2007/1490 2170/2008/1491
f  1981/1822/1195 2170/2008/1491 2171/2009/1196
f  1974/1815/1463 2172/2010/1492 2173/2011/1493
f  1974/1815/1463 2173/2011/1493 2120/1959/1466
f  1970/1811/1462 2174/2012/1494 2175/2013/1495
f  1970/1811/1462 2175/2013/1495 2123/1962/1465
f  1963/1804/1461 2176/2014/1496 2177/2015/1497
f  1963/1804/1461 2177/2015/1497 2108/1948/1464
f  2178/2016/1189 2179/2017/1498 2180/2018/1499
f  2178/2016/1189 2180/2018/1499 2181/2019/1190
f  1952/1793/1180 2182/2020/1500 2183/2021/1501
f  1952/1793/1180 2183/2021/1501 2184/2022/1181
f  1948/1789/1184 2185/2023/1502 2186/2024/1503
f  1948/1789/1184 2186/2024/1503 2187/2025/1185
f  1941/1782/1458 2188/2026/1504 2189/2027/1505
f  1941/1782/1458 2189/2027/1505 2097/1937/1460
f  1937/1778/1457 2190/2028/1506 2191/2029/1507
f  1937/1778/1457 2191/2029/1507 2100/1940/1459
f  1930/1771/1169 2192/2030/1508 2193/2031/1509
f  1930/1771/1169 2193/2031/1509 2194/2032/1170
f  2195/2033/1173 2196/2034/1510 2197/2035/1511
f  2195/2033/1173 2197/2035/1511 2198/2036/1174
f  1919/1760/1162 2199/2037/1512 2200/2038/1513
f  1919/1760/1162 2200/2038/1513 2201/2039/1163
f  2202/2040/1166 2203/2041/1514 2204/2042/1515
f  2202/2040/1166 2204/2042/1515 2205/2043/1167
f  2206/2044/1516 2078/1919/1475 2077/1918/1340
f  2206/2044/1516 2077/1918/1340 2079/1920/1338
f  2206/2044/1516 2079/1920/1338 1632/1473/1154
f  2206/2044/1516 1632/1473/1154 2207/2045/1517
f  2208/2046/1053 2209/2047/1518 1718/1559/1392
f  2208/2046/1053 1718/1559/1392 1717/1558/2
f  1902/1743/1153 2210/2048/1519 2207/2045/1517
f  1902/1743/1153 2207/2045/1517 1632/1473/1154
f  2211/2049/1051 2212/2050/1520 2213/2051/1521
f  2211/2049/1051 2213/2051/1521 2214/2052/1052
f  1892/1733/1147 2215/2053/1522 2216/2054/1523
f  1892/1733/1147 2216/2054/1523 2217/2055/1148
f  2218/2056/1049 2219/2057/1524 2220/2058/1525
f  2218/2056/1049 2220/2058/1525 2221/2059/1050
f  1884/1725/1454 2222/2060/1526 2223/2061/1527
f  1884/1725/1454 2223/2061/1527 2057/1898/1455
f  2224/2062/1046 2225/2063/1528 2226/2064/1529
f  2224/2062/1046 2226/2064/1529 2227/2065/1048
f  1874/1715/1143 2228/2066/1530 2229/2067/1531
f  1874/1715/1143 2229/2067/1531 2230/2068/1144
f  2231/2069/1042 2232/2070/1532 2233/2071/1533
f  2231/2069/1042 2233/2071/1533 2234/2072/1045
f  1864/1705/1452 2235/2073/1534 2236/2074/1535
f  1864/1705/1452 2236/2074/1535 2047/1888/1453
f  2237/2075/1038 2238/2076/1536 2239/2077/1537
f  2237/2075/1038 2239/2077/1537 2240/2078/1041
f  1853/1694/1135 2241/2079/1538 2242/2080/1539
f  1853/1694/1135 2242/2080/1539 2243/2081/1136
f  2244/2082/1035 2245/2083/1540 2246/2084/1541
f  2244/2082/1035 2246/2084/1541 2247/2085/1037
f  1843/1684/1129 2248/2086/1542 2249/2087/1543
f  1843/1684/1129 2249/2087/1543 2250/2088/1130
f  2251/2089/1033 2252/2090/1544 2253/2091/1545
f  2251/2089/1033 2253/2091/1545 2254/2092/1034
f  1833/1674/1450 2255/2093/1546 2256/2094/1547
f  1833/1674/1450 2256/2094/1547 2023/1864/1451
f  2257/2095/1403 2258/2096/1548 2259/2097/1117
f  2257/2095/1403 2259/2097/1117 1738/1579/1116
f  2260/2098/1029 2261/2099/1549 2262/2100/1550
f  2260/2098/1029 2262/2100/1550 2263/2101/1032
f  2264/2102/1448 2265/2103/1551 2266/2104/1115
f  2264/2102/1448 2266/2104/1115 1813/1654/1114
f  2267/2105/1552 1814/1655/1120 1654/1495/1113
f  2267/2105/1552 1654/1495/1113 1657/1498/1348
f  2190/2028/1506 1937/1778/1457 2198/2036/1174
f  2190/2028/1506 2198/2036/1174 2268/2106/1511
f  2156/1995/1480 2144/1983/1343 1644/1485/1342
f  2156/1995/1480 1644/1485/1342 2269/2107/1483
f  2160/1998/1482 2002/1843/1469 2135/1974/1470
f  2160/1998/1482 2135/1974/1470 2165/2003/1487
f  2270/2000/1484 1995/1836/1468 1998/1839/1192
f  2270/2000/1484 1998/1839/1192 2271/2108/1489
f  2272/2109/1481 2006/1847/1197 2132/1971/1471
f  2272/2109/1481 2132/1971/1471 2163/2001/1485
f  2166/2004/1488 1985/1826/1191 2120/1959/1466
f  2166/2004/1488 2120/1959/1466 2273/2011/1493
f  2274/2110/1490 1981/1822/1195 2123/1962/1465
f  2274/2110/1490 2123/1962/1465 2175/2013/1495
f  2172/2010/1492 1974/1815/1463 2108/1948/1464
f  2172/2010/1492 2108/1948/1464 2275/2111/1497
f  2276/2112/1486 1991/1832/1467 1994/1835/1196
f  2276/2112/1486 1994/1835/1196 2277/2113/1491
f  2174/2012/1494 1970/1811/1462 2181/2019/1190
f  2174/2012/1494 2181/2019/1190 2278/2114/1499
f  2279/2115/1496 1963/1804/1461 2184/2022/1181
f  2279/2115/1496 2184/2022/1181 2183/2021/1501
f  2182/2020/1500 1952/1793/1180 2097/1937/1460
f  2182/2020/1500 2097/1937/1460 2189/2027/1505
f  2185/2023/1502 1948/1789/1184 2100/1940/1459
f  2185/2023/1502 2100/1940/1459 2280/2116/1507
f  2281/2117/1504 1941/1782/1458 2194/2032/1170
f  2281/2117/1504 2194/2032/1170 2193/2031/1509
f  2179/2017/1498 2178/2016/1189 2187/2025/1185
f  2179/2017/1498 2187/2025/1185 2186/2024/1503
f  2192/2030/1508 1930/1771/1169 2201/2039/1163
f  2192/2030/1508 2201/2039/1163 2282/2118/1513
f  2199/2037/1512 1919/1760/1162 2083/1924/1456
f  2199/2037/1512 2083/1924/1456 2283/2119/1553
f  2284/2120/1546 1833/1674/1450 2285/2121/1121
f  2284/2120/1546 2285/2121/1121 2286/2122/1554
f  2261/2099/1549 2260/2098/1029 1658/1499/1028
f  2261/2099/1549 1658/1499/1028 1660/1501/1349
f  2196/2034/1510 2195/2033/1173 2205/2043/1167
f  2196/2034/1510 2205/2043/1167 2287/2123/1515
f  2209/2047/1518 2208/2046/1053 2214/2052/1052
f  2209/2047/1518 2214/2052/1052 2288/2124/1521
f  2203/2041/1514 2202/2040/1166 2289/2125/1159
f  2203/2041/1514 2289/2125/1159 2290/2126/1555
f  2291/2127/1519 1902/1743/1153 2217/2055/1148
f  2291/2127/1519 2217/2055/1148 2292/2128/1523
f  2073/1914/1339 2293/2129/1474 2066/1907/1472
f  2073/1914/1339 2066/1907/1472 1635/1476/1151
f  2294/2130/1522 1892/1733/1147 2057/1898/1455
f  2294/2130/1522 2057/1898/1455 2223/2061/1527
f  2295/2131/1524 2218/2056/1049 2296/2132/1048
f  2295/2131/1524 2296/2132/1048 2297/2133/1529
f  2212/2050/1520 2211/2049/1051 2221/2059/1050
f  2212/2050/1520 2221/2059/1050 2220/2058/1525
f  2298/2134/1528 2224/2062/1046 2234/2072/1045
f  2298/2134/1528 2234/2072/1045 2233/2071/1533
f  2228/2066/1530 1874/1715/1143 2047/1888/1453
f  2228/2066/1530 2047/1888/1453 2236/2074/1535
f  2299/2135/1532 2231/2069/1042 2240/2078/1041
f  2299/2135/1532 2240/2078/1041 2239/2077/1537
f  2222/2060/1526 1884/1725/1454 1887/1728/1144
f  2222/2060/1526 1887/1728/1144 2300/2136/1531
f  2235/2073/1534 1864/1705/1452 2243/2081/1136
f  2235/2073/1534 2243/2081/1136 2242/2080/1539
f  2301/2137/1536 2237/2075/1038 2247/2085/1037
f  2301/2137/1536 2247/2085/1037 2246/2084/1541
f  2245/2083/1540 2244/2082/1035 2254/2092/1034
f  2245/2083/1540 2254/2092/1034 2302/2138/1545
f  2303/2139/1542 1843/1684/1129 2023/1864/1451
f  2303/2139/1542 2023/1864/1451 2304/2140/1547
f  2305/2141/1544 2251/2089/1033 2263/2101/1032
f  2305/2141/1544 2263/2101/1032 2306/2142/1550
f  2307/2143/1538 1853/1694/1135 2250/2088/1130
f  2307/2143/1538 2250/2088/1130 2249/2087/1543
f  2308/2144/1556 2309/2145/1158 2266/2104/1115
f  2308/2144/1556 2266/2104/1115 2265/2103/1551
f  1829/1670/1449 2310/2146/1557 2311/2147/1553
f  1829/1670/1449 2311/2147/1553 2083/1924/1456
f  2309/2145/1158 2308/2144/1556 2290/2126/1555
f  2309/2145/1158 2290/2126/1555 2289/2125/1159
f  2310/2146/1557 1829/1670/1449 2259/2097/1117
f  2310/2146/1557 2259/2097/1117 2312/2148/1548
f  2141/1980/1477 2155/1994/1479 2131/1970/1476
f  2141/1980/1477 2131/1970/1476 2148/1987/1478
f  2156/1995/1480 2269/2107/1483 1805/1646/1443
f  2156/1995/1480 1805/1646/1443 1804/1645/1442
f  2272/2109/1481 2163/2001/1485 1793/1634/1436
f  2272/2109/1481 1793/1634/1436 1792/1633/1435
f  2160/1998/1482 2165/2003/1487 1801/1642/1440
f  2160/1998/1482 1801/1642/1440 1800/1641/1439
f  2270/2000/1484 2271/2108/1489 1797/1638/1438
f  2270/2000/1484 1797/1638/1438 1796/1637/1437
f  2276/2112/1486 2277/2113/1491 1777/1618/1427
f  2276/2112/1486 1777/1618/1427 1776/1617/1426
f  2166/2004/1488 2273/2011/1493 1789/1630/1434
f  2166/2004/1488 1789/1630/1434 1788/1629/1433
f  2274/2110/1490 2175/2013/1495 1785/1626/1431
f  2274/2110/1490 1785/1626/1431 1784/1625/1430
f  2172/2010/1492 2275/2111/1497 1781/1622/1429
f  2172/2010/1492 1781/1622/1429 1780/1621/1428
f  2174/2012/1494 2278/2114/1499 1773/1614/1424
f  2174/2012/1494 1773/1614/1424 1772/1613/1423
f  2279/2115/1496 2183/2021/1501 1769/1610/1421
f  2279/2115/1496 1769/1610/1421 1768/1609/1420
f  2179/2017/1498 2186/2024/1503 1753/1594/1412
f  2179/2017/1498 1753/1594/1412 1752/1593/1411
f  2182/2020/1500 2189/2027/1505 1765/1606/1419
f  2182/2020/1500 1765/1606/1419 1764/1605/1418
f  2185/2023/1502 2280/2116/1507 1761/1602/1416
f  2185/2023/1502 1761/1602/1416 1760/1601/1415
f  2281/2117/1504 2193/2031/1509 1757/1598/1414
f  2281/2117/1504 1757/1598/1414 1756/1597/1413
f  2190/2028/1506 2268/2106/1511 1808/1649/1446
f  2190/2028/1506 1808/1649/1446 1807/1648/1445
f  2192/2030/1508 2282/2118/1513 1749/1590/1410
f  2192/2030/1508 1749/1590/1410 1748/1589/1409
f  2196/2034/1510 2287/2123/1515 1733/1574/1401
f  2196/2034/1510 1733/1574/1401 1732/1573/1400
f  2199/2037/1512 2283/2119/1553 1745/1586/1408
f  2199/2037/1512 1745/1586/1408 1744/1585/1407
f  2203/2041/1514 2290/2126/1555 1725/1566/1397
f  2203/2041/1514 1725/1566/1397 1724/1565/1396
f  1715/1556/1391 1718/1559/1392 2067/1908/1473
f  1715/1556/1391 2067/1908/1473 2078/1919/1475
f  2206/2044/1516 2207/2045/1517 2066/1907/1472
f  2206/2044/1516 2066/1907/1472 2293/2129/1474
f  2209/2047/1518 2288/2124/1521 1729/1570/1399
f  2209/2047/1518 1729/1570/1399 1728/1569/1398
f  2291/2127/1519 2292/2128/1523 1721/1562/1394
f  2291/2127/1519 1721/1562/1394 1720/1561/1393
f  2212/2050/1520 2220/2058/1525 1705/1546/1382
f  2212/2050/1520 1705/1546/1382 1704/1545/1381
f  2294/2130/1522 2223/2061/1527 1713/1554/1389
f  2294/2130/1522 1713/1554/1389 1712/1553/1388
f  2295/2131/1524 2297/2133/1529 1709/1550/1386
f  2295/2131/1524 1709/1550/1386 1708/1549/1385
f  2222/2060/1526 2300/2136/1531 1689/1530/1370
f  2222/2060/1526 1689/1530/1370 1688/1529/1369
f  2298/2134/1528 2233/2071/1533 1701/1542/1379
f  2298/2134/1528 1701/1542/1379 1700/1541/1378
f  2228/2066/1530 2236/2074/1535 1697/1538/1376
f  2228/2066/1530 1697/1538/1376 1696/1537/1375
f  2299/2135/1532 2239/2077/1537 1693/1534/1373
f  2299/2135/1532 1693/1534/1373 1692/1533/1372
f  2235/2073/1534 2242/2080/1539 1685/1526/1367
f  2235/2073/1534 1685/1526/1367 1684/1525/1366
f  2301/2137/1536 2246/2084/1541 1681/1522/1364
f  2301/2137/1536 1681/1522/1364 1680/1521/1363
f  2307/2143/1538 2249/2087/1543 1665/1506/1352
f  2307/2143/1538 1665/1506/1352 1664/1505/1351
f  2245/2083/1540 2302/2138/1545 1677/1518/1360
f  2245/2083/1540 1677/1518/1360 1676/1517/1359
f  2303/2139/1542 2304/2140/1547 1673/1514/1357
f  2303/2139/1542 1673/1514/1357 1672/1513/1356
f  2305/2141/1544 2306/2142/1550 1669/1510/1355
f  2305/2141/1544 1669/1510/1355 1668/1509/1354
f  2284/2120/1546 2286/2122/1554 1741/1582/1406
f  2284/2120/1546 1741/1582/1406 1740/1581/1405
f  2310/2146/1557 2312/2148/1548 1652/1493/1346
f  2310/2146/1557 1652/1493/1346 1651/1492/1345
f  2261/2099/1549 1660/1501/1349 1737/1578/1403
f  2261/2099/1549 1737/1578/1403 1736/1577/1402
f  2308/2144/1556 2265/2103/1551 1656/1497/1347
f  2308/2144/1556 1656/1497/1347 1662/1503/1350
f  2267/2105/1552 1657/1498/1348 1812/1653/1448
f  2267/2105/1552 1812/1653/1448 1811/1652/1447
f  2010/1851/1447 1741/1582/1406 2286/2122/1554
f  2010/1851/1447 2286/2122/1554 2313/2149/1552
f  2091/1932/1445 1761/1602/1416 2191/2029/1507
f  2091/1932/1445 2191/2029/1507 2190/2028/1506
f  2142/1981/1442 2141/1980/1477 2157/1996/1478
f  2142/1981/1442 2157/1996/1478 2156/1995/1480
f  1800/1641/1439 1805/1646/1443 2161/1999/1483
f  1800/1641/1439 2161/1999/1483 2160/1998/1482
f  2129/1968/1437 1793/1634/1436 2163/2001/1485
f  2129/1968/1437 2163/2001/1485 2162/2000/1484
f  1792/1633/1435 2131/1970/1476 2159/1994/1479
f  1792/1633/1435 2159/1994/1479 2158/1997/1481
f  2117/1629/1433 2119/1958/1438 2167/2005/1489
f  2117/1629/1433 2167/2005/1489 2166/2004/1488
f  2114/1954/1430 2116/1956/1427 2170/2008/1491
f  2114/1954/1430 2170/2008/1491 2169/2007/1490
f  2107/1947/1428 1789/1630/1434 2173/2011/1493
f  2107/1947/1428 2173/2011/1493 2172/2010/1492
f  1776/1617/1426 1801/1642/1440 2165/2003/1487
f  1776/1617/1426 2165/2003/1487 2164/2002/1486
f  1772/1613/1423 1785/1626/1431 2175/2013/1495
f  1772/1613/1423 2175/2013/1495 2174/2012/1494
f  1768/1609/1420 1781/1622/1429 2177/2015/1497
f  1768/1609/1420 2177/2015/1497 2176/2014/1496
f  2095/1935/1418 2096/1936/1421 2183/2021/1501
f  2095/1935/1418 2183/2021/1501 2182/2020/1500
f  2093/1933/1415 2094/1934/1412 2186/2024/1503
f  2093/1933/1415 2186/2024/1503 2185/2023/1502
f  2092/1597/1413 1765/1606/1419 2189/2027/1505
f  2092/1597/1413 2189/2027/1505 2188/2026/1504
f  1752/1593/1411 2106/1946/1424 2180/2018/1499
f  1752/1593/1411 2180/2018/1499 2179/2017/1498
f  2090/1931/1409 1757/1598/1414 2193/2031/1509
f  2090/1931/1409 2193/2031/1509 2192/2030/1508
f  1744/1585/1407 1749/1590/1410 2200/2038/1513
f  1744/1585/1407 2200/2038/1513 2199/2037/1512
f  1740/1581/1405 2018/1859/1357 2256/2094/1547
f  1740/1581/1405 2256/2094/1547 2255/2093/1546
f  1736/1577/1402 1669/1510/1355 2262/2100/1550
f  1736/1577/1402 2262/2100/1550 2261/2099/1549
f  2089/1930/1400 1808/1649/1446 2197/2035/1511
f  2089/1930/1400 2197/2035/1511 2196/2034/1510
f  1728/1569/1398 2067/1908/1473 1718/1559/1392
f  1728/1569/1398 1718/1559/1392 2209/2047/1518
f  1724/1565/1396 2082/1923/1401 2204/2042/1515
f  1724/1565/1396 2204/2042/1515 2203/2041/1514
f  2065/1906/1393 2066/1907/1472 2207/2045/1517
f  2065/1906/1393 2207/2045/1517 2210/2048/1519
f  2078/1919/1475 2206/2044/1516 2074/1915/1474
f  2078/1919/1475 2074/1915/1474 1715/1556/1391
f  2056/1897/1388 1721/1562/1394 2216/2054/1523
f  2056/1897/1388 2216/2054/1523 2215/2053/1522
f  2055/1896/1385 1705/1546/1382 2220/2058/1525
f  2055/1896/1385 2220/2058/1525 2219/2057/1524
f  1704/1545/1381 1729/1570/1399 2213/2051/1521
f  1704/1545/1381 2213/2051/1521 2212/2050/1520
f  2044/1885/1378 2046/1887/1386 2226/2064/1529
f  2044/1885/1378 2226/2064/1529 2225/2063/1528
f  1696/1537/1375 2043/1884/1370 2229/2067/1531
f  1696/1537/1375 2229/2067/1531 2228/2066/1530
f  2036/1877/1372 1701/1542/1379 2233/2071/1533
f  2036/1877/1372 2233/2071/1533 2232/2070/1532
f  1688/1529/1369 1713/1554/1389 2223/2061/1527
f  1688/1529/1369 2223/2061/1527 2222/2060/1526
f  2035/1876/1366 1697/1538/1376 2236/2074/1535
f  2035/1876/1366 2236/2074/1535 2235/2073/1534
f  2033/1874/1363 2034/1875/1373 2239/2077/1537
f  2033/1874/1363 2239/2077/1537 2238/2076/1536
f  2021/1862/1359 2022/1863/1364 2246/2084/1541
f  2021/1862/1359 2246/2084/1541 2245/2083/1540
f  1672/1513/1356 2020/1861/1352 2249/2087/1543
f  1672/1513/1356 2249/2087/1543 2248/2086/1542
f  1668/1509/1354 2019/1860/1360 2253/2091/1545
f  1668/1509/1354 2253/2091/1545 2252/2090/1544
f  2031/1872/1351 2032/1873/1367 2242/2080/1539
f  2031/1872/1351 2242/2080/1539 2241/2079/1538
f  1662/1503/1350 2011/1852/1397 2290/2126/1555
f  1662/1503/1350 2290/2126/1555 2308/2144/1556
f  2258/2096/1548 2257/2095/1403 1660/1501/1349
f  2258/2096/1548 1660/1501/1349 1659/1500/1346
f  2265/2103/1551 2264/2102/1448 1657/1498/1348
f  2265/2103/1551 1657/1498/1348 1656/1497/1347
f  2016/1857/1345 2017/1858/1408 2311/2147/1553
f  2016/1857/1345 2311/2147/1553 2310/2146/1557
f  1814/1655/1120 2313/2149/1552 2286/2122/1554
f  1814/1655/1120 2286/2122/1554 2285/2121/1121

# Mesh 'Cube_screen_0' with 3698 faces
g Cube_screen_0
usemtl screen
f  2314/2150/1558 2315/2151/1559 2316/2152/1560
f  2317/2153/1561 2318/2154/1562 2319/2155/1563
f  2320/2156/1564 2321/2157/1565 2322/2158/1566
f  2323/2159/1567 2324/2160/1568 2325/2161/1569
f  2326/2162/1570 2327/2163/1571 2328/2164/1572
f  2329/2165/1573 2330/2166/1574 2331/2167/1575
f  2332/2168/1576 2333/2169/1577 2334/2170/1578
f  2335/2171/1579 2336/2172/1580 2337/2173/1581
f  2338/2174/1582 2339/2175/1583 2340/2176/1584
f  2341/2177/1585 2342/2178/1586 2343/2179/1587
f  2344/2180/1588 2345/2181/1589 2346/2182/1590
f  2347/2183/1591 2348/2184/1592 2349/2185/1593
f  2350/2186/1594 2351/2187/1595 2352/2188/1596
f  2353/2189/1597 2354/2190/1598 2355/2191/1599
f  2356/2192/1600 2357/2193/1601 2358/2194/1602
f  2359/2195/1603 2360/2196/1604 2361/2197/1605
f  2362/2198/1606 2363/2199/1607 2364/2200/1608
f  2365/2201/1609 2366/2202/1610 2367/2203/1611
f  2368/2204/1612 2369/2205/1613 2370/2206/1614
f  2371/2207/1615 2372/2208/1616 2373/2209/1617
f  2374/2210/1618 2375/2211/1619 2376/2212/1620
f  2377/2213/1621 2378/2214/1622 2379/2215/1623
f  2380/2216/1624 2381/2217/1625 2382/2218/1626
f  2383/2219/1627 2384/2220/1628 2385/2221/1629
f  2386/2222/1630 2387/2223/1631 2388/2224/1632
f  2389/2225/1633 2390/2226/1634 2391/2227/1635
f  2392/2228/1016 2393/2229/1636 2394/2230/1637
f  2395/2231/800 2396/2232/1017 2397/2233/1638
f  2398/2234/1639 2399/2235/801 2400/2236/1640
f  2401/2237/1641 2402/2238/1642 2403/2239/1643
f  2404/2240/1644 2405/2241/1645 2406/2242/1646
f  2407/2243/1647 2408/2244/1648 2409/2245/1649
f  2410/2246/1650 2411/2247/1651 2412/2248/1652
f  2413/2249/1653 2414/2250/1654 2415/2251/1655
f  2416/2252/844 2417/2253/1656 2418/2254/1657
f  2419/2255/1658 2420/2256/845 2421/2257/1659
f  2422/2258/1660 2423/2259/1661 2424/2260/1662
f  2425/2261/889 2426/2262/1663 2427/2263/1664
f  2428/2264/1665 2429/2265/1666 2430/2266/888
f  2431/2267/909 2432/2268/1667 2433/2264/1668
f  2434/2269/921 2435/2270/1669 2436/2267/908
f  2437/2271/937 2438/2272/1670 2439/2269/920
f  2440/2273/953 2441/2274/1671 2442/2275/936
f  2443/2276/965 2444/2277/1672 2445/2273/952
f  2446/2278/981 2447/2279/1673 2448/2276/964
f  2449/2280/989 2450/2281/1674 2451/2282/980
f  2452/2283/1675 2453/2284/1676 2454/2285/988
f  2455/2286/1677 2456/2287/1678 2457/2288/1679
f  2458/2289/1680 2459/2290/1681 2314/2150/1558
f  2458/2289/1680 2314/2150/1558 2321/2157/1565
f  2460/2291/1682 2461/2292/1683 2462/2293/1684
f  2460/2291/1682 2462/2293/1684 2463/2294/1685
f  2464/2295/1078 2465/2296/1202 2466/2297/1686
f  2464/2295/1078 2466/2297/1686 2467/2298/1687
f  2468/2299/1688 2469/2300/1689 2470/2301/1690
f  2468/2299/1688 2470/2301/1690 2471/2302/1691
f  2472/2303/1692 2473/2304/1693 2474/2305/1694
f  2472/2303/1692 2474/2305/1694 2475/2306/1695
f  2476/2307/1696 2477/2308/1697 2478/2309/1698
f  2476/2307/1696 2478/2309/1698 2479/2310/1699
f  2480/2311/1700 2481/2312/1701 2482/2313/1702
f  2480/2311/1700 2482/2313/1702 2483/2314/1703
f  2484/2315/1704 2485/2316/1705 2486/2317/1706
f  2484/2315/1704 2486/2317/1706 2487/2318/1707
f  2488/2319/1708 2489/2320/1709 2490/2321/1710
f  2488/2319/1708 2490/2321/1710 2491/2322/1711
f  2492/2323/1712 2493/2324/1713 2494/2325/1714
f  2492/2323/1712 2494/2325/1714 2495/2326/1715
f  2496/2327/1716 2497/2328/1717 2498/2329/1718
f  2496/2327/1716 2498/2329/1718 2499/2330/1719
f  2500/2331/1720 2501/2332/1721 2502/2333/1722
f  2500/2331/1720 2502/2333/1722 2503/2334/1723
f  2504/2335/1724 2505/2336/1725 2506/2337/1726
f  2504/2335/1724 2506/2337/1726 2507/2338/1727
f  2508/2339/1728 2509/2340/1729 2510/2341/1730
f  2508/2339/1728 2510/2341/1730 2511/2342/1731
f  2512/2343/1732 2513/2344/1733 2514/2345/1734
f  2512/2343/1732 2514/2345/1734 2515/2346/1735
f  2516/2347/1736 2517/2348/1737 2518/2349/1738
f  2516/2347/1736 2518/2349/1738 2519/2350/1739
f  2520/2351/1740 2521/2352/1741 2522/2353/1742
f  2520/2351/1740 2522/2353/1742 2523/2354/1743
f  2524/2355/1744 2525/2356/1745 2526/2357/1746
f  2524/2355/1744 2526/2357/1746 2527/2358/1747
f  2528/2359/1748 2529/2360/1749 2530/2361/1750
f  2528/2359/1748 2530/2361/1750 2531/2362/1751
f  2532/2363/1752 2533/2364/1753 2319/2155/1563
f  2532/2363/1752 2319/2155/1563 2315/2151/1559
f  2534/2365/1754 2535/2366/1755 2536/2367/1756
f  2534/2365/1754 2536/2367/1756 2537/2368/1757
f  2538/2369/1758 2539/2370/1759 2323/2159/1567
f  2538/2369/1758 2323/2159/1567 2327/2163/1571
f  2540/2371/1080 2541/2372/1079 2542/2373/1760
f  2540/2371/1080 2542/2373/1760 2543/2374/1203
f  2544/2375/1761 2545/2376/1762 2546/2377/1763
f  2544/2375/1761 2546/2377/1763 2547/2378/1764
f  2548/2379/1765 2549/2380/1766 2550/2381/1767
f  2548/2379/1765 2550/2381/1767 2551/2382/1768
f  2552/2383/1769 2553/2384/1770 2554/2385/1771
f  2552/2383/1769 2554/2385/1771 2555/2386/1772
f  2556/2387/1773 2557/2388/1774 2558/2389/1775
f  2556/2387/1773 2558/2389/1775 2559/2390/1776
f  2560/2391/1777 2561/2392/1778 2562/2393/1779
f  2560/2391/1777 2562/2393/1779 2563/2394/1780
f  2564/2395/1781 2565/2396/1782 2566/2397/1783
f  2564/2395/1781 2566/2397/1783 2567/2398/1784
f  2568/2399/1785 2569/2400/1786 2570/2401/1787
f  2568/2399/1785 2570/2401/1787 2571/2402/1788
f  2572/2403/1789 2573/2404/1790 2574/2405/1791
f  2572/2403/1789 2574/2405/1791 2575/2406/1792
f  2576/2407/1793 2577/2408/1794 2326/2162/1570
f  2576/2407/1793 2326/2162/1570 2330/2166/1574
f  2578/2409/1795 2579/2410/1796 2580/2411/1797
f  2578/2409/1795 2580/2411/1797 2581/2412/1798
f  2582/2413/1799 2583/2414/1800 2584/2415/1801
f  2582/2413/1799 2584/2415/1801 2585/2416/1802
f  2586/2417/1803 2587/2418/1804 2588/2419/1805
f  2586/2417/1803 2588/2419/1805 2589/2420/1806
f  2590/2421/1807 2591/2422/1808 2592/2423/1809
f  2590/2421/1807 2592/2423/1809 2593/2424/1810
f  2594/2425/1811 2595/2426/1812 2596/2427/1813
f  2594/2425/1811 2596/2427/1813 2597/2428/1814
f  2598/2429/1815 2599/2430/1816 2600/2431/1817
f  2598/2429/1815 2600/2431/1817 2601/2432/1818
f  2602/2433/1819 2603/2434/1820 2604/2435/1821
f  2602/2433/1819 2604/2435/1821 2605/2436/1822
f  2606/2437/1823 2607/2438/1824 2608/2439/1825
f  2606/2437/1823 2608/2439/1825 2609/2440/1826
f  2610/2441/1827 2611/2442/1828 2329/2165/1573
f  2610/2441/1827 2329/2165/1573 2333/2169/1577
f  2612/2443/1829 2613/2444/1830 2614/2445/1831
f  2612/2443/1829 2614/2445/1831 2615/2446/1832
f  2616/2447/1206 2617/2448/1833 2618/2449/1834
f  2616/2447/1206 2618/2449/1834 2619/2450/1207
f  2620/2451/1835 2621/2452/1836 2622/2453/1837
f  2620/2451/1835 2622/2453/1837 2623/2454/1838
f  2624/2455/1839 2625/2456/1840 2626/2457/1841
f  2624/2455/1839 2626/2457/1841 2627/2458/1842
f  2628/2459/1843 2629/2460/1844 2630/2461/1845
f  2628/2459/1843 2630/2461/1845 2631/2462/1846
f  2632/2463/1847 2633/2464/1848 2634/2465/1849
f  2632/2463/1847 2634/2465/1849 2635/2466/1850
f  2636/2467/1851 2637/2468/1852 2638/2469/1853
f  2636/2467/1851 2638/2469/1853 2639/2470/1854
f  2640/2471/1855 2641/2472/1856 2642/2473/1857
f  2640/2471/1855 2642/2473/1857 2643/2474/1858
f  2644/2475/1859 2645/2476/1860 2332/2168/1576
f  2644/2475/1859 2332/2168/1576 2336/2172/1580
f  2646/2477/1861 2647/2478/1862 2648/2479/1863
f  2646/2477/1861 2648/2479/1863 2649/2480/1864
f  2650/2481/1210 2651/2482/1205 2652/2483/1204
f  2650/2481/1210 2652/2483/1204 2653/2484/1211
f  2654/2485/1865 2655/2486/1866 2656/2487/1867
f  2654/2485/1865 2656/2487/1867 2657/2488/1868
f  2658/2489/1869 2659/2490/1870 2660/2491/1871
f  2658/2489/1869 2660/2491/1871 2661/2492/1872
f  2662/2493/1873 2663/2494/1874 2664/2495/1875
f  2662/2493/1873 2664/2495/1875 2665/2496/1876
f  2666/2497/1877 2667/2498/1878 2668/2499/1879
f  2666/2497/1877 2668/2499/1879 2669/2500/1880
f  2670/2501/1881 2671/2502/1882 2672/2503/1883
f  2670/2501/1881 2672/2503/1883 2673/2504/1884
f  2674/2505/1885 2675/2506/1886 2676/2507/1887
f  2674/2505/1885 2676/2507/1887 2677/2508/1888
f  2678/2509/1889 2679/2510/1890 2335/2171/1579
f  2678/2509/1889 2335/2171/1579 2339/2175/1583
f  2680/2511/1891 2681/2512/1892 2682/2513/1893
f  2680/2511/1891 2682/2513/1893 2683/2514/1894
f  2684/2515/1895 2685/2516/1209 2686/2517/1208
f  2684/2515/1895 2686/2517/1208 2687/2518/1896
f  2688/2519/1897 2689/2520/1898 2690/2521/1899
f  2688/2519/1897 2690/2521/1899 2691/2522/1900
f  2692/2523/1901 2693/2524/1902 2694/2525/1903
f  2692/2523/1901 2694/2525/1903 2695/2526/1904
f  2696/2527/1905 2697/2528/1906 2698/2529/1907
f  2696/2527/1905 2698/2529/1907 2699/2530/1908
f  2700/2531/1909 2701/2532/1910 2702/2533/1911
f  2700/2531/1909 2702/2533/1911 2703/2534/1912
f  2704/2535/1913 2705/2536/1914 2706/2537/1915
f  2704/2535/1913 2706/2537/1915 2707/2538/1916
f  2708/2539/1917 2709/2540/1918 2710/2541/1919
f  2708/2539/1917 2710/2541/1919 2711/2542/1920
f  2712/2543/1921 2713/2544/1922 2338/2174/1582
f  2712/2543/1921 2338/2174/1582 2342/2178/1586
f  2714/2545/1082 2715/2546/1081 2716/2547/1923
f  2714/2545/1082 2716/2547/1923 2717/2548/1924
f  2718/2549/1214 2719/2550/1925 2720/2551/1926
f  2718/2549/1214 2720/2551/1926 2721/2552/1215
f  2722/2553/1927 2723/2554/1928 2724/2555/1929
f  2722/2553/1927 2724/2555/1929 2725/2556/1930
f  2726/2557/1931 2727/2558/1932 2728/2559/1933
f  2726/2557/1931 2728/2559/1933 2729/2560/1934
f  2730/2561/1935 2731/2562/1936 2732/2563/1937
f  2730/2561/1935 2732/2563/1937 2733/2564/1938
f  2734/2565/1939 2735/2566/1940 2736/2567/1941
f  2734/2565/1939 2736/2567/1941 2737/2568/1942
f  2738/2569/1943 2739/2570/1944 2740/2571/1945
f  2738/2569/1943 2740/2571/1945 2741/2572/1946
f  2742/2573/1947 2743/2574/1948 2744/2575/1949
f  2742/2573/1947 2744/2575/1949 2745/2576/1950
f  2746/2577/1951 2747/2578/1952 2748/2579/1953
f  2746/2577/1951 2748/2579/1953 2749/2580/1954
f  2750/2581/1955 2751/2582/1956 2341/2177/1585
f  2750/2581/1955 2341/2177/1585 2345/2181/1589
f  2752/2583/1957 2753/2584/1083 2754/2585/1958
f  2752/2583/1957 2754/2585/1958 2755/2586/1959
f  2756/2587/1960 2757/2588/1213 2758/2589/1212
f  2756/2587/1960 2758/2589/1212 2759/2590/1961
f  2760/2591/1962 2761/2592/1963 2762/2593/1964
f  2760/2591/1962 2762/2593/1964 2763/2594/1965
f  2764/2595/1966 2765/2596/1967 2766/2597/1968
f  2764/2595/1966 2766/2597/1968 2767/2598/1969
f  2768/2599/1970 2769/2600/1971 2770/2601/1972
f  2768/2599/1970 2770/2601/1972 2771/2602/1973
f  2772/2603/1974 2773/2604/1975 2774/2605/1976
f  2772/2603/1974 2774/2605/1976 2775/2606/1977
f  2776/2607/1978 2777/2608/1979 2778/2609/1980
f  2776/2607/1978 2778/2609/1980 2779/2610/1981
f  2780/2611/1982 2781/2612/1983 2782/2613/1984
f  2780/2611/1982 2782/2613/1984 2783/2614/1985
f  2784/2615/1986 2785/2616/1987 2786/2617/1988
f  2784/2615/1986 2786/2617/1988 2787/2618/1989
f  2788/2619/1990 2789/2620/1991 2344/2180/1588
f  2788/2619/1990 2344/2180/1588 2348/2184/1592
f  2790/2621/1992 2791/2622/1993 2792/2623/1994
f  2790/2621/1992 2792/2623/1994 2793/2624/1995
f  2794/2625/1219 2795/2626/1996 2796/2627/1997
f  2794/2625/1219 2796/2627/1997 2797/2628/1220
f  2798/2629/1998 2799/2630/1999 2800/2631/2000
f  2798/2629/1998 2800/2631/2000 2801/2632/2001
f  2802/2633/2002 2803/2634/2003 2804/2635/2004
f  2802/2633/2002 2804/2635/2004 2805/2636/2005
f  2806/2637/2006 2807/2638/2007 2808/2639/2008
f  2806/2637/2006 2808/2639/2008 2809/2640/2009
f  2810/2641/2010 2811/2642/2011 2812/2643/2012
f  2810/2641/2010 2812/2643/2012 2813/2644/2013
f  2814/2645/2014 2815/2646/2015 2816/2647/2016
f  2814/2645/2014 2816/2647/2016 2817/2648/2017
f  2818/2649/2018 2819/2650/2019 2820/2651/2020
f  2818/2649/2018 2820/2651/2020 2821/2652/2021
f  2822/2653/2022 2823/2654/2023 2824/2655/2024
f  2822/2653/2022 2824/2655/2024 2825/2656/2025
f  2826/2657/2026 2827/2658/2027 2347/2183/1591
f  2826/2657/2026 2347/2183/1591 2455/2286/1677
f  2828/2659/1087 2829/2660/2028 2830/2661/2029
f  2828/2659/1087 2830/2661/2029 2831/2662/1221
f  2832/2663/2030 2833/2664/1218 2834/2665/1217
f  2832/2663/2030 2834/2665/1217 2835/2666/2031
f  2836/2667/2032 2837/2668/2033 2838/2669/2034
f  2836/2667/2032 2838/2669/2034 2839/2670/2035
f  2840/2671/2036 2841/2672/2037 2842/2673/2038
f  2840/2671/2036 2842/2673/2038 2843/2674/2039
f  2844/2675/2040 2845/2676/2041 2846/2677/2042
f  2844/2675/2040 2846/2677/2042 2847/2678/2043
f  2848/2679/2044 2849/2680/2045 2850/2681/2046
f  2848/2679/2044 2850/2681/2046 2851/2682/2047
f  2852/2683/2048 2853/2684/2049 2854/2685/2050
f  2852/2683/2048 2854/2685/2050 2855/2686/2051
f  2856/2687/2052 2857/2688/2053 2858/2689/2054
f  2856/2687/2052 2858/2689/2054 2859/2690/2055
f  2860/2691/2056 2861/2692/1084 2862/2693/1216
f  2860/2691/2056 2862/2693/1216 2863/2694/1086
f  2864/2695/2057 2865/2696/2058 2866/2697/2059
f  2864/2695/2057 2866/2697/2059 2867/2698/2060
f  2868/2699/1225 2869/2700/2061 2870/2701/2062
f  2868/2699/1225 2870/2701/2062 2871/2702/1226
f  2872/2703/1229 2873/2704/2063 2874/2705/2064
f  2872/2703/1229 2874/2705/2064 2875/2706/1230
f  2876/2707/2065 2877/2708/2066 2878/2709/2067
f  2876/2707/2065 2878/2709/2067 2879/2710/2068
f  2880/2711/2069 2881/2712/2070 2882/2713/2071
f  2880/2711/2069 2882/2713/2071 2883/2714/2072
f  2884/2715/2073 2885/2716/2074 2886/2717/2075
f  2884/2715/2073 2886/2717/2075 2887/2718/2076
f  2888/2719/2077 2889/2720/2078 2890/2721/2079
f  2888/2719/2077 2890/2721/2079 2891/2722/2080
f  2892/2723/2081 2893/2724/2082 2358/2194/1602
f  2892/2723/2081 2358/2194/1602 2353/2189/1597
f  2894/2725/2083 2895/2726/2084 2896/2727/2085
f  2894/2725/2083 2896/2727/2085 2897/2728/2086
f  2898/2729/2087 2899/2730/2088 2900/2731/2089
f  2898/2729/2087 2900/2731/2089 2901/2732/2090
f  2902/2733/2091 2903/2734/2092 2904/2735/2093
f  2902/2733/2091 2904/2735/2093 2905/2736/2094
f  2906/2737/2095 2907/2738/2096 2908/2739/2097
f  2906/2737/2095 2908/2739/2097 2909/2740/2098
f  2910/2741/2099 2911/2742/2100 2912/2743/2101
f  2910/2741/2099 2912/2743/2101 2913/2744/2102
f  2914/2745/2103 2915/2746/2104 2916/2747/2105
f  2914/2745/2103 2916/2747/2105 2917/2748/2106
f  2918/2749/2107 2919/2750/2108 2920/2751/2109
f  2918/2749/2107 2920/2751/2109 2921/2752/2110
f  2922/2753/2111 2923/2754/2112 2361/2197/1605
f  2922/2753/2111 2361/2197/1605 2356/2192/1600
f  2924/2755/2113 2925/2756/2114 2926/2757/2115
f  2924/2755/2113 2926/2757/2115 2927/2758/2116
f  2928/2759/2117 2929/2760/2118 2930/2761/2119
f  2928/2759/2117 2930/2761/2119 2931/2762/2120
f  2932/2763/2121 2933/2764/2122 2934/2765/2123
f  2932/2763/2121 2934/2765/2123 2935/2766/2124
f  2936/2767/2125 2937/2768/2126 2938/2769/2127
f  2936/2767/2125 2938/2769/2127 2939/2770/2128
f  2940/2771/2129 2941/2772/2130 2942/2773/2131
f  2940/2771/2129 2942/2773/2131 2943/2774/2132
f  2944/2775/2133 2945/2776/2134 2946/2777/2135
f  2944/2775/2133 2946/2777/2135 2947/2778/2136
f  2948/2779/2137 2949/2780/2138 2950/2781/2139
f  2948/2779/2137 2950/2781/2139 2951/2782/2140
f  2952/2783/2141 2953/2784/2142 2364/2200/1608
f  2952/2783/2141 2364/2200/1608 2359/2195/1603
f  2954/2785/2143 2955/2786/2144 2956/2787/2145
f  2954/2785/2143 2956/2787/2145 2957/2788/2146
f  2958/2789/2147 2959/2790/2148 2960/2791/2149
f  2958/2789/2147 2960/2791/2149 2961/2792/2150
f  2962/2793/2151 2963/2794/2152 2964/2795/2153
f  2962/2793/2151 2964/2795/2153 2965/2796/2154
f  2966/2797/2155 2967/2798/2156 2968/2799/2157
f  2966/2797/2155 2968/2799/2157 2969/2800/2158
f  2970/2801/2159 2971/2802/2160 2972/2803/2161
f  2970/2801/2159 2972/2803/2161 2973/2804/2162
f  2974/2805/2163 2975/2806/2164 2976/2807/2165
f  2974/2805/2163 2976/2807/2165 2977/2808/2166
f  2978/2809/2167 2979/2810/2168 2980/2811/2169
f  2978/2809/2167 2980/2811/2169 2981/2812/2170
f  2982/2813/2171 2983/2814/2172 2367/2203/1611
f  2982/2813/2171 2367/2203/1611 2362/2198/1606
f  2984/2815/2173 2985/2816/2174 2986/2817/2175
f  2984/2815/2173 2986/2817/2175 2987/2818/2176
f  2988/2819/2177 2989/2820/2178 2990/2821/2179
f  2988/2819/2177 2990/2821/2179 2991/2822/2180
f  2992/2823/2181 2993/2824/2182 2994/2825/2183
f  2992/2823/2181 2994/2825/2183 2995/2826/2184
f  2996/2827/2185 2997/2828/2186 2998/2829/2187
f  2996/2827/2185 2998/2829/2187 2999/2830/2188
f  3000/2831/2189 3001/2832/2190 3002/2833/2191
f  3000/2831/2189 3002/2833/2191 3003/2834/2192
f  3004/2835/2193 3005/2836/2194 3006/2837/2195
f  3004/2835/2193 3006/2837/2195 3007/2838/2196
f  3008/2839/2197 3009/2840/2198 3010/2841/2199
f  3008/2839/2197 3010/2841/2199 3011/2842/2200
f  3012/2843/2201 3013/2844/2202 2370/2206/1614
f  3012/2843/2201 2370/2206/1614 2365/2201/1609
f  3014/2845/2203 3015/2846/2204 3016/2847/2205
f  3014/2845/2203 3016/2847/2205 3017/2848/2206
f  3018/2849/2207 3019/2850/2208 3020/2851/2209
f  3018/2849/2207 3020/2851/2209 3021/2852/2210
f  3022/2853/2211 3023/2854/2212 3024/2855/2213
f  3022/2853/2211 3024/2855/2213 3025/2856/2214
f  3026/2857/2215 3027/2858/2216 3028/2859/2217
f  3026/2857/2215 3028/2859/2217 3029/2860/2218
f  3030/2861/2219 3031/2862/2220 3032/2863/2221
f  3030/2861/2219 3032/2863/2221 3033/2864/2222
f  3034/2865/2223 3035/2866/2224 3036/2867/2225
f  3034/2865/2223 3036/2867/2225 3037/2868/2226
f  3038/2869/2227 3039/2870/2228 2373/2209/1617
f  3038/2869/2227 2373/2209/1617 2368/2204/1612
f  3040/2871/1091 3041/2872/1093 3042/2873/2229
f  3040/2871/1091 3042/2873/2229 3043/2874/1231
f  3044/2875/2230 3045/2876/2231 3046/2877/2232
f  3044/2875/2230 3046/2877/2232 3047/2878/2233
f  3048/2879/2234 3049/2880/2235 3050/2881/2236
f  3048/2879/2234 3050/2881/2236 3051/2882/2237
f  3052/2883/2238 3053/2884/2239 3054/2885/2240
f  3052/2883/2238 3054/2885/2240 3055/2886/2241
f  3056/2887/2242 3057/2888/2243 3058/2889/2244
f  3056/2887/2242 3058/2889/2244 3059/2890/2245
f  3060/2891/2246 3061/2892/2247 3062/2893/2248
f  3060/2891/2246 3062/2893/2248 3063/2894/2249
f  3064/2895/2250 3065/2896/2251 3066/2897/2252
f  3064/2895/2250 3066/2897/2252 3067/2898/2253
f  3068/2899/2254 3069/2900/2255 3070/2901/2256
f  3068/2899/2254 3070/2901/2256 3071/2902/2257
f  3072/2903/2258 3073/2904/2259 2376/2212/1620
f  3072/2903/2258 2376/2212/1620 2371/2207/1615
f  3074/2905/1092 3075/2906/2260 3076/2907/2261
f  3074/2905/1092 3076/2907/2261 3077/2908/2262
f  3078/2909/2263 3079/2910/2264 3080/2911/2265
f  3078/2909/2263 3080/2911/2265 3081/2912/2266
f  3082/2913/2267 3083/2914/2268 3084/2915/2269
f  3082/2913/2267 3084/2915/2269 3085/2916/2270
f  3086/2917/2271 3087/2918/2272 3088/2919/2273
f  3086/2917/2271 3088/2919/2273 3089/2920/2274
f  3090/2921/2275 3091/2922/2276 3092/2923/2277
f  3090/2921/2275 3092/2923/2277 3093/2924/2278
f  3094/2925/2279 3095/2926/2280 3096/2927/2281
f  3094/2925/2279 3096/2927/2281 3097/2928/2282
f  3098/2929/2283 3099/2930/2284 3100/2931/2285
f  3098/2929/2283 3100/2931/2285 3101/2932/2286
f  3102/2933/2287 3103/2934/2288 3104/2935/2289
f  3102/2933/2287 3104/2935/2289 3105/2936/2290
f  3106/2937/2291 3107/2938/2292 2379/2215/1623
f  3106/2937/2291 2379/2215/1623 2374/2210/1618
f  3108/2939/2293 3109/2940/2294 3110/2941/1096
f  3108/2939/2293 3110/2941/1096 3111/2942/2295
f  3112/2943/2296 3113/2944/1095 3114/2945/2297
f  3112/2943/2296 3114/2945/2297 3115/2946/2298
f  3116/2947/2299 3117/2948/2300 3118/2949/2301
f  3116/2947/2299 3118/2949/2301 3119/2950/2302
f  3120/2951/2303 3121/2952/2304 3122/2953/2305
f  3120/2951/2303 3122/2953/2305 3123/2954/2306
f  3124/2955/2307 3125/2956/2308 3126/2957/2309
f  3124/2955/2307 3126/2957/2309 3127/2958/2310
f  3128/2959/2311 3129/2960/2312 3130/2961/2313
f  3128/2959/2311 3130/2961/2313 3131/2962/2314
f  3132/2963/2315 3133/2964/2316 3134/2965/2317
f  3132/2963/2315 3134/2965/2317 3135/2966/2318
f  3136/2967/2319 3137/2968/2320 3138/2969/2321
f  3136/2967/2319 3138/2969/2321 3139/2970/2322
f  3140/2971/2323 3141/2972/2324 2382/2218/1626
f  3140/2971/2323 2382/2218/1626 2377/2213/1621
f  3142/2973/2325 3143/2974/1233 3144/2975/1098
f  3142/2973/2325 3144/2975/1098 3145/2976/1094
f  3146/2977/1235 3147/2978/1234 3148/2979/2326
f  3146/2977/1235 3148/2979/2326 3149/2980/2327
f  3150/2981/2328 3151/2982/2329 3152/2983/2330
f  3150/2981/2328 3152/2983/2330 3153/2984/2331
f  3154/2985/2332 3155/2986/2333 3156/2987/2334
f  3154/2985/2332 3156/2987/2334 3157/2988/2335
f  3158/2989/2336 3159/2990/2337 3160/2991/2338
f  3158/2989/2336 3160/2991/2338 3161/2992/2339
f  3162/2993/2340 3163/2994/2341 3164/2995/2342
f  3162/2993/2340 3164/2995/2342 3165/2996/2343
f  3166/2997/2344 3167/2998/2345 3168/2999/2346
f  3166/2997/2344 3168/2999/2346 3169/3000/2347
f  3170/3001/2348 3171/3002/2349 2385/2221/1629
f  3170/3001/2348 2385/2221/1629 2380/2216/1624
f  3172/3003/1232 3173/3004/2350 3174/3005/1236
f  3172/3003/1232 3174/3005/1236 3175/3006/1097
f  3176/3007/2351 3177/3008/2352 3178/3009/2353
f  3176/3007/2351 3178/3009/2353 3179/3010/2354
f  3180/3011/2355 3181/3012/2356 3182/3013/2357
f  3180/3011/2355 3182/3013/2357 3183/3014/2358
f  3184/3015/2359 3185/3016/2360 3186/3017/2361
f  3184/3015/2359 3186/3017/2361 3187/3018/2362
f  3188/3019/2363 3189/3020/2364 3190/3021/2365
f  3188/3019/2363 3190/3021/2365 3191/3022/2366
f  3192/3023/2367 3193/3024/2368 3194/3025/2369
f  3192/3023/2367 3194/3025/2369 3195/3026/2370
f  3196/3027/2371 3197/3028/2372 3198/3029/2373
f  3196/3027/2371 3198/3029/2373 3199/3030/2374
f  3200/3031/2375 3201/3032/2376 2350/2186/1594
f  3200/3031/2375 2350/2186/1594 2317/2153/1561
f  3202/3033/1237 3203/3034/1089 3204/3035/1222
f  3202/3033/1237 3204/3035/1222 3205/3036/2377
f  3206/3037/2378 3207/3038/1224 3208/3039/1223
f  3206/3037/2378 3208/3039/1223 3209/3040/2379
f  3210/3041/2380 3211/3042/1228 3212/3043/1227
f  3210/3041/2380 3212/3043/1227 3213/3044/2381
f  3214/3045/2382 3215/3046/2383 3216/3047/2384
f  3214/3045/2382 3216/3047/2384 3217/3048/2385
f  3218/3049/2386 3219/3050/2387 3220/3051/2388
f  3218/3049/2386 3220/3051/2388 3221/3052/2389
f  3222/3053/2390 3223/3054/2391 3224/3055/2392
f  3222/3053/2390 3224/3055/2392 3225/3056/2393
f  3226/3057/2394 3227/3058/2395 3228/3059/2396
f  3226/3057/2394 3228/3059/2396 3229/3060/2397
f  3230/3061/2398 3231/3062/2399 3232/3063/2400
f  3230/3061/2398 3232/3063/2400 3233/3064/2401
f  3234/3065/2402 3235/3066/2403 2320/2156/1564
f  3234/3065/2402 2320/2156/1564 2324/2160/1568
f  3236/3067/2404 3237/3068/1090 3238/3069/1088
f  3236/3067/2404 3238/3069/1088 3239/3070/1238
f  3240/3071/2405 3241/3072/2406 3242/3073/2407
f  3240/3071/2405 3242/3073/2407 3243/3074/2408
f  3244/3075/1099 3245/3076/1103 3246/3077/1104
f  3244/3075/1099 3246/3077/1104 3247/3078/1239
f  3248/3079/2409 3249/3080/2410 3250/3081/2411
f  3248/3079/2409 3250/3081/2411 3251/3082/2412
f  3252/3083/2413 3253/3084/2414 3254/3085/2415
f  3252/3083/2413 3254/3085/2415 3255/3086/2416
f  3256/3087/2417 3257/3088/2418 3258/3089/2419
f  3256/3087/2417 3258/3089/2419 3259/3090/2420
f  3260/3091/2421 3261/3092/2422 3262/3093/2423
f  3260/3091/2421 3262/3093/2423 3263/3094/2424
f  3264/3095/2425 3265/3096/2426 3266/3097/2427
f  3264/3095/2425 3266/3097/2427 3267/3098/2428
f  3268/3099/2429 3269/3100/2430 3270/3101/2431
f  3268/3099/2429 3270/3101/2431 3271/3102/2432
f  3272/3103/2433 3273/3104/2434 3274/3105/2435
f  3272/3103/2433 3274/3105/2435 3275/3106/2436
f  3276/3107/2437 3277/3108/2438 3278/3109/2439
f  3276/3107/2437 3278/3109/2439 3279/3110/2440
f  3280/3111/2441 3281/3112/2442 3282/3113/2443
f  3280/3111/2441 3282/3113/2443 3283/3114/2444
f  3284/3115/2445 3285/3116/2446 3286/3117/2447
f  3284/3115/2445 3286/3117/2447 3287/3118/2448
f  3288/3119/2449 3289/3120/2450 3290/3121/2451
f  3288/3119/2449 3290/3121/2451 3291/3122/2452
f  3292/3123/2453 3293/3124/2454 3294/3125/2455
f  3292/3123/2453 3294/3125/2455 3295/3126/2456
f  3296/3127/2457 3297/3128/2458 3298/3129/2459
f  3296/3127/2457 3298/3129/2459 3299/3130/2460
f  3300/3131/2461 3301/3132/2462 3302/3133/2463
f  3300/3131/2461 3302/3133/2463 3303/3134/2464
f  3304/3135/2465 3305/3136/2466 2391/2227/1635
f  3304/3135/2465 2391/2227/1635 2387/2223/1631
f  3306/3137/2467 3307/3138/2468 3308/3139/2469
f  3306/3137/2467 3308/3139/2469 3309/3140/2470
f  3310/3141/2471 3311/3142/2472 3312/3143/2473
f  3310/3141/2471 3312/3143/2473 3313/3144/2474
f  3314/3145/2475 3315/3146/2476 3316/3147/2477
f  3314/3145/2475 3316/3147/2477 3317/3148/2478
f  3318/3149/2479 3319/3150/2480 3320/3151/2481
f  3318/3149/2479 3320/3151/2481 3321/3152/2482
f  3322/3153/2483 3323/3154/2484 3324/3155/2485
f  3322/3153/2483 3324/3155/2485 3325/3156/2486
f  3326/3157/2487 3327/3158/2488 3328/3159/2489
f  3326/3157/2487 3328/3159/2489 3329/3160/2490
f  3330/3161/2491 3331/3162/2492 3332/3163/2493
f  3330/3161/2491 3332/3163/2493 3333/3164/2494
f  3334/3165/2495 3335/3166/2496 3336/3167/2497
f  3334/3165/2495 3336/3167/2497 3337/3168/2498
f  3338/3169/2499 3339/3170/2500 3340/3171/2501
f  3338/3169/2499 3340/3171/2501 3341/3172/2502
f  3342/3173/2503 3343/3174/2504 3344/3175/2505
f  3342/3173/2503 3344/3175/2505 3345/3176/2506
f  3346/3177/2507 3347/3178/2508 2398/2234/1639
f  3346/3177/2507 2398/2234/1639 2402/2238/1642
f  3348/3179/2509 3349/3180/2510 3350/3181/2511
f  3348/3179/2509 3350/3181/2511 3351/3182/2512
f  3352/3183/2513 3353/3184/2514 3354/3185/2515
f  3352/3183/2513 3354/3185/2515 3355/3186/2516
f  3356/3187/2517 3357/3188/2518 3358/3189/2519
f  3356/3187/2517 3358/3189/2519 3359/3190/2520
f  3360/3191/2521 3361/3192/2522 3362/3193/2523
f  3360/3191/2521 3362/3193/2523 3363/3194/2524
f  3364/3195/2525 3365/3196/2526 3366/3197/2527
f  3364/3195/2525 3366/3197/2527 3367/3198/2528
f  3368/3199/2529 3369/3200/2530 3370/3201/2531
f  3368/3199/2529 3370/3201/2531 3371/3202/2532
f  3372/3203/2533 3373/3204/2534 3374/3205/2535
f  3372/3203/2533 3374/3205/2535 3375/3206/2536
f  3376/3207/2537 3377/3208/2538 3378/3209/2539
f  3376/3207/2537 3378/3209/2539 3379/3210/2540
f  3380/3211/1101 3381/3212/1100 3382/3213/1244
f  3380/3211/1101 3382/3213/1244 3383/3214/2541
f  3384/3215/2542 3385/3216/2543 3386/3217/2544
f  3384/3215/2542 3386/3217/2544 3387/3218/2545
f  3388/3219/2546 3389/3220/2547 2401/2237/1641
f  3388/3219/2546 2401/2237/1641 2405/2241/1645
f  3390/3221/2548 3391/3222/2549 3392/3223/2550
f  3390/3221/2548 3392/3223/2550 3393/3224/2551
f  3394/3225/2552 3395/3226/2553 3396/3227/2554
f  3394/3225/2552 3396/3227/2554 3397/3228/2555
f  3398/3229/2556 3399/3230/2557 3400/3231/2558
f  3398/3229/2556 3400/3231/2558 3401/3232/2559
f  3402/3233/2560 3403/3234/2561 3404/3235/2562
f  3402/3233/2560 3404/3235/2562 3405/3236/2563
f  3406/3237/2564 3407/3238/2565 3408/3239/2566
f  3406/3237/2564 3408/3239/2566 3409/3240/2567
f  3410/3241/2568 3411/3242/2569 3412/3243/2570
f  3410/3241/2568 3412/3243/2570 3413/3244/2571
f  3414/3245/2572 3415/3246/2573 3416/3247/2574
f  3414/3245/2572 3416/3247/2574 3417/3248/2575
f  3418/3249/2576 3419/3250/2577 3420/3251/2578
f  3418/3249/2576 3420/3251/2578 3421/3252/2579
f  3422/3253/2580 3423/3254/2581 2404/2240/1644
f  3422/3253/2580 2404/2240/1644 2408/2244/1648
f  3424/3255/1246 3425/3256/1245 3426/3257/2582
f  3424/3255/1246 3426/3257/2582 3427/3258/2583
f  3428/3259/2584 3429/3260/2585 3430/3261/2586
f  3428/3259/2584 3430/3261/2586 3431/3262/2587
f  3432/3263/2588 3433/3264/2589 3434/3265/2590
f  3432/3263/2588 3434/3265/2590 3435/3266/2591
f  3436/3267/2592 3437/3268/2593 3438/3269/2594
f  3436/3267/2592 3438/3269/2594 3439/3270/2595
f  3440/3271/2596 3441/3272/2597 3442/3273/2598
f  3440/3271/2596 3442/3273/2598 3443/3274/2599
f  3444/3275/2600 3445/3276/2601 3446/3277/2602
f  3444/3275/2600 3446/3277/2602 3447/3278/2603
f  3448/3279/2604 3449/3280/2605 3450/3281/2606
f  3448/3279/2604 3450/3281/2606 3451/3282/2607
f  3452/3283/2608 3453/3284/2609 2407/2243/1647
f  3452/3283/2608 2407/2243/1647 2411/2247/1651
f  3454/3285/1249 3455/3286/2610 3456/3287/2611
f  3454/3285/1249 3456/3287/2611 3457/3288/1250
f  3458/3289/2612 3459/3290/2613 3460/3291/2614
f  3458/3289/2612 3460/3291/2614 3461/3292/2615
f  3462/3293/2616 3463/3294/2617 3464/3295/2618
f  3462/3293/2616 3464/3295/2618 3465/3296/2619
f  3466/3297/2620 3467/3298/2621 3468/3299/2622
f  3466/3297/2620 3468/3299/2622 3469/3300/2623
f  3470/3301/2624 3471/3302/2625 3472/3303/2626
f  3470/3301/2624 3472/3303/2626 3473/3304/2627
f  3474/3305/2628 3475/3306/2629 3476/3307/2630
f  3474/3305/2628 3476/3307/2630 3477/3308/2631
f  3478/3309/2632 3479/3310/2633 3480/3311/2634
f  3478/3309/2632 3480/3311/2634 3481/3312/2635
f  3482/3313/2636 3483/3314/2637 3484/3315/2638
f  3482/3313/2636 3484/3315/2638 3485/3316/2639
f  3486/3317/2640 3487/3318/2641 3488/3319/2642
f  3486/3317/2640 3488/3319/2642 3489/3320/2643
f  3490/3321/2644 3491/3322/2645 2410/2246/1650
f  3490/3321/2644 2410/2246/1650 2414/2250/1654
f  3492/3323/1251 3493/3324/1248 3494/3325/1247
f  3492/3323/1251 3494/3325/1247 3495/3326/1252
f  3496/3327/1255 3497/3328/2646 3498/3329/2647
f  3496/3327/1255 3498/3329/2647 3499/3330/1256
f  3500/3331/2648 3501/3332/2649 3502/3333/2650
f  3500/3331/2648 3502/3333/2650 3503/3334/2651
f  3504/3335/2652 3505/3336/2653 3506/3337/2654
f  3504/3335/2652 3506/3337/2654 3507/3338/2655
f  3508/3339/2656 3509/3340/2657 3510/3341/2658
f  3508/3339/2656 3510/3341/2658 3511/3342/2659
f  3512/3343/2660 3513/3344/2661 3514/3345/2662
f  3512/3343/2660 3514/3345/2662 3515/3346/2663
f  3516/3347/2664 3517/3348/2665 3518/3349/2666
f  3516/3347/2664 3518/3349/2666 3519/3350/2667
f  3520/3351/2668 3521/3352/2669 3522/3353/2670
f  3520/3351/2668 3522/3353/2670 3523/3354/2671
f  3524/3355/2672 3525/3356/2673 3526/3357/2674
f  3524/3355/2672 3526/3357/2674 3527/3358/2675
f  3528/3359/2676 3529/3360/2677 2413/2249/1653
f  3528/3359/2676 2413/2249/1653 2417/2253/1656
f  3530/3361/2678 3531/3362/1254 3532/3363/1253
f  3530/3361/2678 3532/3363/1253 3533/3364/2679
f  3534/3365/2680 3535/3366/2681 3536/3367/2682
f  3534/3365/2680 3536/3367/2682 3537/3368/2683
f  3538/3369/2684 3539/3370/2685 3540/3371/2686
f  3538/3369/2684 3540/3371/2686 3541/3372/2687
f  3542/3373/2688 3543/3374/2689 3544/3375/2690
f  3542/3373/2688 3544/3375/2690 3545/3376/2691
f  3546/3377/2692 3547/3378/2693 3548/3379/2694
f  3546/3377/2692 3548/3379/2694 3549/3380/2695
f  3550/3381/2696 3551/3382/2697 3552/3383/2698
f  3550/3381/2696 3552/3383/2698 3553/3384/2699
f  3554/3385/2700 3555/3386/2701 3556/3387/2702
f  3554/3385/2700 3556/3387/2702 3557/3388/2703
f  3558/3389/2704 3559/3390/2705 3560/3391/2706
f  3558/3389/2704 3560/3391/2706 3561/3392/2707
f  3562/3393/1259 3563/3394/2708 3564/3395/2709
f  3562/3393/1259 3564/3395/2709 3565/3396/1260
f  3566/3397/2710 3567/3398/2711 3568/3399/2712
f  3566/3397/2710 3568/3399/2712 3569/3400/2713
f  3570/3401/2714 3571/3402/2715 3572/3403/2716
f  3570/3401/2714 3572/3403/2716 3573/3404/2717
f  3574/3405/2718 3575/3406/2719 3576/3407/2720
f  3574/3405/2718 3576/3407/2720 3577/3408/2721
f  3578/3409/2722 3579/3410/2723 3580/3411/2724
f  3578/3409/2722 3580/3411/2724 3581/3412/2725
f  3582/3413/2726 3583/3414/2727 3584/3415/2728
f  3582/3413/2726 3584/3415/2728 3585/3416/2729
f  3586/3417/2730 3587/3418/2731 3588/3419/2732
f  3586/3417/2730 3588/3419/2732 3589/3420/2733
f  3590/3421/2734 3591/3422/2735 3592/3423/2736
f  3590/3421/2734 3592/3423/2736 3593/3424/2737
f  3594/3425/2738 3595/3426/2739 3596/3427/2740
f  3594/3425/2738 3596/3427/2740 3597/3428/2741
f  3598/3429/2742 3599/3430/2743 2427/2263/1664
f  3598/3429/2742 2427/2263/1664 2423/2259/1661
f  3600/3431/1102 3601/3432/1258 3602/3433/1257
f  3600/3431/1102 3602/3433/1257 3603/3434/1261
f  3604/3435/1262 3605/3436/2744 3606/3437/2745
f  3604/3435/1262 3606/3437/2745 3607/3438/1263
f  3608/3439/2746 3609/3440/2747 3610/3441/2748
f  3608/3439/2746 3610/3441/2748 3611/3442/2749
f  3612/3443/2750 3613/3444/2751 3614/3445/2752
f  3612/3443/2750 3614/3445/2752 3615/3446/2753
f  3616/3447/2754 3617/3448/2755 3618/3449/2756
f  3616/3447/2754 3618/3449/2756 3619/3450/2757
f  3620/3451/2758 3621/3452/2759 3622/3453/2760
f  3620/3451/2758 3622/3453/2760 3623/3454/2761
f  3624/3455/2762 3625/3456/2763 2419/2255/1658
f  3624/3455/2762 2419/2255/1658 2383/2219/1627
f  3626/3457/2764 3627/3458/2765 3628/3459/2766
f  3626/3457/2764 3628/3459/2766 3629/3460/2767
f  3630/3461/2768 3631/3462/2769 3632/3463/2770
f  3630/3461/2768 3632/3463/2770 3633/3464/2771
f  3634/3465/2772 3635/3466/2773 3636/3467/2774
f  3634/3465/2772 3636/3467/2774 3637/3468/2775
f  3638/3469/2776 3639/3470/2777 3640/3471/2778
f  3638/3469/2776 3640/3471/2778 3641/3472/2779
f  3642/3473/2780 3643/3474/2781 3644/3475/2782
f  3642/3473/2780 3644/3475/2782 3645/3476/2783
f  3646/3477/2784 3647/3478/2785 3648/3479/2786
f  3646/3477/2784 3648/3479/2786 3649/3480/2787
f  3650/3481/2788 3651/3482/2789 3652/3483/2790
f  3650/3481/2788 3652/3483/2790 3653/3484/2791
f  3654/3485/2792 3655/3486/2793 2386/2222/1630
f  3654/3485/2792 2386/2222/1630 2393/2229/1636
f  3656/3487/2794 3657/3488/2795 3658/3489/2796
f  3656/3487/2794 3658/3489/2796 3659/3490/2797
f  3660/3491/1105 3661/3492/1264 3662/3493/2798
f  3660/3491/1105 3662/3493/2798 3663/3494/1266
f  3664/3495/1267 3665/3496/1272 3666/3497/1271
f  3664/3495/1267 3666/3497/1271 3667/3498/1268
f  3668/3499/1275 3669/3500/2799 3670/3501/2800
f  3668/3499/1275 3670/3501/2800 3671/3502/1276
f  3672/3503/1279 3673/3504/2801 3674/3505/2802
f  3672/3503/1279 3674/3505/2802 3675/3506/1280
f  3676/3507/1283 3677/3508/2803 3678/3509/2804
f  3676/3507/1283 3678/3509/2804 3679/3510/1284
f  3680/3511/2805 3681/3512/2806 3682/3513/2807
f  3680/3511/2805 3682/3513/2807 3683/3514/2808
f  3684/3515/1269 3685/3516/2809 3686/3517/2810
f  3684/3515/1269 3686/3517/2810 3687/3518/1270
f  3688/3519/2811 3689/3520/2812 3690/3521/2813
f  3688/3519/2811 3690/3521/2813 3691/3522/2814
f  3692/3523/2815 3693/3524/2816 3694/3525/2817
f  3692/3523/2815 3694/3525/2817 3695/3526/2818
f  3696/3527/2819 3697/3528/2820 3698/3529/2821
f  3696/3527/2819 3698/3529/2821 3699/3530/2822
f  3700/3531/2823 3701/3532/2824 3702/3533/2825
f  3700/3531/2823 3702/3533/2825 3703/3534/2826
f  3704/3535/2827 3705/3536/2828 3706/3537/2829
f  3704/3535/2827 3706/3537/2829 3707/3538/2830
f  3708/3539/2831 3709/3540/2832 3710/3541/2833
f  3708/3539/2831 3710/3541/2833 3711/3542/2834
f  3712/3543/2835 3713/3544/2836 3714/3545/2837
f  3712/3543/2835 3714/3545/2837 3715/3546/2838
f  3716/3547/2839 3717/3548/2840 2433/2264/1668
f  3716/3547/2839 2433/2264/1668 2428/2264/1665
f  3718/3549/2841 3719/3550/2842 3720/3551/2843
f  3718/3549/2841 3720/3551/2843 3721/3552/2844
f  3722/3553/2845 3723/3554/2846 3724/3555/2847
f  3722/3553/2845 3724/3555/2847 3725/3556/2848
f  3726/3557/2849 3727/3558/2850 3728/3559/2851
f  3726/3557/2849 3728/3559/2851 3729/3560/2852
f  3730/3561/2853 3731/3562/2854 3732/3563/2855
f  3730/3561/2853 3732/3563/2855 3733/3564/2856
f  3734/3565/2857 3735/3566/2858 3736/3567/2859
f  3734/3565/2857 3736/3567/2859 3737/3568/2860
f  3738/3569/2861 3739/3570/2862 3740/3571/2863
f  3738/3569/2861 3740/3571/2863 3741/3572/2864
f  3742/3573/2865 3743/3574/2866 3744/3575/2867
f  3742/3573/2865 3744/3575/2867 3745/3576/2868
f  3746/3577/2869 3747/3578/1286 3748/3579/1285
f  3746/3577/2869 3748/3579/1285 3749/3580/2870
f  3750/3581/2871 3751/3582/2872 3752/3583/2873
f  3750/3581/2871 3752/3583/2873 3753/3584/2874
f  3754/3585/2875 3755/3586/2876 3756/3587/2877
f  3754/3585/2875 3756/3587/2877 3757/3588/2878
f  3758/3589/2879 3759/3590/2880 3760/3591/2881
f  3758/3589/2879 3760/3591/2881 3761/3592/2882
f  3762/3593/2883 3763/3594/2884 3764/3595/2885
f  3762/3593/2883 3764/3595/2885 3765/3596/2886
f  3766/3597/2887 3767/3598/2888 3768/3599/2889
f  3766/3597/2887 3768/3599/2889 3769/3600/2890
f  3770/3601/2891 3771/3602/2892 3772/3603/2893
f  3770/3601/2891 3772/3603/2893 3773/3604/2894
f  3774/3605/2895 3775/3606/2896 3776/3607/2897
f  3774/3605/2895 3776/3607/2897 3777/3608/2898
f  3778/3609/1107 3779/3610/1108 3780/3611/1288
f  3778/3609/1107 3780/3611/1288 3781/3612/1287
f  3782/3613/2899 3783/3614/2900 3784/3615/2901
f  3782/3613/2899 3784/3615/2901 3785/3616/2902
f  3786/3617/2903 3787/3618/2904 3788/3619/2905
f  3786/3617/2903 3788/3619/2905 3789/3620/2906
f  3790/3621/2907 3791/3622/2908 3792/3623/2909
f  3790/3621/2907 3792/3623/2909 3793/3624/2910
f  3794/3625/2911 3795/3626/2912 3796/3627/2913
f  3794/3625/2911 3796/3627/2913 3797/3628/2914
f  3798/3629/2915 3799/3630/2916 3800/3631/2917
f  3798/3629/2915 3800/3631/2917 3801/3632/2918
f  3802/3633/2919 3803/3634/2920 3804/3635/2921
f  3802/3633/2919 3804/3635/2921 3805/3636/2922
f  3806/3637/2923 3807/3638/2924 3808/3639/2925
f  3806/3637/2923 3808/3639/2925 3809/3640/2926
f  3810/3641/2927 3811/3642/2928 3812/3643/2929
f  3810/3641/2927 3812/3643/2929 3813/3644/2930
f  3814/3645/2931 3815/3646/2932 3816/3647/2933
f  3814/3645/2931 3816/3647/2933 3817/3648/2934
f  3818/3649/2935 3819/3650/2936 3820/3651/2937
f  3818/3649/2935 3820/3651/2937 3821/3652/2938
f  3822/3653/2939 3823/3654/2940 3824/3655/2941
f  3822/3653/2939 3824/3655/2941 3825/3656/2942
f  3826/3657/2943 3827/3658/2944 3828/3659/2945
f  3826/3657/2943 3828/3659/2945 3829/3660/2946
f  3830/3661/2947 3831/3662/2948 3832/3663/2949
f  3830/3661/2947 3832/3663/2949 3833/3664/2950
f  3834/3665/2951 3835/3666/2952 3836/3667/2953
f  3834/3665/2951 3836/3667/2953 3837/3668/2954
f  3838/3669/2955 3839/3670/2956 3840/3671/2957
f  3838/3669/2955 3840/3671/2957 3841/3672/2958
f  3842/3673/2959 3843/3674/2960 3844/3675/2961
f  3842/3673/2959 3844/3675/2961 3845/3676/2962
f  3846/3677/2963 3847/3678/2964 3848/3679/2965
f  3846/3677/2963 3848/3679/2965 3849/3680/2966
f  3850/3681/2967 3851/3682/2968 3852/3683/2969
f  3850/3681/2967 3852/3683/2969 3853/3684/2970
f  3854/3685/2971 3855/3686/2972 3856/3687/2973
f  3854/3685/2971 3856/3687/2973 3857/3688/2974
f  3858/3689/2975 3859/3690/2976 3860/3691/2977
f  3858/3689/2975 3860/3691/2977 3861/3692/2978
f  3862/3693/2979 3863/3694/2980 3864/3695/2981
f  3862/3693/2979 3864/3695/2981 3865/3696/2982
f  3866/3697/2983 3867/3698/2984 3868/3699/2985
f  3866/3697/2983 3868/3699/2985 3869/3700/2986
f  3870/3701/2987 3871/3702/1292 3872/3703/1291
f  3870/3701/2987 3872/3703/1291 3873/3704/2988
f  3874/3705/2989 3875/3706/2990 3876/3707/2991
f  3874/3705/2989 3876/3707/2991 3877/3708/2992
f  3878/3709/2993 3879/3710/2994 3880/3711/2995
f  3878/3709/2993 3880/3711/2995 3881/3712/2996
f  3882/3713/2997 3883/3714/2998 3884/3715/2999
f  3882/3713/2997 3884/3715/2999 3885/3716/3000
f  3886/3717/3001 3887/3718/3002 3888/3719/3003
f  3886/3717/3001 3888/3719/3003 3889/3720/3004
f  3890/3721/3005 3891/3722/3006 3892/3723/3007
f  3890/3721/3005 3892/3723/3007 3893/3724/3008
f  3894/3725/3009 3895/3726/3010 3896/3727/3011
f  3894/3725/3009 3896/3727/3011 3897/3728/3012
f  3898/3729/1289 3899/3730/3013 3900/3731/3014
f  3898/3729/1289 3900/3731/3014 3901/3732/1290
f  3902/3733/3015 3903/3734/3016 3904/3735/3017
f  3902/3733/3015 3904/3735/3017 3905/3736/3018
f  3906/3737/3019 3907/3738/3020 3908/3739/3021
f  3906/3737/3019 3908/3739/3021 3909/3740/3022
f  3910/3741/3023 3911/3742/3024 3912/3743/3025
f  3910/3741/3023 3912/3743/3025 3913/3744/3026
f  3914/3745/3027 3915/3746/3028 3916/3747/3029
f  3914/3745/3027 3916/3747/3029 3917/3748/3030
f  3918/3749/3031 3919/3750/3032 3920/3751/3033
f  3918/3749/3031 3920/3751/3033 3921/3752/3034
f  3922/3753/3035 3923/3754/3036 3924/3755/3037
f  3922/3753/3035 3924/3755/3037 3925/3756/3038
f  3926/3757/3039 3927/3758/3040 3928/3759/3041
f  3926/3757/3039 3928/3759/3041 3929/3760/3042
f  3930/3761/1109 3931/3762/1110 3932/3763/1294
f  3930/3761/1109 3932/3763/1294 3933/3764/1293
f  3934/3765/3043 3935/3766/3044 3936/3767/3045
f  3934/3765/3043 3936/3767/3045 3937/3768/3046
f  3938/3769/3047 3939/3770/3048 3940/3771/3049
f  3938/3769/3047 3940/3771/3049 3941/3772/3050
f  3942/3773/3051 3943/3774/3052 3944/3775/3053
f  3942/3773/3051 3944/3775/3053 3945/3776/3054
f  3946/3777/3055 3947/3778/3056 3948/3779/3057
f  3946/3777/3055 3948/3779/3057 3949/3780/3058
f  3950/3781/3059 3951/3782/3060 3952/3783/3061
f  3950/3781/3059 3952/3783/3061 3953/3784/3062
f  3954/3785/3063 3955/3786/3064 3956/3787/3065
f  3954/3785/3063 3956/3787/3065 3957/3788/3066
f  3958/3789/3067 3959/3790/3068 3960/3791/3069
f  3958/3789/3067 3960/3791/3069 3961/3792/3070
f  3962/3793/3071 3963/3794/1298 3964/3795/1297
f  3962/3793/3071 3964/3795/1297 3965/3796/3072
f  3966/3797/3073 3967/3798/3074 2457/2288/1679
f  3966/3797/3073 2457/2288/1679 2452/2283/1675
f  3968/3799/3075 3969/3800/3076 3970/3801/3077
f  3968/3799/3075 3970/3801/3077 3971/3802/3078
f  3972/3803/3079 3973/3804/1301 3974/3805/1300
f  3972/3803/3079 3974/3805/1300 3975/3806/3080
f  3976/3807/3081 3977/3808/3082 3978/3809/3083
f  3976/3807/3081 3978/3809/3083 3979/3810/3084
f  3980/3811/3085 3981/3812/3086 3982/3813/3087
f  3980/3811/3085 3982/3813/3087 3983/3814/3088
f  3984/3815/3089 3985/3816/3090 3986/3817/3091
f  3984/3815/3089 3986/3817/3091 3987/3818/3092
f  3988/3819/1295 3989/3820/1112 3990/3821/1299
f  3988/3819/1295 3990/3821/1299 3991/3822/1296
f  3992/3823/3093 3993/3824/3094 2422/2258/1660
f  3992/3823/3093 2422/2258/1660 2389/2225/1633
f  3994/3825/1242 3995/3826/1274 3996/3827/1273
f  3994/3825/1242 3996/3827/1273 3997/3828/1243
f  3998/3829/3095 3999/3830/3096 4000/3831/3097
f  3998/3829/3095 4000/3831/3097 4001/3832/3098
f  4002/3833/3099 4003/3834/1278 4004/3835/1277
f  4002/3833/3099 4004/3835/1277 4005/3836/3100
f  4006/3837/3101 4007/3838/3102 4008/3839/3103
f  4006/3837/3101 4008/3839/3103 4009/3840/3104
f  4010/3841/3105 4011/3842/1282 4012/3843/1281
f  4010/3841/3105 4012/3843/1281 4013/3844/3106
f  4014/3845/3107 4015/3846/3108 4016/3847/3109
f  4014/3845/3107 4016/3847/3109 4017/3848/3110
f  4018/3849/3111 4019/3850/3112 4020/3851/3113
f  4018/3849/3111 4020/3851/3113 4021/3852/3114
f  4022/3853/1240 4023/3854/1106 4024/3855/1265
f  4022/3853/1240 4024/3855/1265 4025/3856/1241
f  4026/3857/3115 4027/3858/3116 4028/3859/3117
f  4026/3857/3115 4028/3859/3117 4029/3860/3118
f  4030/3861/3119 4031/3862/3120 2355/2191/1599
f  4030/3861/3119 2355/2191/1599 2351/2187/1595
f  4032/3863/3121 4033/3864/3122 4034/3865/3123
f  4032/3863/3121 4034/3865/3123 4035/3866/3124
f  4036/3867/3125 4037/3868/3126 4038/3869/3127
f  4036/3867/3125 4038/3869/3127 4039/3870/3128
f  4040/3871/3129 4041/3872/3130 4042/3873/3131
f  4040/3871/3129 4042/3873/3131 4043/3874/3132
f  4044/3875/3133 4045/3876/3134 4046/3877/3135
f  4044/3875/3133 4046/3877/3135 4047/3878/3136
f  4048/3879/3137 4049/3880/3138 4050/3881/3139
f  4048/3879/3137 4050/3881/3139 4051/3882/3140
f  4052/3883/3141 4053/3884/3142 4054/3885/3143
f  4052/3883/3141 4054/3885/3143 4055/3886/3144
f  4056/3887/1303 4057/3888/1302 4058/3889/1085
f  4056/3887/1303 4058/3889/1085 4059/3890/1111
f  2462/2293/1684 2531/2362/1751 2532/2363/1752
f  2462/2293/1684 2532/2363/1752 2459/2290/1681
f  2494/2325/1714 2527/2358/1747 2528/2359/1748
f  2494/2325/1714 2528/2359/1748 2461/2292/1683
f  2490/2321/1710 2523/2354/1743 2524/2355/1744
f  2490/2321/1710 2524/2355/1744 2493/2324/1713
f  2486/2317/1706 2519/2350/1739 2520/2351/1740
f  2486/2317/1706 2520/2351/1740 2489/2320/1709
f  2482/2313/1702 2515/2346/1735 2516/2347/1736
f  2482/2313/1702 2516/2347/1736 2485/2316/1705
f  2478/2309/1698 2511/2342/1731 2512/2343/1732
f  2478/2309/1698 2512/2343/1732 2481/2312/1701
f  2474/2305/1694 2507/2338/1727 2508/2339/1728
f  2474/2305/1694 2508/2339/1728 2477/2308/1697
f  2470/2301/1690 2503/2334/1723 2504/2335/1724
f  2470/2301/1690 2504/2335/1724 2473/2304/1693
f  2466/2297/1686 2499/2330/1719 2500/2331/1720
f  2466/2297/1686 2500/2331/1720 2469/2300/1689
f  4060/3891/559 4061/3892/601 2496/2327/1716
f  4060/3891/559 2496/2327/1716 2465/2296/1202
f  4062/3893/597 3236/3067/2404 2497/2328/1717
f  4062/3893/597 2497/2328/1717 4063/3894/600
f  3239/3070/1238 3202/3033/1237 2501/2332/1721
f  3239/3070/1238 2501/2332/1721 2498/2329/1718
f  3205/3036/2377 3206/3037/2378 2505/2336/1725
f  3205/3036/2377 2505/2336/1725 2502/2333/1722
f  3209/3040/2379 3210/3041/2380 2509/2340/1729
f  3209/3040/2379 2509/2340/1729 2506/2337/1726
f  3213/3044/2381 3214/3045/2382 2513/2344/1733
f  3213/3044/2381 2513/2344/1733 2510/2341/1730
f  3217/3048/2385 3218/3049/2386 2517/2348/1737
f  3217/3048/2385 2517/2348/1737 2514/2345/1734
f  3221/3052/2389 3222/3053/2390 2521/2352/1741
f  3221/3052/2389 2521/2352/1741 2518/2349/1738
f  3225/3056/2393 3226/3057/2394 2525/2356/1745
f  3225/3056/2393 2525/2356/1745 2522/2353/1742
f  3229/3060/2397 3230/3061/2398 2529/2360/1749
f  3229/3060/2397 2529/2360/1749 2526/2357/1746
f  3233/3064/2401 3200/3031/2375 2533/2364/1753
f  3233/3064/2401 2533/2364/1753 2530/2361/1750
f  2536/2367/1756 2463/2294/1685 2458/2289/1680
f  2536/2367/1756 2458/2289/1680 3235/3066/2403
f  2570/2401/1787 2495/2326/1715 2460/2291/1682
f  2570/2401/1787 2460/2291/1682 2535/2366/1755
f  2566/2397/1783 2491/2322/1711 2492/2323/1712
f  2566/2397/1783 2492/2323/1712 2569/2400/1786
f  2562/2393/1779 2487/2318/1707 2488/2319/1708
f  2562/2393/1779 2488/2319/1708 2565/2396/1782
f  2558/2389/1775 2483/2314/1703 2484/2315/1704
f  2558/2389/1775 2484/2315/1704 2561/2392/1778
f  2554/2385/1771 2479/2310/1699 2480/2311/1700
f  2554/2385/1771 2480/2311/1700 2557/2388/1774
f  2550/2381/1767 2475/2306/1695 2476/2307/1696
f  2550/2381/1767 2476/2307/1696 2553/2384/1770
f  2546/2377/1763 2471/2302/1691 2472/2303/1692
f  2546/2377/1763 2472/2303/1692 2549/2380/1766
f  2542/2373/1760 2467/2298/1687 2468/2299/1688
f  2542/2373/1760 2468/2299/1688 2545/2376/1762
f  2574/2405/1791 2537/2368/1757 3234/3065/2402
f  2574/2405/1791 3234/3065/2402 2539/2370/1759
f  2604/2435/1821 2571/2402/1788 2534/2365/1754
f  2604/2435/1821 2534/2365/1754 2573/2404/1790
f  2600/2431/1817 2567/2398/1784 2568/2399/1785
f  2600/2431/1817 2568/2399/1785 2603/2434/1820
f  2596/2427/1813 2563/2394/1780 2564/2395/1781
f  2596/2427/1813 2564/2395/1781 2599/2430/1816
f  2592/2423/1809 2559/2390/1776 2560/2391/1777
f  2592/2423/1809 2560/2391/1777 2595/2426/1812
f  2588/2419/1805 2555/2386/1772 2556/2387/1773
f  2588/2419/1805 2556/2387/1773 2591/2422/1808
f  2584/2415/1801 2551/2382/1768 2552/2383/1769
f  2584/2415/1801 2552/2383/1769 2587/2418/1804
f  2580/2411/1797 2547/2378/1764 2548/2379/1765
f  2580/2411/1797 2548/2379/1765 2583/2414/1800
f  4064/3895/608 2543/2374/1203 2544/2375/1761
f  4064/3895/608 2544/2375/1761 2579/2410/1796
f  2608/2439/1825 2575/2406/1792 2538/2369/1758
f  2608/2439/1825 2538/2369/1758 2577/2408/1794
f  2638/2469/1853 2605/2436/1822 2572/2403/1789
f  2638/2469/1853 2572/2403/1789 2607/2438/1824
f  2634/2465/1849 2601/2432/1818 2602/2433/1819
f  2634/2465/1849 2602/2433/1819 2637/2468/1852
f  2630/2461/1845 2597/2428/1814 2598/2429/1815
f  2630/2461/1845 2598/2429/1815 2633/2464/1848
f  2626/2457/1841 2593/2424/1810 2594/2425/1811
f  2626/2457/1841 2594/2425/1811 2629/2460/1844
f  2622/2453/1837 2589/2420/1806 2590/2421/1807
f  2622/2453/1837 2590/2421/1807 2625/2456/1840
f  2618/2449/1834 2585/2416/1802 2586/2417/1803
f  2618/2449/1834 2586/2417/1803 2621/2452/1836
f  2614/2445/1831 2581/2412/1798 2582/2413/1799
f  2614/2445/1831 2582/2413/1799 2617/2448/1833
f  4065/3896/616 4066/3897/609 2578/2409/1795
f  4065/3896/616 2578/2409/1795 2613/2444/1830
f  2642/2473/1857 2609/2440/1826 2576/2407/1793
f  2642/2473/1857 2576/2407/1793 2611/2442/1828
f  2672/2503/1883 2639/2470/1854 2606/2437/1823
f  2672/2503/1883 2606/2437/1823 2641/2472/1856
f  2668/2499/1879 2635/2466/1850 2636/2467/1851
f  2668/2499/1879 2636/2467/1851 2671/2502/1882
f  2664/2495/1875 2631/2462/1846 2632/2463/1847
f  2664/2495/1875 2632/2463/1847 2667/2498/1878
f  2660/2491/1871 2627/2458/1842 2628/2459/1843
f  2660/2491/1871 2628/2459/1843 2663/2494/1874
f  2656/2487/1867 2623/2454/1838 2624/2455/1839
f  2656/2487/1867 2624/2455/1839 2659/2490/1870
f  2652/2483/1204 2619/2450/1207 2620/2451/1835
f  2652/2483/1204 2620/2451/1835 2655/2486/1866
f  2648/2479/1863 2615/2446/1832 2616/2447/1206
f  2648/2479/1863 2616/2447/1206 2651/2482/1205
f  4067/3898/624 4068/3899/617 2612/2443/1829
f  4067/3898/624 2612/2443/1829 2647/2478/1862
f  2676/2507/1887 2643/2474/1858 2610/2441/1827
f  2676/2507/1887 2610/2441/1827 2645/2476/1860
f  2706/2537/1915 2673/2504/1884 2640/2471/1855
f  2706/2537/1915 2640/2471/1855 2675/2506/1886
f  2702/2533/1911 2669/2500/1880 2670/2501/1881
f  2702/2533/1911 2670/2501/1881 2705/2536/1914
f  2698/2529/1907 2665/2496/1876 2666/2497/1877
f  2698/2529/1907 2666/2497/1877 2701/2532/1910
f  2694/2525/1903 2661/2492/1872 2662/2493/1873
f  2694/2525/1903 2662/2493/1873 2697/2528/1906
f  2690/2521/1899 2657/2488/1868 2658/2489/1869
f  2690/2521/1899 2658/2489/1869 2693/2524/1902
f  2686/2517/1208 2653/2484/1211 2654/2485/1865
f  2686/2517/1208 2654/2485/1865 2689/2520/1898
f  2682/2513/1893 2649/2480/1864 2650/2481/1210
f  2682/2513/1893 2650/2481/1210 2685/2516/1209
f  4069/3900/632 4070/3901/625 2646/2477/1861
f  4069/3900/632 2646/2477/1861 2681/2512/1892
f  2710/2541/1919 2677/2508/1888 2644/2475/1859
f  2710/2541/1919 2644/2475/1859 2679/2510/1890
f  2744/2575/1949 2707/2538/1916 2674/2505/1885
f  2744/2575/1949 2674/2505/1885 2709/2540/1918
f  2740/2571/1945 2703/2534/1912 2704/2535/1913
f  2740/2571/1945 2704/2535/1913 2743/2574/1948
f  2736/2567/1941 2699/2530/1908 2700/2531/1909
f  2736/2567/1941 2700/2531/1909 2739/2570/1944
f  2732/2563/1937 2695/2526/1904 2696/2527/1905
f  2732/2563/1937 2696/2527/1905 2735/2566/1940
f  2728/2559/1933 2691/2522/1900 2692/2523/1901
f  2728/2559/1933 2692/2523/1901 2731/2562/1936
f  2724/2555/1929 2687/2518/1896 2688/2519/1897
f  2724/2555/1929 2688/2519/1897 2727/2558/1932
f  2720/2551/1926 2683/2514/1894 2684/2515/1895
f  2720/2551/1926 2684/2515/1895 2723/2554/1928
f  2716/2547/1923 4071/3902/633 2680/2511/1891
f  2716/2547/1923 2680/2511/1891 2719/2550/1925
f  2748/2579/1953 2711/2542/1920 2678/2509/1889
f  2748/2579/1953 2678/2509/1889 2713/2544/1922
f  2782/2613/1984 2745/2576/1950 2708/2539/1917
f  2782/2613/1984 2708/2539/1917 2747/2578/1952
f  2778/2609/1980 2741/2572/1946 2742/2573/1947
f  2778/2609/1980 2742/2573/1947 2781/2612/1983
f  2774/2605/1976 2737/2568/1942 2738/2569/1943
f  2774/2605/1976 2738/2569/1943 2777/2608/1979
f  2770/2601/1972 2733/2564/1938 2734/2565/1939
f  2770/2601/1972 2734/2565/1939 2773/2604/1975
f  2766/2597/1968 2729/2560/1934 2730/2561/1935
f  2766/2597/1968 2730/2561/1935 2769/2600/1971
f  2762/2593/1964 2725/2556/1930 2726/2557/1931
f  2762/2593/1964 2726/2557/1931 2765/2596/1967
f  2758/2589/1212 2721/2552/1215 2722/2553/1927
f  2758/2589/1212 2722/2553/1927 2761/2592/1963
f  2754/2585/1958 2717/2548/1924 2718/2549/1214
f  2754/2585/1958 2718/2549/1214 2757/2588/1213
f  2786/2617/1988 2749/2580/1954 2712/2543/1921
f  2786/2617/1988 2712/2543/1921 2751/2582/1956
f  2820/2651/2020 2783/2614/1985 2746/2577/1951
f  2820/2651/2020 2746/2577/1951 2785/2616/1987
f  2816/2647/2016 2779/2610/1981 2780/2611/1982
f  2816/2647/2016 2780/2611/1982 2819/2650/2019
f  2812/2643/2012 2775/2606/1977 2776/2607/1978
f  2812/2643/2012 2776/2607/1978 2815/2646/2015
f  2808/2639/2008 2771/2602/1973 2772/2603/1974
f  2808/2639/2008 2772/2603/1974 2811/2642/2011
f  2804/2635/2004 2767/2598/1969 2768/2599/1970
f  2804/2635/2004 2768/2599/1970 2807/2638/2007
f  2800/2631/2000 2763/2594/1965 2764/2595/1966
f  2800/2631/2000 2764/2595/1966 2803/2634/2003
f  2796/2627/1997 2759/2590/1961 2760/2591/1962
f  2796/2627/1997 2760/2591/1962 2799/2630/1999
f  2792/2623/1994 2755/2586/1959 2756/2587/1960
f  2792/2623/1994 2756/2587/1960 2795/2626/1996
f  4072/3903/648 4073/3904/645 2752/2583/1957
f  4072/3903/648 2752/2583/1957 2791/2622/1993
f  2824/2655/2024 2787/2618/1989 2750/2581/1955
f  2824/2655/2024 2750/2581/1955 2789/2620/1991
f  2858/2689/2054 2821/2652/2021 2784/2615/1986
f  2858/2689/2054 2784/2615/1986 2823/2654/2023
f  2854/2685/2050 2817/2648/2017 2818/2649/2018
f  2854/2685/2050 2818/2649/2018 2857/2688/2053
f  2850/2681/2046 2813/2644/2013 2814/2645/2014
f  2850/2681/2046 2814/2645/2014 2853/2684/2049
f  2846/2677/2042 2809/2640/2009 2810/2641/2010
f  2846/2677/2042 2810/2641/2010 2849/2680/2045
f  2842/2673/2038 2805/2636/2005 2806/2637/2006
f  2842/2673/2038 2806/2637/2006 2845/2676/2041
f  2838/2669/2034 2801/2632/2001 2802/2633/2002
f  2838/2669/2034 2802/2633/2002 2841/2672/2037
f  2834/2665/1217 2797/2628/1220 2798/2629/1998
f  2834/2665/1217 2798/2629/1998 2837/2668/2033
f  2830/2661/2029 2793/2624/1995 2794/2625/1219
f  2830/2661/2029 2794/2625/1219 2833/2664/1218
f  2862/2693/1216 4074/3905/649 2790/2621/1992
f  2862/2693/1216 2790/2621/1992 2829/2660/2028
f  4057/3888/1302 4075/3906/327 4076/3907/244
f  4057/3888/1302 4076/3907/244 2860/2691/2056
f  4028/3859/3117 2825/2656/2025 2788/2619/1990
f  4028/3859/3117 2788/2619/1990 2827/2658/2027
f  4054/3885/3143 2859/2690/2055 2822/2653/2022
f  4054/3885/3143 2822/2653/2022 4027/3858/3116
f  4050/3881/3139 2855/2686/2051 2856/2687/2052
f  4050/3881/3139 2856/2687/2052 4053/3884/3142
f  4046/3877/3135 2851/2682/2047 2852/2683/2048
f  4046/3877/3135 2852/2683/2048 4049/3880/3138
f  4077/3908/1024 2847/2678/2043 2848/2679/2044
f  4077/3908/1024 2848/2679/2044 4045/3876/3134
f  4042/3873/3131 2843/2674/2039 2844/2675/2040
f  4042/3873/3131 2844/2675/2040 4078/3909/1023
f  4038/3869/3127 2839/2670/2035 2840/2671/2036
f  4038/3869/3127 2840/2671/2036 4041/3872/3130
f  4034/3865/3123 2835/2666/2031 2836/2667/2032
f  4034/3865/3123 2836/2667/2032 4037/3868/3126
f  4079/3910/1020 2831/2662/1221 2832/2663/2030
f  4079/3910/1020 2832/2663/2030 4033/3864/3122
f  3232/3063/2400 2867/2698/2060 4030/3861/3119
f  3232/3063/2400 4030/3861/3119 3201/3032/2376
f  3228/3059/2396 2891/2722/2080 2864/2695/2057
f  3228/3059/2396 2864/2695/2057 3231/3062/2399
f  3224/3055/2392 2887/2718/2076 2888/2719/2077
f  3224/3055/2392 2888/2719/2077 3227/3058/2395
f  3220/3051/2388 2883/2714/2072 2884/2715/2073
f  3220/3051/2388 2884/2715/2073 3223/3054/2391
f  3216/3047/2384 2879/2710/2068 2880/2711/2069
f  3216/3047/2384 2880/2711/2069 3219/3050/2387
f  3212/3043/1227 2875/2706/1230 2876/2707/2065
f  3212/3043/1227 2876/2707/2065 3215/3046/2383
f  3208/3039/1223 2871/2702/1226 2872/2703/1229
f  3208/3039/1223 2872/2703/1229 3211/3042/1228
f  3204/3035/1222 4080/3911/661 2868/2699/1225
f  3204/3035/1222 2868/2699/1225 3207/3038/1224
f  4081/3912/669 2894/2725/2083 2869/2700/2061
f  4081/3912/669 2869/2700/2061 4082/3913/660
f  2897/2728/2086 2898/2729/2087 2873/2704/2063
f  2897/2728/2086 2873/2704/2063 2870/2701/2062
f  2901/2732/2090 2902/2733/2091 2877/2708/2066
f  2901/2732/2090 2877/2708/2066 2874/2705/2064
f  2905/2736/2094 2906/2737/2095 2881/2712/2070
f  2905/2736/2094 2881/2712/2070 2878/2709/2067
f  2909/2740/2098 2910/2741/2099 2885/2716/2074
f  2909/2740/2098 2885/2716/2074 2882/2713/2071
f  2913/2744/2102 2914/2745/2103 2889/2720/2078
f  2913/2744/2102 2889/2720/2078 2886/2717/2075
f  2917/2748/2106 2918/2749/2107 2865/2696/2058
f  2917/2748/2106 2865/2696/2058 2890/2721/2079
f  2921/2752/2110 2892/2723/2081 4031/3862/3120
f  2921/2752/2110 4031/3862/3120 2866/2697/2059
f  4083/3914/681 2924/2755/2113 2895/2726/2084
f  4083/3914/681 2895/2726/2084 4084/3915/668
f  2927/2758/2116 2928/2759/2117 2899/2730/2088
f  2927/2758/2116 2899/2730/2088 2896/2727/2085
f  2931/2762/2120 2932/2763/2121 2903/2734/2092
f  2931/2762/2120 2903/2734/2092 2900/2731/2089
f  2935/2766/2124 2936/2767/2125 2907/2738/2096
f  2935/2766/2124 2907/2738/2096 2904/2735/2093
f  2939/2770/2128 2940/2771/2129 2911/2742/2100
f  2939/2770/2128 2911/2742/2100 2908/2739/2097
f  2943/2774/2132 2944/2775/2133 2915/2746/2104
f  2943/2774/2132 2915/2746/2104 2912/2743/2101
f  2947/2778/2136 2948/2779/2137 2919/2750/2108
f  2947/2778/2136 2919/2750/2108 2916/2747/2105
f  2951/2782/2140 2922/2753/2111 2893/2724/2082
f  2951/2782/2140 2893/2724/2082 2920/2751/2109
f  4085/3916/693 2954/2785/2143 2925/2756/2114
f  4085/3916/693 2925/2756/2114 4086/3917/680
f  2957/2788/2146 2958/2789/2147 2929/2760/2118
f  2957/2788/2146 2929/2760/2118 2926/2757/2115
f  2961/2792/2150 2962/2793/2151 2933/2764/2122
f  2961/2792/2150 2933/2764/2122 2930/2761/2119
f  2965/2796/2154 2966/2797/2155 2937/2768/2126
f  2965/2796/2154 2937/2768/2126 2934/2765/2123
f  2969/2800/2158 2970/2801/2159 2941/2772/2130
f  2969/2800/2158 2941/2772/2130 2938/2769/2127
f  2973/2804/2162 2974/2805/2163 2945/2776/2134
f  2973/2804/2162 2945/2776/2134 2942/2773/2131
f  2977/2808/2166 2978/2809/2167 2949/2780/2138
f  2977/2808/2166 2949/2780/2138 2946/2777/2135
f  2981/2812/2170 2952/2783/2141 2923/2754/2112
f  2981/2812/2170 2923/2754/2112 2950/2781/2139
f  4087/3918/705 2984/2815/2173 2955/2786/2144
f  4087/3918/705 2955/2786/2144 4088/3919/692
f  2987/2818/2176 2988/2819/2177 2959/2790/2148
f  2987/2818/2176 2959/2790/2148 2956/2787/2145
f  2991/2822/2180 2992/2823/2181 2963/2794/2152
f  2991/2822/2180 2963/2794/2152 2960/2791/2149
f  2995/2826/2184 2996/2827/2185 2967/2798/2156
f  2995/2826/2184 2967/2798/2156 2964/2795/2153
f  2999/2830/2188 3000/2831/2189 2971/2802/2160
f  2999/2830/2188 2971/2802/2160 2968/2799/2157
f  3003/2834/2192 3004/2835/2193 2975/2806/2164
f  3003/2834/2192 2975/2806/2164 2972/2803/2161
f  3007/2838/2196 3008/2839/2197 2979/2810/2168
f  3007/2838/2196 2979/2810/2168 2976/2807/2165
f  3011/2842/2200 2982/2813/2171 2953/2784/2142
f  3011/2842/2200 2953/2784/2142 2980/2811/2169
f  4089/3920/717 4090/3921/718 2985/2816/2174
f  4089/3920/717 2985/2816/2174 4091/3922/704
f  4092/3923/721 3014/2845/2203 2989/2820/2178
f  4092/3923/721 2989/2820/2178 2986/2817/2175
f  3017/2848/2206 3018/2849/2207 2993/2824/2182
f  3017/2848/2206 2993/2824/2182 2990/2821/2179
f  3021/2852/2210 3022/2853/2211 2997/2828/2186
f  3021/2852/2210 2997/2828/2186 2994/2825/2183
f  3025/2856/2214 3026/2857/2215 3001/2832/2190
f  3025/2856/2214 3001/2832/2190 2998/2829/2187
f  3029/2860/2218 3030/2861/2219 3005/2836/2194
f  3029/2860/2218 3005/2836/2194 3002/2833/2191
f  3033/2864/2222 3034/2865/2223 3009/2840/2198
f  3033/2864/2222 3009/2840/2198 3006/2837/2195
f  3037/2868/2226 3012/2843/2201 2983/2814/2172
f  3037/2868/2226 2983/2814/2172 3010/2841/2199
f  3043/2874/1231 3044/2875/2230 4093/3924/719
f  3043/2874/1231 4093/3924/719 4094/3925/716
f  3047/2878/2233 3048/2879/2234 3015/2846/2204
f  3047/2878/2233 3015/2846/2204 4095/3926/720
f  3051/2882/2237 3052/2883/2238 3019/2850/2208
f  3051/2882/2237 3019/2850/2208 3016/2847/2205
f  3055/2886/2241 3056/2887/2242 3023/2854/2212
f  3055/2886/2241 3023/2854/2212 3020/2851/2209
f  3059/2890/2245 3060/2891/2246 3027/2858/2216
f  3059/2890/2245 3027/2858/2216 3024/2855/2213
f  3063/2894/2249 3064/2895/2250 3031/2862/2220
f  3063/2894/2249 3031/2862/2220 3028/2859/2217
f  3067/2898/2253 3068/2899/2254 3035/2866/2224
f  3067/2898/2253 3035/2866/2224 3032/2863/2221
f  3071/2902/2257 3038/2869/2227 3013/2844/2202
f  3071/2902/2257 3013/2844/2202 3036/2867/2225
f  3077/2908/2262 3078/2909/2263 3045/2876/2231
f  3077/2908/2262 3045/2876/2231 3042/2873/2229
f  3081/2912/2266 3082/2913/2267 3049/2880/2235
f  3081/2912/2266 3049/2880/2235 3046/2877/2232
f  3085/2916/2270 3086/2917/2271 3053/2884/2239
f  3085/2916/2270 3053/2884/2239 3050/2881/2236
f  3089/2920/2274 3090/2921/2275 3057/2888/2243
f  3089/2920/2274 3057/2888/2243 3054/2885/2240
f  3093/2924/2278 3094/2925/2279 3061/2892/2247
f  3093/2924/2278 3061/2892/2247 3058/2889/2244
f  3097/2928/2282 3098/2929/2283 3065/2896/2251
f  3097/2928/2282 3065/2896/2251 3062/2893/2248
f  3101/2932/2286 3102/2933/2287 3069/2900/2255
f  3101/2932/2286 3069/2900/2255 3066/2897/2252
f  3105/2936/2290 3072/2903/2258 3039/2870/2228
f  3105/2936/2290 3039/2870/2228 3070/2901/2256
f  4096/3927/753 3108/2939/2293 3075/2906/2260
f  4096/3927/753 3075/2906/2260 4097/3928/744
f  3111/2942/2295 3112/2943/2296 3079/2910/2264
f  3111/2942/2295 3079/2910/2264 3076/2907/2261
f  3115/2946/2298 3116/2947/2299 3083/2914/2268
f  3115/2946/2298 3083/2914/2268 3080/2911/2265
f  3119/2950/2302 3120/2951/2303 3087/2918/2272
f  3119/2950/2302 3087/2918/2272 3084/2915/2269
f  3123/2954/2306 3124/2955/2307 3091/2922/2276
f  3123/2954/2306 3091/2922/2276 3088/2919/2273
f  3127/2958/2310 3128/2959/2311 3095/2926/2280
f  3127/2958/2310 3095/2926/2280 3092/2923/2277
f  3131/2962/2314 3132/2963/2315 3099/2930/2284
f  3131/2962/2314 3099/2930/2284 3096/2927/2281
f  3135/2966/2318 3136/2967/2319 3103/2934/2288
f  3135/2966/2318 3103/2934/2288 3100/2931/2285
f  3139/2970/2322 3106/2937/2291 3073/2904/2259
f  3139/2970/2322 3073/2904/2259 3104/2935/2289
f  4098/3929/765 3142/2973/2325 3109/2940/2294
f  4098/3929/765 3109/2940/2294 4099/3930/752
f  4100/3931/757 3146/2977/1235 3117/2948/2300
f  4100/3931/757 3117/2948/2300 3114/2945/2297
f  3149/2980/2327 3150/2981/2328 3121/2952/2304
f  3149/2980/2327 3121/2952/2304 3118/2949/2301
f  3153/2984/2331 3154/2985/2332 3125/2956/2308
f  3153/2984/2331 3125/2956/2308 3122/2953/2305
f  3157/2988/2335 3158/2989/2336 3129/2960/2312
f  3157/2988/2335 3129/2960/2312 3126/2957/2309
f  3161/2992/2339 3162/2993/2340 3133/2964/2316
f  3161/2992/2339 3133/2964/2316 3130/2961/2313
f  3165/2996/2343 3166/2997/2344 3137/2968/2320
f  3165/2996/2343 3137/2968/2320 3134/2965/2317
f  3169/3000/2347 3140/2971/2323 3107/2938/2292
f  3169/3000/2347 3107/2938/2292 3138/2969/2321
f  4101/3932/777 3172/3003/1232 3143/2974/1233
f  4101/3932/777 3143/2974/1233 4102/3933/764
f  4103/3934/769 3176/3007/2351 3147/2978/1234
f  4103/3934/769 3147/2978/1234 4104/3935/756
f  3179/3010/2354 3180/3011/2355 3151/2982/2329
f  3179/3010/2354 3151/2982/2329 3148/2979/2326
f  3183/3014/2358 3184/3015/2359 3155/2986/2333
f  3183/3014/2358 3155/2986/2333 3152/2983/2330
f  3187/3018/2362 3188/3019/2363 3159/2990/2337
f  3187/3018/2362 3159/2990/2337 3156/2987/2334
f  3191/3022/2366 3192/3023/2367 3163/2994/2341
f  3191/3022/2366 3163/2994/2341 3160/2991/2338
f  3195/3026/2370 3196/3027/2371 3167/2998/2345
f  3195/3026/2370 3167/2998/2345 3164/2995/2342
f  3199/3030/2374 3170/3001/2348 3141/2972/2324
f  3199/3030/2374 3141/2972/2324 3168/2999/2346
f  4105/3936/869 3626/3457/2764 3173/3004/2350
f  4105/3936/869 3173/3004/2350 4106/3937/776
f  3629/3460/2767 4107/3938/862 4108/3939/767
f  3629/3460/2767 4108/3939/767 3174/3005/1236
f  4109/3940/865 3630/3461/2768 3177/3008/2352
f  4109/3940/865 3177/3008/2352 4110/3941/768
f  3633/3464/2771 3634/3465/2772 3181/3012/2356
f  3633/3464/2771 3181/3012/2356 3178/3009/2353
f  3637/3468/2775 3638/3469/2776 3185/3016/2360
f  3637/3468/2775 3185/3016/2360 3182/3013/2357
f  3641/3472/2779 3642/3473/2780 3189/3020/2364
f  3641/3472/2779 3189/3020/2364 3186/3017/2361
f  3645/3476/2783 3646/3477/2784 3193/3024/2368
f  3645/3476/2783 3193/3024/2368 3190/3021/2365
f  3649/3480/2787 3650/3481/2788 3197/3028/2372
f  3649/3480/2787 3197/3028/2372 3194/3025/2369
f  3653/3484/2791 3624/3455/2762 3171/3002/2349
f  3653/3484/2791 3171/3002/2349 3198/3029/2373
f  3242/3073/2407 3303/3134/2464 3304/3135/2465
f  3242/3073/2407 3304/3135/2465 3655/3486/2793
f  3278/3109/2439 3299/3130/2460 3300/3131/2461
f  3278/3109/2439 3300/3131/2461 3241/3072/2406
f  3274/3105/2435 3295/3126/2456 3296/3127/2457
f  3274/3105/2435 3296/3127/2457 3277/3108/2438
f  3270/3101/2431 3291/3122/2452 3292/3123/2453
f  3270/3101/2431 3292/3123/2453 3273/3104/2434
f  3266/3097/2427 3287/3118/2448 3288/3119/2449
f  3266/3097/2427 3288/3119/2449 3269/3100/2430
f  3262/3093/2423 3283/3114/2444 3284/3115/2445
f  3262/3093/2423 3284/3115/2445 3265/3096/2426
f  3258/3089/2419 4111/3942/797 3280/3111/2441
f  3258/3089/2419 3280/3111/2441 3261/3092/2422
f  3254/3085/2415 4112/3943/793 4113/3944/794
f  3254/3085/2415 4113/3944/794 3257/3088/2418
f  3250/3081/2411 4114/3945/789 4115/3946/790
f  3250/3081/2411 4115/3946/790 3253/3084/2414
f  4116/3947/780 4117/3948/785 4118/3949/786
f  4116/3947/780 4118/3949/786 3249/3080/2410
f  3247/3078/1239 4022/3853/1240 4119/3950/787
f  3247/3078/1239 4119/3950/787 4120/3951/784
f  4025/3856/1241 4121/3952/1010 4122/3953/791
f  4025/3856/1241 4122/3953/791 4123/3954/788
f  4124/3955/1013 3994/3825/1242 4125/3956/795
f  4124/3955/1013 4125/3956/795 4126/3957/792
f  3997/3828/1243 3998/3829/3095 3281/3112/2442
f  3997/3828/1243 3281/3112/2442 4127/3958/796
f  4001/3832/3098 4002/3833/3099 3285/3116/2446
f  4001/3832/3098 3285/3116/2446 3282/3113/2443
f  4005/3836/3100 4006/3837/3101 3289/3120/2450
f  4005/3836/3100 3289/3120/2450 3286/3117/2447
f  4009/3840/3104 4010/3841/3105 3293/3124/2454
f  4009/3840/3104 3293/3124/2454 3290/3121/2451
f  4013/3844/3106 4014/3845/3107 3297/3128/2458
f  4013/3844/3106 3297/3128/2458 3294/3125/2455
f  4017/3848/3110 4018/3849/3111 3301/3132/2462
f  4017/3848/3110 3301/3132/2462 3298/3129/2459
f  4021/3852/3114 3992/3823/3093 3305/3136/2466
f  4021/3852/3114 3305/3136/2466 3302/3133/2463
f  3308/3139/2469 3243/3074/2408 3654/3485/2792
f  3308/3139/2469 3654/3485/2792 4128/3959/1015
f  3340/3171/2501 3279/3110/2440 3240/3071/2405
f  3340/3171/2501 3240/3071/2405 3307/3138/2468
f  3336/3167/2497 3275/3106/2436 3276/3107/2437
f  3336/3167/2497 3276/3107/2437 3339/3170/2500
f  3332/3163/2493 3271/3102/2432 3272/3103/2433
f  3332/3163/2493 3272/3103/2433 3335/3166/2496
f  3328/3159/2489 3267/3098/2428 3268/3099/2429
f  3328/3159/2489 3268/3099/2429 3331/3162/2492
f  3324/3155/2485 3263/3094/2424 3264/3095/2425
f  3324/3155/2485 3264/3095/2425 3327/3158/2488
f  3320/3151/2481 3259/3090/2420 3260/3091/2421
f  3320/3151/2481 3260/3091/2421 3323/3154/2484
f  3316/3147/2477 3255/3086/2416 3256/3087/2417
f  3316/3147/2477 3256/3087/2417 3319/3150/2480
f  3312/3143/2473 3251/3082/2412 3252/3083/2413
f  3312/3143/2473 3252/3083/2413 3315/3146/2476
f  4129/3960/804 4130/3961/781 3248/3079/2409
f  4129/3960/804 3248/3079/2409 3311/3142/2472
f  3344/3175/2505 3309/3140/2470 4131/3962/1014
f  3344/3175/2505 4131/3962/1014 4132/3963/799
f  3378/3209/2539 3341/3172/2502 3306/3137/2467
f  3378/3209/2539 3306/3137/2467 3343/3174/2504
f  3374/3205/2535 3337/3168/2498 3338/3169/2499
f  3374/3205/2535 3338/3169/2499 3377/3208/2538
f  3370/3201/2531 3333/3164/2494 3334/3165/2495
f  3370/3201/2531 3334/3165/2495 3373/3204/2534
f  3366/3197/2527 3329/3160/2490 3330/3161/2491
f  3366/3197/2527 3330/3161/2491 3369/3200/2530
f  3362/3193/2523 3325/3156/2486 3326/3157/2487
f  3362/3193/2523 3326/3157/2487 3365/3196/2526
f  3358/3189/2519 3321/3152/2482 3322/3153/2483
f  3358/3189/2519 3322/3153/2483 3361/3192/2522
f  3354/3185/2515 3317/3148/2478 3318/3149/2479
f  3354/3185/2515 3318/3149/2479 3357/3188/2518
f  3350/3181/2511 3313/3144/2474 3314/3145/2475
f  3350/3181/2511 3314/3145/2475 3353/3184/2514
f  3382/3213/1244 4133/3964/805 3310/3141/2471
f  3382/3213/1244 3310/3141/2471 3349/3180/2510
f  3386/3217/2544 3345/3176/2506 4134/3965/798
f  3386/3217/2544 4134/3965/798 3347/3178/2508
f  3416/3247/2574 3379/3210/2540 3342/3173/2503
f  3416/3247/2574 3342/3173/2503 3385/3216/2543
f  3412/3243/2570 3375/3206/2536 3376/3207/2537
f  3412/3243/2570 3376/3207/2537 3415/3246/2573
f  3408/3239/2566 3371/3202/2532 3372/3203/2533
f  3408/3239/2566 3372/3203/2533 3411/3242/2569
f  3404/3235/2562 3367/3198/2528 3368/3199/2529
f  3404/3235/2562 3368/3199/2529 3407/3238/2565
f  3400/3231/2558 3363/3194/2524 3364/3195/2525
f  3400/3231/2558 3364/3195/2525 3403/3234/2561
f  3396/3227/2554 3359/3190/2520 3360/3191/2521
f  3396/3227/2554 3360/3191/2521 3399/3230/2557
f  3392/3223/2550 3355/3186/2516 3356/3187/2517
f  3392/3223/2550 3356/3187/2517 3395/3226/2553
f  4135/3966/808 3351/3182/2512 3352/3183/2513
f  4135/3966/808 3352/3183/2513 3391/3222/2549
f  4136/3967/812 3383/3214/2541 3348/3179/2509
f  4136/3967/812 3348/3179/2509 4137/3968/807
f  3420/3251/2578 3387/3218/2545 3346/3177/2507
f  3420/3251/2578 3346/3177/2507 3389/3220/2547
f  3446/3277/2602 3417/3248/2575 3384/3215/2542
f  3446/3277/2602 3384/3215/2542 3419/3250/2577
f  3442/3273/2598 3413/3244/2571 3414/3245/2572
f  3442/3273/2598 3414/3245/2572 3445/3276/2601
f  3438/3269/2594 3409/3240/2567 3410/3241/2568
f  3438/3269/2594 3410/3241/2568 3441/3272/2597
f  3434/3265/2590 3405/3236/2563 3406/3237/2564
f  3434/3265/2590 3406/3237/2564 3437/3268/2593
f  4138/3969/820 3401/3232/2559 3402/3233/2560
f  4138/3969/820 3402/3233/2560 3433/3264/2589
f  4139/3970/816 3397/3228/2555 3398/3229/2556
f  4139/3970/816 3398/3229/2556 4140/3971/819
f  3430/3261/2586 3393/3224/2551 3394/3225/2552
f  3430/3261/2586 3394/3225/2552 4141/3972/815
f  3426/3257/2582 4142/3973/809 3390/3221/2548
f  3426/3257/2582 3390/3221/2548 3429/3260/2585
f  4143/3974/824 4144/3975/813 4145/3976/806
f  4143/3974/824 4145/3976/806 3425/3256/1245
f  3450/3281/2606 3421/3252/2579 3388/3219/2546
f  3450/3281/2606 3388/3219/2546 3423/3254/2581
f  3484/3315/2638 3447/3278/2603 3418/3249/2576
f  3484/3315/2638 3418/3249/2576 3449/3280/2605
f  3480/3311/2634 3443/3274/2599 3444/3275/2600
f  3480/3311/2634 3444/3275/2600 3483/3314/2637
f  3476/3307/2630 3439/3270/2595 3440/3271/2596
f  3476/3307/2630 3440/3271/2596 3479/3310/2633
f  3472/3303/2626 3435/3266/2591 3436/3267/2592
f  3472/3303/2626 3436/3267/2592 3475/3306/2629
f  3468/3299/2622 4146/3977/821 3432/3263/2588
f  3468/3299/2622 3432/3263/2588 3471/3302/2625
f  3464/3295/2618 4147/3978/817 4148/3979/818
f  3464/3295/2618 4148/3979/818 3467/3298/2621
f  3460/3291/2614 3431/3262/2587 4149/3980/814
f  3460/3291/2614 4149/3980/814 3463/3294/2617
f  3456/3287/2611 3427/3258/2583 3428/3259/2584
f  3456/3287/2611 3428/3259/2584 3459/3290/2613
f  4150/3981/828 4151/3982/825 3424/3255/1246
f  4150/3981/828 3424/3255/1246 3455/3286/2610
f  3488/3319/2642 3451/3282/2607 3422/3253/2580
f  3488/3319/2642 3422/3253/2580 3453/3284/2609
f  3522/3353/2670 3485/3316/2639 3448/3279/2604
f  3522/3353/2670 3448/3279/2604 3487/3318/2641
f  3518/3349/2666 3481/3312/2635 3482/3313/2636
f  3518/3349/2666 3482/3313/2636 3521/3352/2669
f  3514/3345/2662 3477/3308/2631 3478/3309/2632
f  3514/3345/2662 3478/3309/2632 3517/3348/2665
f  3510/3341/2658 3473/3304/2627 3474/3305/2628
f  3510/3341/2658 3474/3305/2628 3513/3344/2661
f  3506/3337/2654 3469/3300/2623 3470/3301/2624
f  3506/3337/2654 3470/3301/2624 3509/3340/2657
f  3502/3333/2650 3465/3296/2619 3466/3297/2620
f  3502/3333/2650 3466/3297/2620 3505/3336/2653
f  3498/3329/2647 3461/3292/2615 3462/3293/2616
f  3498/3329/2647 3462/3293/2616 3501/3332/2649
f  3494/3325/1247 3457/3288/1250 3458/3289/2612
f  3494/3325/1247 3458/3289/2612 3497/3328/2646
f  4152/3983/832 4153/3984/829 3454/3285/1249
f  4152/3983/832 3454/3285/1249 3493/3324/1248
f  3526/3357/2674 3489/3320/2643 3452/3283/2608
f  3526/3357/2674 3452/3283/2608 3491/3322/2645
f  3556/3387/2702 3523/3354/2671 3486/3317/2640
f  3556/3387/2702 3486/3317/2640 3525/3356/2673
f  3552/3383/2698 3519/3350/2667 3520/3351/2668
f  3552/3383/2698 3520/3351/2668 3555/3386/2701
f  3548/3379/2694 3515/3346/2663 3516/3347/2664
f  3548/3379/2694 3516/3347/2664 3551/3382/2697
f  3544/3375/2690 3511/3342/2659 3512/3343/2660
f  3544/3375/2690 3512/3343/2660 3547/3378/2693
f  3540/3371/2686 3507/3338/2655 3508/3339/2656
f  3540/3371/2686 3508/3339/2656 3543/3374/2689
f  3536/3367/2682 3503/3334/2651 3504/3335/2652
f  3536/3367/2682 3504/3335/2652 3539/3370/2685
f  3532/3363/1253 3499/3330/1256 3500/3331/2648
f  3532/3363/1253 3500/3331/2648 3535/3366/2681
f  4154/3985/836 3495/3326/1252 3496/3327/1255
f  4154/3985/836 3496/3327/1255 3531/3362/1254
f  4155/3986/840 4156/3987/833 3492/3323/1251
f  4155/3986/840 3492/3323/1251 4157/3988/835
f  3560/3391/2706 3527/3358/2675 3490/3321/2644
f  3560/3391/2706 3490/3321/2644 3529/3360/2677
f  3592/3423/2736 3557/3388/2703 3524/3355/2672
f  3592/3423/2736 3524/3355/2672 3559/3390/2705
f  3588/3419/2732 3553/3384/2699 3554/3385/2700
f  3588/3419/2732 3554/3385/2700 3591/3422/2735
f  3584/3415/2728 3549/3380/2695 3550/3381/2696
f  3584/3415/2728 3550/3381/2696 3587/3418/2731
f  3580/3411/2724 3545/3376/2691 3546/3377/2692
f  3580/3411/2724 3546/3377/2692 3583/3414/2727
f  3576/3407/2720 3541/3372/2687 3542/3373/2688
f  3576/3407/2720 3542/3373/2688 3579/3410/2723
f  3572/3403/2716 3537/3368/2683 3538/3369/2684
f  3572/3403/2716 3538/3369/2684 3575/3406/2719
f  3568/3399/2712 3533/3364/2679 3534/3365/2680
f  3568/3399/2712 3534/3365/2680 3571/3402/2715
f  3564/3395/2709 4158/3989/837 3530/3361/2678
f  3564/3395/2709 3530/3361/2678 3567/3398/2711
f  4159/3990/848 4160/3991/841 4161/3992/834
f  4159/3990/848 4161/3992/834 3563/3394/2708
f  3596/3427/2740 3561/3392/2707 3528/3359/2676
f  3596/3427/2740 3528/3359/2676 4162/3993/843
f  3622/3453/2760 3593/3424/2737 3558/3389/2704
f  3622/3453/2760 3558/3389/2704 3595/3426/2739
f  3618/3449/2756 3589/3420/2733 3590/3421/2734
f  3618/3449/2756 3590/3421/2734 3621/3452/2759
f  3614/3445/2752 3585/3416/2729 3586/3417/2730
f  3614/3445/2752 3586/3417/2730 3617/3448/2755
f  3610/3441/2748 3581/3412/2725 3582/3413/2726
f  3610/3441/2748 3582/3413/2726 3613/3444/2751
f  4163/3994/856 3577/3408/2721 3578/3409/2722
f  4163/3994/856 3578/3409/2722 3609/3440/2747
f  3606/3437/2745 3573/3404/2717 3574/3405/2718
f  3606/3437/2745 3574/3405/2718 4164/3995/855
f  4165/3996/852 3569/3400/2713 3570/3401/2714
f  4165/3996/852 3570/3401/2714 3605/3436/2744
f  3602/3433/1257 3565/3396/1260 3566/3397/2710
f  3602/3433/1257 3566/3397/2710 4166/3997/851
f  4167/3998/860 4168/3999/849 3562/3393/1259
f  4167/3998/860 3562/3393/1259 3601/3432/1258
f  3652/3483/2790 3597/3428/2741 4169/4000/842
f  3652/3483/2790 4169/4000/842 3625/3456/2763
f  3648/3479/2786 3623/3454/2761 3594/3425/2738
f  3648/3479/2786 3594/3425/2738 3651/3482/2789
f  3644/3475/2782 3619/3450/2757 3620/3451/2758
f  3644/3475/2782 3620/3451/2758 3647/3478/2785
f  3640/3471/2778 3615/3446/2753 3616/3447/2754
f  3640/3471/2778 3616/3447/2754 3643/3474/2781
f  3636/3467/2774 3611/3442/2749 3612/3443/2750
f  3636/3467/2774 3612/3443/2750 3639/3470/2777
f  3632/3463/2770 4170/4001/857 3608/3439/2746
f  3632/3463/2770 3608/3439/2746 3635/3466/2773
f  4171/4002/864 3607/3438/1263 4172/4003/854
f  4171/4002/864 4172/4003/854 3631/3462/2769
f  3628/3459/2766 4173/4004/853 3604/3435/1262
f  3628/3459/2766 3604/3435/1262 4174/4005/863
f  4175/4006/868 3603/3434/1261 4176/4007/850
f  4175/4006/868 4176/4007/850 3627/3458/2765
f  4020/3851/3113 3659/3490/2797 3598/3429/2742
f  4020/3851/3113 3598/3429/2742 3993/3824/3094
f  4016/3847/3109 3683/3514/2808 3656/3487/2794
f  4016/3847/3109 3656/3487/2794 4019/3850/3112
f  4012/3843/1281 3679/3510/1284 3680/3511/2805
f  4012/3843/1281 3680/3511/2805 4015/3846/3108
f  4008/3839/3103 4177/4008/881 3676/3507/1283
f  4008/3839/3103 3676/3507/1283 4011/3842/1282
f  4004/3835/1277 3675/3506/1280 4178/4009/878
f  4004/3835/1277 4178/4009/878 4007/3838/3102
f  4000/3831/3097 4179/4010/877 3672/3503/1279
f  4000/3831/3097 3672/3503/1279 4003/3834/1278
f  3996/3827/1273 3671/3502/1276 4180/4011/874
f  3996/3827/1273 4180/4011/874 3999/3830/3096
f  4181/4012/1012 3667/3498/1268 3668/3499/1275
f  4181/4012/1012 3668/3499/1275 3995/3826/1274
f  4024/3855/1265 3663/3494/1266 3664/3495/1267
f  4024/3855/1265 3664/3495/1267 4182/4013/1011
f  4183/4014/873 3712/3543/2835 3661/3492/1264
f  4183/4014/873 3661/3492/1264 4184/4015/884
f  3715/3546/2838 3684/3515/1269 3665/3496/1272
f  3715/3546/2838 3665/3496/1272 3662/3493/2798
f  3687/3518/1270 3688/3519/2811 3669/3500/2799
f  3687/3518/1270 3669/3500/2799 3666/3497/1271
f  3691/3522/2814 3692/3523/2815 4185/4016/875
f  3691/3522/2814 4185/4016/875 3670/3501/2800
f  3695/3526/2818 3696/3527/2819 3673/3504/2801
f  3695/3526/2818 3673/3504/2801 4186/4017/876
f  3699/3530/2822 4187/4018/890 4188/4019/879
f  3699/3530/2822 4188/4019/879 3674/3505/2802
f  4189/4020/893 3700/3531/2823 3677/3508/2803
f  4189/4020/893 3677/3508/2803 4190/4021/880
f  3703/3534/2826 3704/3535/2827 3681/3512/2806
f  3703/3534/2826 3681/3512/2806 3678/3509/2804
f  3707/3538/2830 3708/3539/2831 3657/3488/2795
f  3707/3538/2830 3657/3488/2795 3682/3513/2807
f  3711/3542/2834 4191/4022/886 3599/3430/2743
f  3711/3542/2834 3599/3430/2743 3658/3489/2796
f  4192/4023/897 3746/3577/2869 3713/3544/2836
f  4192/4023/897 3713/3544/2836 4193/4024/872
f  3749/3580/2870 3718/3549/2841 3685/3516/2809
f  3749/3580/2870 3685/3516/2809 3714/3545/2837
f  3721/3552/2844 3722/3553/2845 3689/3520/2812
f  3721/3552/2844 3689/3520/2812 3686/3517/2810
f  3725/3556/2848 3726/3557/2849 3693/3524/2816
f  3725/3556/2848 3693/3524/2816 3690/3521/2813
f  3729/3560/2852 3730/3561/2853 3697/3528/2820
f  3729/3560/2852 3697/3528/2820 3694/3525/2817
f  3733/3564/2856 3734/3565/2857 4194/4025/891
f  3733/3564/2856 4194/4025/891 3698/3529/2821
f  3737/3568/2860 3738/3569/2861 3701/3532/2824
f  3737/3568/2860 3701/3532/2824 4195/4026/892
f  3741/3572/2864 3742/3573/2865 3705/3536/2828
f  3741/3572/2864 3705/3536/2828 3702/3533/2825
f  3745/3576/2868 4196/4027/898 3709/3540/2832
f  3745/3576/2868 3709/3540/2832 3706/3537/2829
f  4197/4028/901 3716/3547/2839 4198/4029/887
f  4197/4028/901 4198/4029/887 3710/3541/2833
f  4199/4030/905 4200/4031/914 3747/3578/1286
f  4199/4030/905 3747/3578/1286 4201/4032/896
f  4202/4033/917 3750/3581/2871 3719/3550/2842
f  4202/4033/917 3719/3550/2842 3748/3579/1285
f  3753/3584/2874 3754/3585/2875 3723/3554/2846
f  3753/3584/2874 3723/3554/2846 3720/3551/2843
f  3757/3588/2878 3758/3589/2879 3727/3558/2850
f  3757/3588/2878 3727/3558/2850 3724/3555/2847
f  3761/3592/2882 3762/3593/2883 3731/3562/2854
f  3761/3592/2882 3731/3562/2854 3728/3559/2851
f  3765/3596/2886 3766/3597/2887 3735/3566/2858
f  3765/3596/2886 3735/3566/2858 3732/3563/2855
f  3769/3600/2890 3770/3601/2891 3739/3570/2862
f  3769/3600/2890 3739/3570/2862 3736/3567/2859
f  3773/3604/2894 3774/3605/2895 3743/3574/2866
f  3773/3604/2894 3743/3574/2866 3740/3571/2863
f  3777/3608/2898 4203/4034/910 4204/4035/899
f  3777/3608/2898 4204/4035/899 3744/3575/2867
f  4205/4036/913 4206/4037/906 3717/3548/2840
f  4205/4036/913 3717/3548/2840 4207/4038/900
f  3781/3612/1287 4208/4039/930 4209/4040/915
f  3781/3612/1287 4209/4040/915 4210/4041/904
f  4211/4042/933 3782/3613/2899 3751/3582/2872
f  4211/4042/933 3751/3582/2872 4212/4043/916
f  3785/3616/2902 3786/3617/2903 3755/3586/2876
f  3785/3616/2902 3755/3586/2876 3752/3583/2873
f  3789/3620/2906 3790/3621/2907 3759/3590/2880
f  3789/3620/2906 3759/3590/2880 3756/3587/2877
f  3793/3624/2910 3794/3625/2911 3763/3594/2884
f  3793/3624/2910 3763/3594/2884 3760/3591/2881
f  3797/3628/2914 3798/3629/2915 3767/3598/2888
f  3797/3628/2914 3767/3598/2888 3764/3595/2885
f  3801/3632/2918 3802/3633/2919 3771/3602/2892
f  3801/3632/2918 3771/3602/2892 3768/3599/2889
f  3805/3636/2922 3806/3637/2923 3775/3606/2896
f  3805/3636/2922 3775/3606/2896 3772/3603/2893
f  3809/3640/2926 4213/4044/922 4214/4045/911
f  3809/3640/2926 4214/4045/911 3776/3607/2897
f  4215/4046/925 4216/4047/918 4217/4048/907
f  4215/4046/925 4217/4048/907 4218/4049/912
f  4219/4050/929 4220/4051/946 4221/4052/931
f  4219/4050/929 4221/4052/931 3780/3611/1288
f  4222/4053/949 3810/3641/2927 3783/3614/2900
f  4222/4053/949 3783/3614/2900 4223/4054/932
f  3813/3644/2930 3814/3645/2931 3787/3618/2904
f  3813/3644/2930 3787/3618/2904 3784/3615/2901
f  3817/3648/2934 4224/4055/938 3791/3622/2908
f  3817/3648/2934 3791/3622/2908 3788/3619/2905
f  4225/4056/941 3818/3649/2935 3795/3626/2912
f  4225/4056/941 3795/3626/2912 3792/3623/2909
f  3821/3652/2938 3822/3653/2939 3799/3630/2916
f  3821/3652/2938 3799/3630/2916 3796/3627/2913
f  3825/3656/2942 3826/3657/2943 3803/3634/2920
f  3825/3656/2942 3803/3634/2920 3800/3631/2917
f  3829/3660/2946 3830/3661/2947 3807/3638/2924
f  3829/3660/2946 3807/3638/2924 3804/3635/2921
f  3833/3664/2950 3834/3665/2951 4226/4057/923
f  3833/3664/2950 4226/4057/923 3808/3639/2925
f  3837/3668/2954 4227/4058/934 4228/4059/919
f  3837/3668/2954 4228/4059/919 4229/4060/924
f  4230/4061/945 4231/4062/958 4232/4063/947
f  4230/4061/945 4232/4063/947 4233/4064/928
f  4234/4065/961 3838/3669/2955 3811/3642/2928
f  4234/4065/961 3811/3642/2928 4235/4066/948
f  3841/3672/2958 3842/3673/2959 3815/3646/2932
f  3841/3672/2958 3815/3646/2932 3812/3643/2929
f  3845/3676/2962 3846/3677/2963 4236/4067/939
f  3845/3676/2962 4236/4067/939 3816/3647/2933
f  3849/3680/2966 3850/3681/2967 3819/3650/2936
f  3849/3680/2966 3819/3650/2936 4237/4068/940
f  3853/3684/2970 3854/3685/2971 3823/3654/2940
f  3853/3684/2970 3823/3654/2940 3820/3651/2937
f  3857/3688/2974 3858/3689/2975 3827/3658/2944
f  3857/3688/2974 3827/3658/2944 3824/3655/2941
f  3861/3692/2978 3862/3693/2979 3831/3662/2948
f  3861/3692/2978 3831/3662/2948 3828/3659/2945
f  3865/3696/2982 3866/3697/2983 3835/3666/2952
f  3865/3696/2982 3835/3666/2952 3832/3663/2949
f  3869/3700/2986 4238/4069/950 4239/4070/935
f  3869/3700/2986 4239/4070/935 3836/3667/2953
f  4240/4071/957 4241/4072/974 4242/4073/959
f  4240/4071/957 4242/4073/959 4243/4074/944
f  4244/4075/977 3870/3701/2987 3839/3670/2956
f  4244/4075/977 3839/3670/2956 4245/4076/960
f  3873/3704/2988 3874/3705/2989 3843/3674/2960
f  3873/3704/2988 3843/3674/2960 3840/3671/2957
f  3877/3708/2992 3878/3709/2993 3847/3678/2964
f  3877/3708/2992 3847/3678/2964 3844/3675/2961
f  3881/3712/2996 3882/3713/2997 3851/3682/2968
f  3881/3712/2996 3851/3682/2968 3848/3679/2965
f  3885/3716/3000 3886/3717/3001 3855/3686/2972
f  3885/3716/3000 3855/3686/2972 3852/3683/2969
f  3889/3720/3004 3890/3721/3005 3859/3690/2976
f  3889/3720/3004 3859/3690/2976 3856/3687/2973
f  3893/3724/3008 4246/4077/966 3863/3694/2980
f  3893/3724/3008 3863/3694/2980 3860/3691/2977
f  4247/4078/969 3894/3725/3009 3867/3698/2984
f  4247/4078/969 3867/3698/2984 3864/3695/2981
f  3897/3728/3012 4248/4079/962 4249/4080/951
f  3897/3728/3012 4249/4080/951 3868/3699/2985
f  4250/4081/973 4251/4082/982 4252/4083/975
f  4250/4081/973 4252/4083/975 4253/4084/956
f  4254/4085/985 3898/3729/1289 3871/3702/1292
f  4254/4085/985 3871/3702/1292 4255/4086/976
f  3901/3732/1290 3902/3733/3015 3875/3706/2990
f  3901/3732/1290 3875/3706/2990 3872/3703/1291
f  3905/3736/3018 3906/3737/3019 3879/3710/2994
f  3905/3736/3018 3879/3710/2994 3876/3707/2991
f  3909/3740/3022 3910/3741/3023 3883/3714/2998
f  3909/3740/3022 3883/3714/2998 3880/3711/2995
f  3913/3744/3026 3914/3745/3027 3887/3718/3002
f  3913/3744/3026 3887/3718/3002 3884/3715/2999
f  3917/3748/3030 3918/3749/3031 3891/3722/3006
f  3917/3748/3030 3891/3722/3006 3888/3719/3003
f  3921/3752/3034 3922/3753/3035 4256/4087/967
f  3921/3752/3034 4256/4087/967 3892/3723/3007
f  3925/3756/3038 3926/3757/3039 3895/3726/3010
f  3925/3756/3038 3895/3726/3010 4257/4088/968
f  3929/3760/3042 4258/4089/978 4259/4090/963
f  3929/3760/3042 4259/4090/963 3896/3727/3011
f  3933/3764/1293 3962/3793/3071 4260/4091/983
f  3933/3764/1293 4260/4091/983 4261/4092/972
f  3965/3796/3072 3934/3765/3043 3899/3730/3013
f  3965/3796/3072 3899/3730/3013 4262/4093/984
f  3937/3768/3046 3938/3769/3047 3903/3734/3016
f  3937/3768/3046 3903/3734/3016 3900/3731/3014
f  3941/3772/3050 3942/3773/3051 3907/3738/3020
f  3941/3772/3050 3907/3738/3020 3904/3735/3017
f  3945/3776/3054 3946/3777/3055 3911/3742/3024
f  3945/3776/3054 3911/3742/3024 3908/3739/3021
f  3949/3780/3058 3950/3781/3059 3915/3746/3028
f  3949/3780/3058 3915/3746/3028 3912/3743/3025
f  3953/3784/3062 3954/3785/3063 3919/3750/3032
f  3953/3784/3062 3919/3750/3032 3916/3747/3029
f  3957/3788/3066 4263/4094/990 3923/3754/3036
f  3957/3788/3066 3923/3754/3036 3920/3751/3033
f  4264/4095/993 3958/3789/3067 3927/3758/3040
f  4264/4095/993 3927/3758/3040 3924/3755/3037
f  3961/3792/3070 4265/4096/986 4266/4097/979
f  3961/3792/3070 4266/4097/979 3928/3759/3041
f  4267/4098/997 3988/3819/1295 3963/3794/1298
f  4267/4098/997 3963/3794/1298 3932/3763/1294
f  3991/3822/1296 4268/4099/998 3935/3766/3044
f  3991/3822/1296 3935/3766/3044 3964/3795/1297
f  4269/4100/1001 4270/4101/1002 3939/3770/3048
f  4269/4100/1001 3939/3770/3048 3936/3767/3045
f  4271/4102/1005 3968/3799/3075 3943/3774/3052
f  4271/4102/1005 3943/3774/3052 3940/3771/3049
f  3971/3802/3078 3972/3803/3079 3947/3778/3056
f  3971/3802/3078 3947/3778/3056 3944/3775/3053
f  3975/3806/3080 4272/4103/1006 3951/3782/3060
f  3975/3806/3080 3951/3782/3060 3948/3779/3057
f  4273/4104/1009 3976/3807/3081 3955/3786/3064
f  4273/4104/1009 3955/3786/3064 3952/3783/3061
f  3979/3810/3084 3980/3811/3085 4274/4105/991
f  3979/3810/3084 4274/4105/991 3956/3787/3065
f  3983/3814/3088 3984/3815/3089 3959/3790/3068
f  3983/3814/3088 3959/3790/3068 4275/4106/992
f  3987/3818/3092 3966/3797/3073 4276/4107/987
f  3987/3818/3092 4276/4107/987 3960/3791/3069
f  4277/4108/547 4278/4109/328 4056/3887/1303
f  4277/4108/547 4056/3887/1303 4279/4110/995
f  4280/4111/1021 4032/3863/3121 4281/4112/999
f  4280/4111/1021 4281/4112/999 3990/3821/1299
f  4035/3866/3124 4036/3867/3125 4282/4113/1003
f  4035/3866/3124 4282/4113/1003 4283/4114/1000
f  4039/3870/3128 4040/3871/3129 3969/3800/3076
f  4039/3870/3128 3969/3800/3076 4284/4115/1004
f  4043/3874/3132 4285/4116/1022 3973/3804/1301
f  4043/3874/3132 3973/3804/1301 3970/3801/3077
f  4286/4117/1025 4044/3875/3133 4287/4118/1007
f  4286/4117/1025 4287/4118/1007 3974/3805/1300
f  4047/3878/3136 4048/3879/3137 3977/3808/3082
f  4047/3878/3136 3977/3808/3082 4288/4119/1008
f  4051/3882/3140 4052/3883/3141 3981/3812/3086
f  4051/3882/3140 3981/3812/3086 3978/3809/3083
f  4055/3886/3144 4026/3857/3115 3985/3816/3090
f  4055/3886/3144 3985/3816/3090 3982/3813/3087
f  4029/3860/3118 2826/2657/2026 3967/3798/3074
f  4029/3860/3118 3967/3798/3074 3986/3817/3091
f  2497/2328/1717 2496/2327/1716 4061/3892/601
f  2497/2328/1717 4061/3892/601 4063/3894/600
f  2466/2297/1686 2465/2296/1202 2496/2327/1716
f  2466/2297/1686 2496/2327/1716 2499/2330/1719
f  3236/3067/2404 3239/3070/1238 2498/2329/1718
f  3236/3067/2404 2498/2329/1718 2497/2328/1717
f  2501/2332/1721 2500/2331/1720 2499/2330/1719
f  2501/2332/1721 2499/2330/1719 2498/2329/1718
f  2470/2301/1690 2469/2300/1689 2500/2331/1720
f  2470/2301/1690 2500/2331/1720 2503/2334/1723
f  3202/3033/1237 3205/3036/2377 2502/2333/1722
f  3202/3033/1237 2502/2333/1722 2501/2332/1721
f  2505/2336/1725 2504/2335/1724 2503/2334/1723
f  2505/2336/1725 2503/2334/1723 2502/2333/1722
f  2474/2305/1694 2473/2304/1693 2504/2335/1724
f  2474/2305/1694 2504/2335/1724 2507/2338/1727
f  3206/3037/2378 3209/3040/2379 2506/2337/1726
f  3206/3037/2378 2506/2337/1726 2505/2336/1725
f  2509/2340/1729 2508/2339/1728 2507/2338/1727
f  2509/2340/1729 2507/2338/1727 2506/2337/1726
f  2478/2309/1698 2477/2308/1697 2508/2339/1728
f  2478/2309/1698 2508/2339/1728 2511/2342/1731
f  3210/3041/2380 3213/3044/2381 2510/2341/1730
f  3210/3041/2380 2510/2341/1730 2509/2340/1729
f  2513/2344/1733 2512/2343/1732 2511/2342/1731
f  2513/2344/1733 2511/2342/1731 2510/2341/1730
f  2482/2313/1702 2481/2312/1701 2512/2343/1732
f  2482/2313/1702 2512/2343/1732 2515/2346/1735
f  3214/3045/2382 3217/3048/2385 2514/2345/1734
f  3214/3045/2382 2514/2345/1734 2513/2344/1733
f  2517/2348/1737 2516/2347/1736 2515/2346/1735
f  2517/2348/1737 2515/2346/1735 2514/2345/1734
f  2486/2317/1706 2485/2316/1705 2516/2347/1736
f  2486/2317/1706 2516/2347/1736 2519/2350/1739
f  3218/3049/2386 3221/3052/2389 2518/2349/1738
f  3218/3049/2386 2518/2349/1738 2517/2348/1737
f  2521/2352/1741 2520/2351/1740 2519/2350/1739
f  2521/2352/1741 2519/2350/1739 2518/2349/1738
f  2490/2321/1710 2489/2320/1709 2520/2351/1740
f  2490/2321/1710 2520/2351/1740 2523/2354/1743
f  3222/3053/2390 3225/3056/2393 2522/2353/1742
f  3222/3053/2390 2522/2353/1742 2521/2352/1741
f  2525/2356/1745 2524/2355/1744 2523/2354/1743
f  2525/2356/1745 2523/2354/1743 2522/2353/1742
f  2494/2325/1714 2493/2324/1713 2524/2355/1744
f  2494/2325/1714 2524/2355/1744 2527/2358/1747
f  3226/3057/2394 3229/3060/2397 2526/2357/1746
f  3226/3057/2394 2526/2357/1746 2525/2356/1745
f  2529/2360/1749 2528/2359/1748 2527/2358/1747
f  2529/2360/1749 2527/2358/1747 2526/2357/1746
f  2462/2293/1684 2461/2292/1683 2528/2359/1748
f  2462/2293/1684 2528/2359/1748 2531/2362/1751
f  3230/3061/2398 3233/3064/2401 2530/2361/1750
f  3230/3061/2398 2530/2361/1750 2529/2360/1749
f  2533/2364/1753 2532/2363/1752 2531/2362/1751
f  2533/2364/1753 2531/2362/1751 2530/2361/1750
f  2314/2150/1558 2459/2290/1681 2532/2363/1752
f  2314/2150/1558 2532/2363/1752 2315/2151/1559
f  3200/3031/2375 2317/2153/1561 2319/2155/1563
f  3200/3031/2375 2319/2155/1563 2533/2364/1753
f  2318/2154/1562 2316/2152/1560 2315/2151/1559
f  2318/2154/1562 2315/2151/1559 2319/2155/1563
f  2542/2373/1760 2541/2372/1079 2464/2295/1078
f  2542/2373/1760 2464/2295/1078 2467/2298/1687
f  2469/2300/1689 2468/2299/1688 2467/2298/1687
f  2469/2300/1689 2467/2298/1687 2466/2297/1686
f  2546/2377/1763 2545/2376/1762 2468/2299/1688
f  2546/2377/1763 2468/2299/1688 2471/2302/1691
f  2473/2304/1693 2472/2303/1692 2471/2302/1691
f  2473/2304/1693 2471/2302/1691 2470/2301/1690
f  2550/2381/1767 2549/2380/1766 2472/2303/1692
f  2550/2381/1767 2472/2303/1692 2475/2306/1695
f  2477/2308/1697 2476/2307/1696 2475/2306/1695
f  2477/2308/1697 2475/2306/1695 2474/2305/1694
f  2554/2385/1771 2553/2384/1770 2476/2307/1696
f  2554/2385/1771 2476/2307/1696 2479/2310/1699
f  2481/2312/1701 2480/2311/1700 2479/2310/1699
f  2481/2312/1701 2479/2310/1699 2478/2309/1698
f  2558/2389/1775 2557/2388/1774 2480/2311/1700
f  2558/2389/1775 2480/2311/1700 2483/2314/1703
f  2485/2316/1705 2484/2315/1704 2483/2314/1703
f  2485/2316/1705 2483/2314/1703 2482/2313/1702
f  2562/2393/1779 2561/2392/1778 2484/2315/1704
f  2562/2393/1779 2484/2315/1704 2487/2318/1707
f  2489/2320/1709 2488/2319/1708 2487/2318/1707
f  2489/2320/1709 2487/2318/1707 2486/2317/1706
f  2566/2397/1783 2565/2396/1782 2488/2319/1708
f  2566/2397/1783 2488/2319/1708 2491/2322/1711
f  2493/2324/1713 2492/2323/1712 2491/2322/1711
f  2493/2324/1713 2491/2322/1711 2490/2321/1710
f  2570/2401/1787 2569/2400/1786 2492/2323/1712
f  2570/2401/1787 2492/2323/1712 2495/2326/1715
f  2461/2292/1683 2460/2291/1682 2495/2326/1715
f  2461/2292/1683 2495/2326/1715 2494/2325/1714
f  2536/2367/1756 2535/2366/1755 2460/2291/1682
f  2536/2367/1756 2460/2291/1682 2463/2294/1685
f  2459/2290/1681 2458/2289/1680 2463/2294/1685
f  2459/2290/1681 2463/2294/1685 2462/2293/1684
f  2320/2156/1564 3235/3066/2403 2458/2289/1680
f  2320/2156/1564 2458/2289/1680 2321/2157/1565
f  2316/2152/1560 2322/2158/1566 2321/2157/1565
f  2316/2152/1560 2321/2157/1565 2314/2150/1558
f  2545/2376/1762 2544/2375/1761 2543/2374/1203
f  2545/2376/1762 2543/2374/1203 2542/2373/1760
f  2580/2411/1797 2579/2410/1796 2544/2375/1761
f  2580/2411/1797 2544/2375/1761 2547/2378/1764
f  2549/2380/1766 2548/2379/1765 2547/2378/1764
f  2549/2380/1766 2547/2378/1764 2546/2377/1763
f  2584/2415/1801 2583/2414/1800 2548/2379/1765
f  2584/2415/1801 2548/2379/1765 2551/2382/1768
f  2553/2384/1770 2552/2383/1769 2551/2382/1768
f  2553/2384/1770 2551/2382/1768 2550/2381/1767
f  2588/2419/1805 2587/2418/1804 2552/2383/1769
f  2588/2419/1805 2552/2383/1769 2555/2386/1772
f  2557/2388/1774 2556/2387/1773 2555/2386/1772
f  2557/2388/1774 2555/2386/1772 2554/2385/1771
f  2592/2423/1809 2591/2422/1808 2556/2387/1773
f  2592/2423/1809 2556/2387/1773 2559/2390/1776
f  2561/2392/1778 2560/2391/1777 2559/2390/1776
f  2561/2392/1778 2559/2390/1776 2558/2389/1775
f  2596/2427/1813 2595/2426/1812 2560/2391/1777
f  2596/2427/1813 2560/2391/1777 2563/2394/1780
f  2565/2396/1782 2564/2395/1781 2563/2394/1780
f  2565/2396/1782 2563/2394/1780 2562/2393/1779
f  2600/2431/1817 2599/2430/1816 2564/2395/1781
f  2600/2431/1817 2564/2395/1781 2567/2398/1784
f  2569/2400/1786 2568/2399/1785 2567/2398/1784
f  2569/2400/1786 2567/2398/1784 2566/2397/1783
f  2604/2435/1821 2603/2434/1820 2568/2399/1785
f  2604/2435/1821 2568/2399/1785 2571/2402/1788
f  2535/2366/1755 2534/2365/1754 2571/2402/1788
f  2535/2366/1755 2571/2402/1788 2570/2401/1787
f  2574/2405/1791 2573/2404/1790 2534/2365/1754
f  2574/2405/1791 2534/2365/1754 2537/2368/1757
f  3235/3066/2403 3234/3065/2402 2537/2368/1757
f  3235/3066/2403 2537/2368/1757 2536/2367/1756
f  2323/2159/1567 2539/2370/1759 3234/3065/2402
f  2323/2159/1567 3234/3065/2402 2324/2160/1568
f  2322/2158/1566 2325/2161/1569 2324/2160/1568
f  2322/2158/1566 2324/2160/1568 2320/2156/1564
f  2579/2410/1796 2578/2409/1795 4066/3897/609
f  2579/2410/1796 4066/3897/609 4064/3895/608
f  2614/2445/1831 2613/2444/1830 2578/2409/1795
f  2614/2445/1831 2578/2409/1795 2581/2412/1798
f  2583/2414/1800 2582/2413/1799 2581/2412/1798
f  2583/2414/1800 2581/2412/1798 2580/2411/1797
f  2618/2449/1834 2617/2448/1833 2582/2413/1799
f  2618/2449/1834 2582/2413/1799 2585/2416/1802
f  2587/2418/1804 2586/2417/1803 2585/2416/1802
f  2587/2418/1804 2585/2416/1802 2584/2415/1801
f  2622/2453/1837 2621/2452/1836 2586/2417/1803
f  2622/2453/1837 2586/2417/1803 2589/2420/1806
f  2591/2422/1808 2590/2421/1807 2589/2420/1806
f  2591/2422/1808 2589/2420/1806 2588/2419/1805
f  2626/2457/1841 2625/2456/1840 2590/2421/1807
f  2626/2457/1841 2590/2421/1807 2593/2424/1810
f  2595/2426/1812 2594/2425/1811 2593/2424/1810
f  2595/2426/1812 2593/2424/1810 2592/2423/1809
f  2630/2461/1845 2629/2460/1844 2594/2425/1811
f  2630/2461/1845 2594/2425/1811 2597/2428/1814
f  2599/2430/1816 2598/2429/1815 2597/2428/1814
f  2599/2430/1816 2597/2428/1814 2596/2427/1813
f  2634/2465/1849 2633/2464/1848 2598/2429/1815
f  2634/2465/1849 2598/2429/1815 2601/2432/1818
f  2603/2434/1820 2602/2433/1819 2601/2432/1818
f  2603/2434/1820 2601/2432/1818 2600/2431/1817
f  2638/2469/1853 2637/2468/1852 2602/2433/1819
f  2638/2469/1853 2602/2433/1819 2605/2436/1822
f  2573/2404/1790 2572/2403/1789 2605/2436/1822
f  2573/2404/1790 2605/2436/1822 2604/2435/1821
f  2608/2439/1825 2607/2438/1824 2572/2403/1789
f  2608/2439/1825 2572/2403/1789 2575/2406/1792
f  2539/2370/1759 2538/2369/1758 2575/2406/1792
f  2539/2370/1759 2575/2406/1792 2574/2405/1791
f  2326/2162/1570 2577/2408/1794 2538/2369/1758
f  2326/2162/1570 2538/2369/1758 2327/2163/1571
f  2325/2161/1569 2328/2164/1572 2327/2163/1571
f  2325/2161/1569 2327/2163/1571 2323/2159/1567
f  2613/2444/1830 2612/2443/1829 4068/3899/617
f  2613/2444/1830 4068/3899/617 4065/3896/616
f  2648/2479/1863 2647/2478/1862 2612/2443/1829
f  2648/2479/1863 2612/2443/1829 2615/2446/1832
f  2617/2448/1833 2616/2447/1206 2615/2446/1832
f  2617/2448/1833 2615/2446/1832 2614/2445/1831
f  2621/2452/1836 2620/2451/1835 2619/2450/1207
f  2621/2452/1836 2619/2450/1207 2618/2449/1834
f  2656/2487/1867 2655/2486/1866 2620/2451/1835
f  2656/2487/1867 2620/2451/1835 2623/2454/1838
f  2625/2456/1840 2624/2455/1839 2623/2454/1838
f  2625/2456/1840 2623/2454/1838 2622/2453/1837
f  2660/2491/1871 2659/2490/1870 2624/2455/1839
f  2660/2491/1871 2624/2455/1839 2627/2458/1842
f  2629/2460/1844 2628/2459/1843 2627/2458/1842
f  2629/2460/1844 2627/2458/1842 2626/2457/1841
f  2664/2495/1875 2663/2494/1874 2628/2459/1843
f  2664/2495/1875 2628/2459/1843 2631/2462/1846
f  2633/2464/1848 2632/2463/1847 2631/2462/1846
f  2633/2464/1848 2631/2462/1846 2630/2461/1845
f  2668/2499/1879 2667/2498/1878 2632/2463/1847
f  2668/2499/1879 2632/2463/1847 2635/2466/1850
f  2637/2468/1852 2636/2467/1851 2635/2466/1850
f  2637/2468/1852 2635/2466/1850 2634/2465/1849
f  2672/2503/1883 2671/2502/1882 2636/2467/1851
f  2672/2503/1883 2636/2467/1851 2639/2470/1854
f  2607/2438/1824 2606/2437/1823 2639/2470/1854
f  2607/2438/1824 2639/2470/1854 2638/2469/1853
f  2642/2473/1857 2641/2472/1856 2606/2437/1823
f  2642/2473/1857 2606/2437/1823 2609/2440/1826
f  2577/2408/1794 2576/2407/1793 2609/2440/1826
f  2577/2408/1794 2609/2440/1826 2608/2439/1825
f  2329/2165/1573 2611/2442/1828 2576/2407/1793
f  2329/2165/1573 2576/2407/1793 2330/2166/1574
f  2328/2164/1572 2331/2167/1575 2330/2166/1574
f  2328/2164/1572 2330/2166/1574 2326/2162/1570
f  2647/2478/1862 2646/2477/1861 4070/3901/625
f  2647/2478/1862 4070/3901/625 4067/3898/624
f  2682/2513/1893 2681/2512/1892 2646/2477/1861
f  2682/2513/1893 2646/2477/1861 2649/2480/1864
f  2651/2482/1205 2650/2481/1210 2649/2480/1864
f  2651/2482/1205 2649/2480/1864 2648/2479/1863
f  2655/2486/1866 2654/2485/1865 2653/2484/1211
f  2655/2486/1866 2653/2484/1211 2652/2483/1204
f  2690/2521/1899 2689/2520/1898 2654/2485/1865
f  2690/2521/1899 2654/2485/1865 2657/2488/1868
f  2659/2490/1870 2658/2489/1869 2657/2488/1868
f  2659/2490/1870 2657/2488/1868 2656/2487/1867
f  2694/2525/1903 2693/2524/1902 2658/2489/1869
f  2694/2525/1903 2658/2489/1869 2661/2492/1872
f  2663/2494/1874 2662/2493/1873 2661/2492/1872
f  2663/2494/1874 2661/2492/1872 2660/2491/1871
f  2698/2529/1907 2697/2528/1906 2662/2493/1873
f  2698/2529/1907 2662/2493/1873 2665/2496/1876
f  2667/2498/1878 2666/2497/1877 2665/2496/1876
f  2667/2498/1878 2665/2496/1876 2664/2495/1875
f  2702/2533/1911 2701/2532/1910 2666/2497/1877
f  2702/2533/1911 2666/2497/1877 2669/2500/1880
f  2671/2502/1882 2670/2501/1881 2669/2500/1880
f  2671/2502/1882 2669/2500/1880 2668/2499/1879
f  2706/2537/1915 2705/2536/1914 2670/2501/1881
f  2706/2537/1915 2670/2501/1881 2673/2504/1884
f  2641/2472/1856 2640/2471/1855 2673/2504/1884
f  2641/2472/1856 2673/2504/1884 2672/2503/1883
f  2676/2507/1887 2675/2506/1886 2640/2471/1855
f  2676/2507/1887 2640/2471/1855 2643/2474/1858
f  2611/2442/1828 2610/2441/1827 2643/2474/1858
f  2611/2442/1828 2643/2474/1858 2642/2473/1857
f  2332/2168/1576 2645/2476/1860 2610/2441/1827
f  2332/2168/1576 2610/2441/1827 2333/2169/1577
f  2331/2167/1575 2334/2170/1578 2333/2169/1577
f  2331/2167/1575 2333/2169/1577 2329/2165/1573
f  2716/2547/1923 2715/2546/1081 4289/4120/630
f  2716/2547/1923 4289/4120/630 4071/3902/633
f  2681/2512/1892 2680/2511/1891 4071/3902/633
f  2681/2512/1892 4071/3902/633 4069/3900/632
f  2720/2551/1926 2719/2550/1925 2680/2511/1891
f  2720/2551/1926 2680/2511/1891 2683/2514/1894
f  2685/2516/1209 2684/2515/1895 2683/2514/1894
f  2685/2516/1209 2683/2514/1894 2682/2513/1893
f  2724/2555/1929 2723/2554/1928 2684/2515/1895
f  2724/2555/1929 2684/2515/1895 2687/2518/1896
f  2689/2520/1898 2688/2519/1897 2687/2518/1896
f  2689/2520/1898 2687/2518/1896 2686/2517/1208
f  2728/2559/1933 2727/2558/1932 2688/2519/1897
f  2728/2559/1933 2688/2519/1897 2691/2522/1900
f  2693/2524/1902 2692/2523/1901 2691/2522/1900
f  2693/2524/1902 2691/2522/1900 2690/2521/1899
f  2732/2563/1937 2731/2562/1936 2692/2523/1901
f  2732/2563/1937 2692/2523/1901 2695/2526/1904
f  2697/2528/1906 2696/2527/1905 2695/2526/1904
f  2697/2528/1906 2695/2526/1904 2694/2525/1903
f  2736/2567/1941 2735/2566/1940 2696/2527/1905
f  2736/2567/1941 2696/2527/1905 2699/2530/1908
f  2701/2532/1910 2700/2531/1909 2699/2530/1908
f  2701/2532/1910 2699/2530/1908 2698/2529/1907
f  2740/2571/1945 2739/2570/1944 2700/2531/1909
f  2740/2571/1945 2700/2531/1909 2703/2534/1912
f  2705/2536/1914 2704/2535/1913 2703/2534/1912
f  2705/2536/1914 2703/2534/1912 2702/2533/1911
f  2744/2575/1949 2743/2574/1948 2704/2535/1913
f  2744/2575/1949 2704/2535/1913 2707/2538/1916
f  2675/2506/1886 2674/2505/1885 2707/2538/1916
f  2675/2506/1886 2707/2538/1916 2706/2537/1915
f  2710/2541/1919 2709/2540/1918 2674/2505/1885
f  2710/2541/1919 2674/2505/1885 2677/2508/1888
f  2645/2476/1860 2644/2475/1859 2677/2508/1888
f  2645/2476/1860 2677/2508/1888 2676/2507/1887
f  2335/2171/1579 2679/2510/1890 2644/2475/1859
f  2335/2171/1579 2644/2475/1859 2336/2172/1580
f  2334/2170/1578 2337/2173/1581 2336/2172/1580
f  2334/2170/1578 2336/2172/1580 2332/2168/1576
f  2715/2546/1081 2714/2545/1082 4290/4121/641
f  2715/2546/1081 4290/4121/641 4291/4122/640
f  2754/2585/1958 2753/2584/1083 2714/2545/1082
f  2754/2585/1958 2714/2545/1082 2717/2548/1924
f  2719/2550/1925 2718/2549/1214 2717/2548/1924
f  2719/2550/1925 2717/2548/1924 2716/2547/1923
f  2723/2554/1928 2722/2553/1927 2721/2552/1215
f  2723/2554/1928 2721/2552/1215 2720/2551/1926
f  2762/2593/1964 2761/2592/1963 2722/2553/1927
f  2762/2593/1964 2722/2553/1927 2725/2556/1930
f  2727/2558/1932 2726/2557/1931 2725/2556/1930
f  2727/2558/1932 2725/2556/1930 2724/2555/1929
f  2766/2597/1968 2765/2596/1967 2726/2557/1931
f  2766/2597/1968 2726/2557/1931 2729/2560/1934
f  2731/2562/1936 2730/2561/1935 2729/2560/1934
f  2731/2562/1936 2729/2560/1934 2728/2559/1933
f  2770/2601/1972 2769/2600/1971 2730/2561/1935
f  2770/2601/1972 2730/2561/1935 2733/2564/1938
f  2735/2566/1940 2734/2565/1939 2733/2564/1938
f  2735/2566/1940 2733/2564/1938 2732/2563/1937
f  2774/2605/1976 2773/2604/1975 2734/2565/1939
f  2774/2605/1976 2734/2565/1939 2737/2568/1942
f  2739/2570/1944 2738/2569/1943 2737/2568/1942
f  2739/2570/1944 2737/2568/1942 2736/2567/1941
f  2778/2609/1980 2777/2608/1979 2738/2569/1943
f  2778/2609/1980 2738/2569/1943 2741/2572/1946
f  2743/2574/1948 2742/2573/1947 2741/2572/1946
f  2743/2574/1948 2741/2572/1946 2740/2571/1945
f  2782/2613/1984 2781/2612/1983 2742/2573/1947
f  2782/2613/1984 2742/2573/1947 2745/2576/1950
f  2709/2540/1918 2708/2539/1917 2745/2576/1950
f  2709/2540/1918 2745/2576/1950 2744/2575/1949
f  2748/2579/1953 2747/2578/1952 2708/2539/1917
f  2748/2579/1953 2708/2539/1917 2711/2542/1920
f  2679/2510/1890 2678/2509/1889 2711/2542/1920
f  2679/2510/1890 2711/2542/1920 2710/2541/1919
f  2338/2174/1582 2713/2544/1922 2678/2509/1889
f  2338/2174/1582 2678/2509/1889 2339/2175/1583
f  2337/2173/1581 2340/2176/1584 2339/2175/1583
f  2337/2173/1581 2339/2175/1583 2335/2171/1579
f  4072/3903/648 4292/4123/647 4293/4124/642
f  4072/3903/648 4293/4124/642 4073/3904/645
f  2753/2584/1083 2752/2583/1957 4073/3904/645
f  2753/2584/1083 4073/3904/645 4294/4125/644
f  2792/2623/1994 2791/2622/1993 2752/2583/1957
f  2792/2623/1994 2752/2583/1957 2755/2586/1959
f  2757/2588/1213 2756/2587/1960 2755/2586/1959
f  2757/2588/1213 2755/2586/1959 2754/2585/1958
f  2796/2627/1997 2795/2626/1996 2756/2587/1960
f  2796/2627/1997 2756/2587/1960 2759/2590/1961
f  2761/2592/1963 2760/2591/1962 2759/2590/1961
f  2761/2592/1963 2759/2590/1961 2758/2589/1212
f  2800/2631/2000 2799/2630/1999 2760/2591/1962
f  2800/2631/2000 2760/2591/1962 2763/2594/1965
f  2765/2596/1967 2764/2595/1966 2763/2594/1965
f  2765/2596/1967 2763/2594/1965 2762/2593/1964
f  2804/2635/2004 2803/2634/2003 2764/2595/1966
f  2804/2635/2004 2764/2595/1966 2767/2598/1969
f  2769/2600/1971 2768/2599/1970 2767/2598/1969
f  2769/2600/1971 2767/2598/1969 2766/2597/1968
f  2808/2639/2008 2807/2638/2007 2768/2599/1970
f  2808/2639/2008 2768/2599/1970 2771/2602/1973
f  2773/2604/1975 2772/2603/1974 2771/2602/1973
f  2773/2604/1975 2771/2602/1973 2770/2601/1972
f  2812/2643/2012 2811/2642/2011 2772/2603/1974
f  2812/2643/2012 2772/2603/1974 2775/2606/1977
f  2777/2608/1979 2776/2607/1978 2775/2606/1977
f  2777/2608/1979 2775/2606/1977 2774/2605/1976
f  2816/2647/2016 2815/2646/2015 2776/2607/1978
f  2816/2647/2016 2776/2607/1978 2779/2610/1981
f  2781/2612/1983 2780/2611/1982 2779/2610/1981
f  2781/2612/1983 2779/2610/1981 2778/2609/1980
f  2820/2651/2020 2819/2650/2019 2780/2611/1982
f  2820/2651/2020 2780/2611/1982 2783/2614/1985
f  2747/2578/1952 2746/2577/1951 2783/2614/1985
f  2747/2578/1952 2783/2614/1985 2782/2613/1984
f  2786/2617/1988 2785/2616/1987 2746/2577/1951
f  2786/2617/1988 2746/2577/1951 2749/2580/1954
f  2713/2544/1922 2712/2543/1921 2749/2580/1954
f  2713/2544/1922 2749/2580/1954 2748/2579/1953
f  2341/2177/1585 2751/2582/1956 2712/2543/1921
f  2341/2177/1585 2712/2543/1921 2342/2178/1586
f  2340/2176/1584 2343/2179/1587 2342/2178/1586
f  2340/2176/1584 2342/2178/1586 2338/2174/1582
f  4295/4126/286 4296/4127/285 4292/4123/647
f  4295/4126/286 4292/4123/647 4297/4128/646
f  2791/2622/1993 2790/2621/1992 4074/3905/649
f  2791/2622/1993 4074/3905/649 4072/3903/648
f  2830/2661/2029 2829/2660/2028 2790/2621/1992
f  2830/2661/2029 2790/2621/1992 2793/2624/1995
f  2795/2626/1996 2794/2625/1219 2793/2624/1995
f  2795/2626/1996 2793/2624/1995 2792/2623/1994
f  2799/2630/1999 2798/2629/1998 2797/2628/1220
f  2799/2630/1999 2797/2628/1220 2796/2627/1997
f  2838/2669/2034 2837/2668/2033 2798/2629/1998
f  2838/2669/2034 2798/2629/1998 2801/2632/2001
f  2803/2634/2003 2802/2633/2002 2801/2632/2001
f  2803/2634/2003 2801/2632/2001 2800/2631/2000
f  2842/2673/2038 2841/2672/2037 2802/2633/2002
f  2842/2673/2038 2802/2633/2002 2805/2636/2005
f  2807/2638/2007 2806/2637/2006 2805/2636/2005
f  2807/2638/2007 2805/2636/2005 2804/2635/2004
f  2846/2677/2042 2845/2676/2041 2806/2637/2006
f  2846/2677/2042 2806/2637/2006 2809/2640/2009
f  2811/2642/2011 2810/2641/2010 2809/2640/2009
f  2811/2642/2011 2809/2640/2009 2808/2639/2008
f  2850/2681/2046 2849/2680/2045 2810/2641/2010
f  2850/2681/2046 2810/2641/2010 2813/2644/2013
f  2815/2646/2015 2814/2645/2014 2813/2644/2013
f  2815/2646/2015 2813/2644/2013 2812/2643/2012
f  2854/2685/2050 2853/2684/2049 2814/2645/2014
f  2854/2685/2050 2814/2645/2014 2817/2648/2017
f  2819/2650/2019 2818/2649/2018 2817/2648/2017
f  2819/2650/2019 2817/2648/2017 2816/2647/2016
f  2858/2689/2054 2857/2688/2053 2818/2649/2018
f  2858/2689/2054 2818/2649/2018 2821/2652/2021
f  2785/2616/1987 2784/2615/1986 2821/2652/2021
f  2785/2616/1987 2821/2652/2021 2820/2651/2020
f  2824/2655/2024 2823/2654/2023 2784/2615/1986
f  2824/2655/2024 2784/2615/1986 2787/2618/1989
f  2751/2582/1956 2750/2581/1955 2787/2618/1989
f  2751/2582/1956 2787/2618/1989 2786/2617/1988
f  2344/2180/1588 2789/2620/1991 2750/2581/1955
f  2344/2180/1588 2750/2581/1955 2345/2181/1589
f  2343/2179/1587 2346/2182/1590 2345/2181/1589
f  2343/2179/1587 2345/2181/1589 2341/2177/1585
f  4058/3889/1085 4057/3888/1302 2860/2691/2056
f  4058/3889/1085 2860/2691/2056 2863/2694/1086
f  4076/3907/244 4298/4129/243 2861/2692/1084
f  4076/3907/244 2861/2692/1084 2860/2691/2056
f  2829/2660/2028 2828/2659/1087 2863/2694/1086
f  2829/2660/2028 2863/2694/1086 2862/2693/1216
f  2833/2664/1218 2832/2663/2030 2831/2662/1221
f  2833/2664/1218 2831/2662/1221 2830/2661/2029
f  4034/3865/3123 4033/3864/3122 2832/2663/2030
f  4034/3865/3123 2832/2663/2030 2835/2666/2031
f  2837/2668/2033 2836/2667/2032 2835/2666/2031
f  2837/2668/2033 2835/2666/2031 2834/2665/1217
f  4038/3869/3127 4037/3868/3126 2836/2667/2032
f  4038/3869/3127 2836/2667/2032 2839/2670/2035
f  2841/2672/2037 2840/2671/2036 2839/2670/2035
f  2841/2672/2037 2839/2670/2035 2838/2669/2034
f  4042/3873/3131 4041/3872/3130 2840/2671/2036
f  4042/3873/3131 2840/2671/2036 2843/2674/2039
f  2845/2676/2041 2844/2675/2040 2843/2674/2039
f  2845/2676/2041 2843/2674/2039 2842/2673/2038
f  4077/3908/1024 4078/3909/1023 2844/2675/2040
f  4077/3908/1024 2844/2675/2040 2847/2678/2043
f  2849/2680/2045 2848/2679/2044 2847/2678/2043
f  2849/2680/2045 2847/2678/2043 2846/2677/2042
f  4046/3877/3135 4045/3876/3134 2848/2679/2044
f  4046/3877/3135 2848/2679/2044 2851/2682/2047
f  2853/2684/2049 2852/2683/2048 2851/2682/2047
f  2853/2684/2049 2851/2682/2047 2850/2681/2046
f  4050/3881/3139 4049/3880/3138 2852/2683/2048
f  4050/3881/3139 2852/2683/2048 2855/2686/2051
f  2857/2688/2053 2856/2687/2052 2855/2686/2051
f  2857/2688/2053 2855/2686/2051 2854/2685/2050
f  4054/3885/3143 4053/3884/3142 2856/2687/2052
f  4054/3885/3143 2856/2687/2052 2859/2690/2055
f  2823/2654/2023 2822/2653/2022 2859/2690/2055
f  2823/2654/2023 2859/2690/2055 2858/2689/2054
f  4028/3859/3117 4027/3858/3116 2822/2653/2022
f  4028/3859/3117 2822/2653/2022 2825/2656/2025
f  2789/2620/1991 2788/2619/1990 2825/2656/2025
f  2789/2620/1991 2825/2656/2025 2824/2655/2024
f  2347/2183/1591 2827/2658/2027 2788/2619/1990
f  2347/2183/1591 2788/2619/1990 2348/2184/1592
f  2346/2182/1590 2349/2185/1593 2348/2184/1592
f  2346/2182/1590 2348/2184/1592 2344/2180/1588
f  2869/2700/2061 2868/2699/1225 4080/3911/661
f  2869/2700/2061 4080/3911/661 4082/3913/660
f  2894/2725/2083 2897/2728/2086 2870/2701/2062
f  2894/2725/2083 2870/2701/2062 2869/2700/2061
f  2873/2704/2063 2872/2703/1229 2871/2702/1226
f  2873/2704/2063 2871/2702/1226 2870/2701/2062
f  2898/2729/2087 2901/2732/2090 2874/2705/2064
f  2898/2729/2087 2874/2705/2064 2873/2704/2063
f  2877/2708/2066 2876/2707/2065 2875/2706/1230
f  2877/2708/2066 2875/2706/1230 2874/2705/2064
f  3216/3047/2384 3215/3046/2383 2876/2707/2065
f  3216/3047/2384 2876/2707/2065 2879/2710/2068
f  2902/2733/2091 2905/2736/2094 2878/2709/2067
f  2902/2733/2091 2878/2709/2067 2877/2708/2066
f  2881/2712/2070 2880/2711/2069 2879/2710/2068
f  2881/2712/2070 2879/2710/2068 2878/2709/2067
f  3220/3051/2388 3219/3050/2387 2880/2711/2069
f  3220/3051/2388 2880/2711/2069 2883/2714/2072
f  2906/2737/2095 2909/2740/2098 2882/2713/2071
f  2906/2737/2095 2882/2713/2071 2881/2712/2070
f  2885/2716/2074 2884/2715/2073 2883/2714/2072
f  2885/2716/2074 2883/2714/2072 2882/2713/2071
f  3224/3055/2392 3223/3054/2391 2884/2715/2073
f  3224/3055/2392 2884/2715/2073 2887/2718/2076
f  2910/2741/2099 2913/2744/2102 2886/2717/2075
f  2910/2741/2099 2886/2717/2075 2885/2716/2074
f  2889/2720/2078 2888/2719/2077 2887/2718/2076
f  2889/2720/2078 2887/2718/2076 2886/2717/2075
f  3228/3059/2396 3227/3058/2395 2888/2719/2077
f  3228/3059/2396 2888/2719/2077 2891/2722/2080
f  2914/2745/2103 2917/2748/2106 2890/2721/2079
f  2914/2745/2103 2890/2721/2079 2889/2720/2078
f  2865/2696/2058 2864/2695/2057 2891/2722/2080
f  2865/2696/2058 2891/2722/2080 2890/2721/2079
f  3232/3063/2400 3231/3062/2399 2864/2695/2057
f  3232/3063/2400 2864/2695/2057 2867/2698/2060
f  2918/2749/2107 2921/2752/2110 2866/2697/2059
f  2918/2749/2107 2866/2697/2059 2865/2696/2058
f  4031/3862/3120 4030/3861/3119 2867/2698/2060
f  4031/3862/3120 2867/2698/2060 2866/2697/2059
f  2350/2186/1594 3201/3032/2376 4030/3861/3119
f  2350/2186/1594 4030/3861/3119 2351/2187/1595
f  2892/2723/2081 2353/2189/1597 2355/2191/1599
f  2892/2723/2081 2355/2191/1599 4031/3862/3120
f  2354/2190/1598 2352/2188/1596 2351/2187/1595
f  2354/2190/1598 2351/2187/1595 2355/2191/1599
f  2895/2726/2084 2894/2725/2083 4081/3912/669
f  2895/2726/2084 4081/3912/669 4084/3915/668
f  2924/2755/2113 2927/2758/2116 2896/2727/2085
f  2924/2755/2113 2896/2727/2085 2895/2726/2084
f  2899/2730/2088 2898/2729/2087 2897/2728/2086
f  2899/2730/2088 2897/2728/2086 2896/2727/2085
f  2928/2759/2117 2931/2762/2120 2900/2731/2089
f  2928/2759/2117 2900/2731/2089 2899/2730/2088
f  2903/2734/2092 2902/2733/2091 2901/2732/2090
f  2903/2734/2092 2901/2732/2090 2900/2731/2089
f  2932/2763/2121 2935/2766/2124 2904/2735/2093
f  2932/2763/2121 2904/2735/2093 2903/2734/2092
f  2907/2738/2096 2906/2737/2095 2905/2736/2094
f  2907/2738/2096 2905/2736/2094 2904/2735/2093
f  2936/2767/2125 2939/2770/2128 2908/2739/2097
f  2936/2767/2125 2908/2739/2097 2907/2738/2096
f  2911/2742/2100 2910/2741/2099 2909/2740/2098
f  2911/2742/2100 2909/2740/2098 2908/2739/2097
f  2940/2771/2129 2943/2774/2132 2912/2743/2101
f  2940/2771/2129 2912/2743/2101 2911/2742/2100
f  2915/2746/2104 2914/2745/2103 2913/2744/2102
f  2915/2746/2104 2913/2744/2102 2912/2743/2101
f  2944/2775/2133 2947/2778/2136 2916/2747/2105
f  2944/2775/2133 2916/2747/2105 2915/2746/2104
f  2919/2750/2108 2918/2749/2107 2917/2748/2106
f  2919/2750/2108 2917/2748/2106 2916/2747/2105
f  2948/2779/2137 2951/2782/2140 2920/2751/2109
f  2948/2779/2137 2920/2751/2109 2919/2750/2108
f  2893/2724/2082 2892/2723/2081 2921/2752/2110
f  2893/2724/2082 2921/2752/2110 2920/2751/2109
f  2922/2753/2111 2356/2192/1600 2358/2194/1602
f  2922/2753/2111 2358/2194/1602 2893/2724/2082
f  2357/2193/1601 2354/2190/1598 2353/2189/1597
f  2357/2193/1601 2353/2189/1597 2358/2194/1602
f  2925/2756/2114 2924/2755/2113 4083/3914/681
f  2925/2756/2114 4083/3914/681 4086/3917/680
f  2954/2785/2143 2957/2788/2146 2926/2757/2115
f  2954/2785/2143 2926/2757/2115 2925/2756/2114
f  2929/2760/2118 2928/2759/2117 2927/2758/2116
f  2929/2760/2118 2927/2758/2116 2926/2757/2115
f  2958/2789/2147 2961/2792/2150 2930/2761/2119
f  2958/2789/2147 2930/2761/2119 2929/2760/2118
f  2933/2764/2122 2932/2763/2121 2931/2762/2120
f  2933/2764/2122 2931/2762/2120 2930/2761/2119
f  2962/2793/2151 2965/2796/2154 2934/2765/2123
f  2962/2793/2151 2934/2765/2123 2933/2764/2122
f  2937/2768/2126 2936/2767/2125 2935/2766/2124
f  2937/2768/2126 2935/2766/2124 2934/2765/2123
f  2966/2797/2155 2969/2800/2158 2938/2769/2127
f  2966/2797/2155 2938/2769/2127 2937/2768/2126
f  2941/2772/2130 2940/2771/2129 2939/2770/2128
f  2941/2772/2130 2939/2770/2128 2938/2769/2127
f  2970/2801/2159 2973/2804/2162 2942/2773/2131
f  2970/2801/2159 2942/2773/2131 2941/2772/2130
f  2945/2776/2134 2944/2775/2133 2943/2774/2132
f  2945/2776/2134 2943/2774/2132 2942/2773/2131
f  2974/2805/2163 2977/2808/2166 2946/2777/2135
f  2974/2805/2163 2946/2777/2135 2945/2776/2134
f  2949/2780/2138 2948/2779/2137 2947/2778/2136
f  2949/2780/2138 2947/2778/2136 2946/2777/2135
f  2978/2809/2167 2981/2812/2170 2950/2781/2139
f  2978/2809/2167 2950/2781/2139 2949/2780/2138
f  2923/2754/2112 2922/2753/2111 2951/2782/2140
f  2923/2754/2112 2951/2782/2140 2950/2781/2139
f  2952/2783/2141 2359/2195/1603 2361/2197/1605
f  2952/2783/2141 2361/2197/1605 2923/2754/2112
f  2360/2196/1604 2357/2193/1601 2356/2192/1600
f  2360/2196/1604 2356/2192/1600 2361/2197/1605
f  4299/4130/702 4087/3918/705 4088/3919/692
f  4299/4130/702 4088/3919/692 4300/4131/691
f  2955/2786/2144 2954/2785/2143 4085/3916/693
f  2955/2786/2144 4085/3916/693 4088/3919/692
f  2984/2815/2173 2987/2818/2176 2956/2787/2145
f  2984/2815/2173 2956/2787/2145 2955/2786/2144
f  2959/2790/2148 2958/2789/2147 2957/2788/2146
f  2959/2790/2148 2957/2788/2146 2956/2787/2145
f  2988/2819/2177 2991/2822/2180 2960/2791/2149
f  2988/2819/2177 2960/2791/2149 2959/2790/2148
f  2963/2794/2152 2962/2793/2151 2961/2792/2150
f  2963/2794/2152 2961/2792/2150 2960/2791/2149
f  2992/2823/2181 2995/2826/2184 2964/2795/2153
f  2992/2823/2181 2964/2795/2153 2963/2794/2152
f  2967/2798/2156 2966/2797/2155 2965/2796/2154
f  2967/2798/2156 2965/2796/2154 2964/2795/2153
f  2996/2827/2185 2999/2830/2188 2968/2799/2157
f  2996/2827/2185 2968/2799/2157 2967/2798/2156
f  2971/2802/2160 2970/2801/2159 2969/2800/2158
f  2971/2802/2160 2969/2800/2158 2968/2799/2157
f  3000/2831/2189 3003/2834/2192 2972/2803/2161
f  3000/2831/2189 2972/2803/2161 2971/2802/2160
f  2975/2806/2164 2974/2805/2163 2973/2804/2162
f  2975/2806/2164 2973/2804/2162 2972/2803/2161
f  3004/2835/2193 3007/2838/2196 2976/2807/2165
f  3004/2835/2193 2976/2807/2165 2975/2806/2164
f  2979/2810/2168 2978/2809/2167 2977/2808/2166
f  2979/2810/2168 2977/2808/2166 2976/2807/2165
f  3008/2839/2197 3011/2842/2200 2980/2811/2169
f  3008/2839/2197 2980/2811/2169 2979/2810/2168
f  2953/2784/2142 2952/2783/2141 2981/2812/2170
f  2953/2784/2142 2981/2812/2170 2980/2811/2169
f  2982/2813/2171 2362/2198/1606 2364/2200/1608
f  2982/2813/2171 2364/2200/1608 2953/2784/2142
f  2363/2199/1607 2360/2196/1604 2359/2195/1603
f  2363/2199/1607 2359/2195/1603 2364/2200/1608
f  2985/2816/2174 2984/2815/2173 4087/3918/705
f  2985/2816/2174 4087/3918/705 4091/3922/704
f  4090/3921/718 4092/3923/721 2986/2817/2175
f  4090/3921/718 2986/2817/2175 2985/2816/2174
f  2989/2820/2178 2988/2819/2177 2987/2818/2176
f  2989/2820/2178 2987/2818/2176 2986/2817/2175
f  3014/2845/2203 3017/2848/2206 2990/2821/2179
f  3014/2845/2203 2990/2821/2179 2989/2820/2178
f  2993/2824/2182 2992/2823/2181 2991/2822/2180
f  2993/2824/2182 2991/2822/2180 2990/2821/2179
f  3018/2849/2207 3021/2852/2210 2994/2825/2183
f  3018/2849/2207 2994/2825/2183 2993/2824/2182
f  2997/2828/2186 2996/2827/2185 2995/2826/2184
f  2997/2828/2186 2995/2826/2184 2994/2825/2183
f  3022/2853/2211 3025/2856/2214 2998/2829/2187
f  3022/2853/2211 2998/2829/2187 2997/2828/2186
f  3001/2832/2190 3000/2831/2189 2999/2830/2188
f  3001/2832/2190 2999/2830/2188 2998/2829/2187
f  3026/2857/2215 3029/2860/2218 3002/2833/2191
f  3026/2857/2215 3002/2833/2191 3001/2832/2190
f  3005/2836/2194 3004/2835/2193 3003/2834/2192
f  3005/2836/2194 3003/2834/2192 3002/2833/2191
f  3030/2861/2219 3033/2864/2222 3006/2837/2195
f  3030/2861/2219 3006/2837/2195 3005/2836/2194
f  3009/2840/2198 3008/2839/2197 3007/2838/2196
f  3009/2840/2198 3007/2838/2196 3006/2837/2195
f  3034/2865/2223 3037/2868/2226 3010/2841/2199
f  3034/2865/2223 3010/2841/2199 3009/2840/2198
f  2983/2814/2172 2982/2813/2171 3011/2842/2200
f  2983/2814/2172 3011/2842/2200 3010/2841/2199
f  3012/2843/2201 2365/2201/1609 2367/2203/1611
f  3012/2843/2201 2367/2203/1611 2983/2814/2172
f  2366/2202/1610 2363/2199/1607 2362/2198/1606
f  2366/2202/1610 2362/2198/1606 2367/2203/1611
f  4093/3924/719 4090/3921/718 4089/3920/717
f  4093/3924/719 4089/3920/717 4094/3925/716
f  3044/2875/2230 3047/2878/2233 4095/3926/720
f  3044/2875/2230 4095/3926/720 4093/3924/719
f  3015/2846/2204 3014/2845/2203 4092/3923/721
f  3015/2846/2204 4092/3923/721 4095/3926/720
f  3048/2879/2234 3051/2882/2237 3016/2847/2205
f  3048/2879/2234 3016/2847/2205 3015/2846/2204
f  3019/2850/2208 3018/2849/2207 3017/2848/2206
f  3019/2850/2208 3017/2848/2206 3016/2847/2205
f  3052/2883/2238 3055/2886/2241 3020/2851/2209
f  3052/2883/2238 3020/2851/2209 3019/2850/2208
f  3023/2854/2212 3022/2853/2211 3021/2852/2210
f  3023/2854/2212 3021/2852/2210 3020/2851/2209
f  3056/2887/2242 3059/2890/2245 3024/2855/2213
f  3056/2887/2242 3024/2855/2213 3023/2854/2212
f  3027/2858/2216 3026/2857/2215 3025/2856/2214
f  3027/2858/2216 3025/2856/2214 3024/2855/2213
f  3060/2891/2246 3063/2894/2249 3028/2859/2217
f  3060/2891/2246 3028/2859/2217 3027/2858/2216
f  3031/2862/2220 3030/2861/2219 3029/2860/2218
f  3031/2862/2220 3029/2860/2218 3028/2859/2217
f  3064/2895/2250 3067/2898/2253 3032/2863/2221
f  3064/2895/2250 3032/2863/2221 3031/2862/2220
f  3035/2866/2224 3034/2865/2223 3033/2864/2222
f  3035/2866/2224 3033/2864/2222 3032/2863/2221
f  3068/2899/2254 3071/2902/2257 3036/2867/2225
f  3068/2899/2254 3036/2867/2225 3035/2866/2224
f  3013/2844/2202 3012/2843/2201 3037/2868/2226
f  3013/2844/2202 3037/2868/2226 3036/2867/2225
f  3038/2869/2227 2368/2204/1612 2370/2206/1614
f  3038/2869/2227 2370/2206/1614 3013/2844/2202
f  2369/2205/1613 2366/2202/1610 2365/2201/1609
f  2369/2205/1613 2365/2201/1609 2370/2206/1614
f  3041/2872/1093 3040/2871/1091 4301/4132/737
f  3041/2872/1093 4301/4132/737 4302/4133/736
f  3074/2905/1092 3077/2908/2262 3042/2873/2229
f  3074/2905/1092 3042/2873/2229 3041/2872/1093
f  3045/2876/2231 3044/2875/2230 3043/2874/1231
f  3045/2876/2231 3043/2874/1231 3042/2873/2229
f  3078/2909/2263 3081/2912/2266 3046/2877/2232
f  3078/2909/2263 3046/2877/2232 3045/2876/2231
f  3049/2880/2235 3048/2879/2234 3047/2878/2233
f  3049/2880/2235 3047/2878/2233 3046/2877/2232
f  3082/2913/2267 3085/2916/2270 3050/2881/2236
f  3082/2913/2267 3050/2881/2236 3049/2880/2235
f  3053/2884/2239 3052/2883/2238 3051/2882/2237
f  3053/2884/2239 3051/2882/2237 3050/2881/2236
f  3086/2917/2271 3089/2920/2274 3054/2885/2240
f  3086/2917/2271 3054/2885/2240 3053/2884/2239
f  3057/2888/2243 3056/2887/2242 3055/2886/2241
f  3057/2888/2243 3055/2886/2241 3054/2885/2240
f  3090/2921/2275 3093/2924/2278 3058/2889/2244
f  3090/2921/2275 3058/2889/2244 3057/2888/2243
f  3061/2892/2247 3060/2891/2246 3059/2890/2245
f  3061/2892/2247 3059/2890/2245 3058/2889/2244
f  3094/2925/2279 3097/2928/2282 3062/2893/2248
f  3094/2925/2279 3062/2893/2248 3061/2892/2247
f  3065/2896/2251 3064/2895/2250 3063/2894/2249
f  3065/2896/2251 3063/2894/2249 3062/2893/2248
f  3098/2929/2283 3101/2932/2286 3066/2897/2252
f  3098/2929/2283 3066/2897/2252 3065/2896/2251
f  3069/2900/2255 3068/2899/2254 3067/2898/2253
f  3069/2900/2255 3067/2898/2253 3066/2897/2252
f  3102/2933/2287 3105/2936/2290 3070/2901/2256
f  3102/2933/2287 3070/2901/2256 3069/2900/2255
f  3039/2870/2228 3038/2869/2227 3071/2902/2257
f  3039/2870/2228 3071/2902/2257 3070/2901/2256
f  3072/2903/2258 2371/2207/1615 2373/2209/1617
f  3072/2903/2258 2373/2209/1617 3039/2870/2228
f  2372/2208/1616 2369/2205/1613 2368/2204/1612
f  2372/2208/1616 2368/2204/1612 2373/2209/1617
f  3075/2906/2260 3074/2905/1092 4303/4134/745
f  3075/2906/2260 4303/4134/745 4097/3928/744
f  3108/2939/2293 3111/2942/2295 3076/2907/2261
f  3108/2939/2293 3076/2907/2261 3075/2906/2260
f  3079/2910/2264 3078/2909/2263 3077/2908/2262
f  3079/2910/2264 3077/2908/2262 3076/2907/2261
f  3112/2943/2296 3115/2946/2298 3080/2911/2265
f  3112/2943/2296 3080/2911/2265 3079/2910/2264
f  3083/2914/2268 3082/2913/2267 3081/2912/2266
f  3083/2914/2268 3081/2912/2266 3080/2911/2265
f  3116/2947/2299 3119/2950/2302 3084/2915/2269
f  3116/2947/2299 3084/2915/2269 3083/2914/2268
f  3087/2918/2272 3086/2917/2271 3085/2916/2270
f  3087/2918/2272 3085/2916/2270 3084/2915/2269
f  3120/2951/2303 3123/2954/2306 3088/2919/2273
f  3120/2951/2303 3088/2919/2273 3087/2918/2272
f  3091/2922/2276 3090/2921/2275 3089/2920/2274
f  3091/2922/2276 3089/2920/2274 3088/2919/2273
f  3124/2955/2307 3127/2958/2310 3092/2923/2277
f  3124/2955/2307 3092/2923/2277 3091/2922/2276
f  3095/2926/2280 3094/2925/2279 3093/2924/2278
f  3095/2926/2280 3093/2924/2278 3092/2923/2277
f  3128/2959/2311 3131/2962/2314 3096/2927/2281
f  3128/2959/2311 3096/2927/2281 3095/2926/2280
f  3099/2930/2284 3098/2929/2283 3097/2928/2282
f  3099/2930/2284 3097/2928/2282 3096/2927/2281
f  3132/2963/2315 3135/2966/2318 3100/2931/2285
f  3132/2963/2315 3100/2931/2285 3099/2930/2284
f  3103/2934/2288 3102/2933/2287 3101/2932/2286
f  3103/2934/2288 3101/2932/2286 3100/2931/2285
f  3136/2967/2319 3139/2970/2322 3104/2935/2289
f  3136/2967/2319 3104/2935/2289 3103/2934/2288
f  3073/2904/2259 3072/2903/2258 3105/2936/2290
f  3073/2904/2259 3105/2936/2290 3104/2935/2289
f  3106/2937/2291 2374/2210/1618 2376/2212/1620
f  3106/2937/2291 2376/2212/1620 3073/2904/2259
f  2375/2211/1619 2372/2208/1616 2371/2207/1615
f  2375/2211/1619 2371/2207/1615 2376/2212/1620
f  3109/2940/2294 3108/2939/2293 4096/3927/753
f  3109/2940/2294 4096/3927/753 4099/3930/752
f  3142/2973/2325 3145/2976/1094 3110/2941/1096
f  3142/2973/2325 3110/2941/1096 3109/2940/2294
f  3113/2944/1095 3112/2943/2296 3111/2942/2295
f  3113/2944/1095 3111/2942/2295 3110/2941/1096
f  4304/4135/754 4100/3931/757 3114/2945/2297
f  4304/4135/754 3114/2945/2297 3113/2944/1095
f  3117/2948/2300 3116/2947/2299 3115/2946/2298
f  3117/2948/2300 3115/2946/2298 3114/2945/2297
f  3146/2977/1235 3149/2980/2327 3118/2949/2301
f  3146/2977/1235 3118/2949/2301 3117/2948/2300
f  3121/2952/2304 3120/2951/2303 3119/2950/2302
f  3121/2952/2304 3119/2950/2302 3118/2949/2301
f  3150/2981/2328 3153/2984/2331 3122/2953/2305
f  3150/2981/2328 3122/2953/2305 3121/2952/2304
f  3125/2956/2308 3124/2955/2307 3123/2954/2306
f  3125/2956/2308 3123/2954/2306 3122/2953/2305
f  3154/2985/2332 3157/2988/2335 3126/2957/2309
f  3154/2985/2332 3126/2957/2309 3125/2956/2308
f  3129/2960/2312 3128/2959/2311 3127/2958/2310
f  3129/2960/2312 3127/2958/2310 3126/2957/2309
f  3158/2989/2336 3161/2992/2339 3130/2961/2313
f  3158/2989/2336 3130/2961/2313 3129/2960/2312
f  3133/2964/2316 3132/2963/2315 3131/2962/2314
f  3133/2964/2316 3131/2962/2314 3130/2961/2313
f  3162/2993/2340 3165/2996/2343 3134/2965/2317
f  3162/2993/2340 3134/2965/2317 3133/2964/2316
f  3137/2968/2320 3136/2967/2319 3135/2966/2318
f  3137/2968/2320 3135/2966/2318 3134/2965/2317
f  3166/2997/2344 3169/3000/2347 3138/2969/2321
f  3166/2997/2344 3138/2969/2321 3137/2968/2320
f  3107/2938/2292 3106/2937/2291 3139/2970/2322
f  3107/2938/2292 3139/2970/2322 3138/2969/2321
f  3140/2971/2323 2377/2213/1621 2379/2215/1623
f  3140/2971/2323 2379/2215/1623 3107/2938/2292
f  2378/2214/1622 2375/2211/1619 2374/2210/1618
f  2378/2214/1622 2374/2210/1618 2379/2215/1623
f  3143/2974/1233 3142/2973/2325 4098/3929/765
f  3143/2974/1233 4098/3929/765 4102/3933/764
f  4305/4136/766 4103/3934/769 4104/3935/756
f  4305/4136/766 4104/3935/756 4306/4137/755
f  3176/3007/2351 3179/3010/2354 3148/2979/2326
f  3176/3007/2351 3148/2979/2326 3147/2978/1234
f  3151/2982/2329 3150/2981/2328 3149/2980/2327
f  3151/2982/2329 3149/2980/2327 3148/2979/2326
f  3180/3011/2355 3183/3014/2358 3152/2983/2330
f  3180/3011/2355 3152/2983/2330 3151/2982/2329
f  3155/2986/2333 3154/2985/2332 3153/2984/2331
f  3155/2986/2333 3153/2984/2331 3152/2983/2330
f  3184/3015/2359 3187/3018/2362 3156/2987/2334
f  3184/3015/2359 3156/2987/2334 3155/2986/2333
f  3159/2990/2337 3158/2989/2336 3157/2988/2335
f  3159/2990/2337 3157/2988/2335 3156/2987/2334
f  3188/3019/2363 3191/3022/2366 3160/2991/2338
f  3188/3019/2363 3160/2991/2338 3159/2990/2337
f  3163/2994/2341 3162/2993/2340 3161/2992/2339
f  3163/2994/2341 3161/2992/2339 3160/2991/2338
f  3192/3023/2367 3195/3026/2370 3164/2995/2342
f  3192/3023/2367 3164/2995/2342 3163/2994/2341
f  3167/2998/2345 3166/2997/2344 3165/2996/2343
f  3167/2998/2345 3165/2996/2343 3164/2995/2342
f  3196/3027/2371 3199/3030/2374 3168/2999/2346
f  3196/3027/2371 3168/2999/2346 3167/2998/2345
f  3141/2972/2324 3140/2971/2323 3169/3000/2347
f  3141/2972/2324 3169/3000/2347 3168/2999/2346
f  3170/3001/2348 2380/2216/1624 2382/2218/1626
f  3170/3001/2348 2382/2218/1626 3141/2972/2324
f  2381/2217/1625 2378/2214/1622 2377/2213/1621
f  2381/2217/1625 2377/2213/1621 2382/2218/1626
f  3173/3004/2350 3172/3003/1232 4101/3932/777
f  3173/3004/2350 4101/3932/777 4106/3937/776
f  3626/3457/2764 3629/3460/2767 3174/3005/1236
f  3626/3457/2764 3174/3005/1236 3173/3004/2350
f  3177/3008/2352 3176/3007/2351 4103/3934/769
f  3177/3008/2352 4103/3934/769 4110/3941/768
f  3630/3461/2768 3633/3464/2771 3178/3009/2353
f  3630/3461/2768 3178/3009/2353 3177/3008/2352
f  3181/3012/2356 3180/3011/2355 3179/3010/2354
f  3181/3012/2356 3179/3010/2354 3178/3009/2353
f  3634/3465/2772 3637/3468/2775 3182/3013/2357
f  3634/3465/2772 3182/3013/2357 3181/3012/2356
f  3185/3016/2360 3184/3015/2359 3183/3014/2358
f  3185/3016/2360 3183/3014/2358 3182/3013/2357
f  3638/3469/2776 3641/3472/2779 3186/3017/2361
f  3638/3469/2776 3186/3017/2361 3185/3016/2360
f  3189/3020/2364 3188/3019/2363 3187/3018/2362
f  3189/3020/2364 3187/3018/2362 3186/3017/2361
f  3642/3473/2780 3645/3476/2783 3190/3021/2365
f  3642/3473/2780 3190/3021/2365 3189/3020/2364
f  3193/3024/2368 3192/3023/2367 3191/3022/2366
f  3193/3024/2368 3191/3022/2366 3190/3021/2365
f  3646/3477/2784 3649/3480/2787 3194/3025/2369
f  3646/3477/2784 3194/3025/2369 3193/3024/2368
f  3197/3028/2372 3196/3027/2371 3195/3026/2370
f  3197/3028/2372 3195/3026/2370 3194/3025/2369
f  3650/3481/2788 3653/3484/2791 3198/3029/2373
f  3650/3481/2788 3198/3029/2373 3197/3028/2372
f  3171/3002/2349 3170/3001/2348 3199/3030/2374
f  3171/3002/2349 3199/3030/2374 3198/3029/2373
f  3624/3455/2762 2383/2219/1627 2385/2221/1629
f  3624/3455/2762 2385/2221/1629 3171/3002/2349
f  2384/2220/1628 2381/2217/1625 2380/2216/1624
f  2384/2220/1628 2380/2216/1624 2385/2221/1629
f  3237/3068/1090 3236/3067/2404 4062/3893/597
f  3237/3068/1090 4062/3893/597 4307/4138/596
f  3207/3038/1224 3206/3037/2378 3205/3036/2377
f  3207/3038/1224 3205/3036/2377 3204/3035/1222
f  3211/3042/1228 3210/3041/2380 3209/3040/2379
f  3211/3042/1228 3209/3040/2379 3208/3039/1223
f  3215/3046/2383 3214/3045/2382 3213/3044/2381
f  3215/3046/2383 3213/3044/2381 3212/3043/1227
f  3219/3050/2387 3218/3049/2386 3217/3048/2385
f  3219/3050/2387 3217/3048/2385 3216/3047/2384
f  3223/3054/2391 3222/3053/2390 3221/3052/2389
f  3223/3054/2391 3221/3052/2389 3220/3051/2388
f  3227/3058/2395 3226/3057/2394 3225/3056/2393
f  3227/3058/2395 3225/3056/2393 3224/3055/2392
f  3231/3062/2399 3230/3061/2398 3229/3060/2397
f  3231/3062/2399 3229/3060/2397 3228/3059/2396
f  3201/3032/2376 3200/3031/2375 3233/3064/2401
f  3201/3032/2376 3233/3064/2401 3232/3063/2400
f  2352/2188/1596 2318/2154/1562 2317/2153/1561
f  2352/2188/1596 2317/2153/1561 2350/2186/1594
f  4119/3950/787 4118/3949/786 4117/3948/785
f  4119/3950/787 4117/3948/785 4120/3951/784
f  3250/3081/2411 3249/3080/2410 4118/3949/786
f  3250/3081/2411 4118/3949/786 4114/3945/789
f  4122/3953/791 4115/3946/790 4114/3945/789
f  4122/3953/791 4114/3945/789 4123/3954/788
f  3254/3085/2415 3253/3084/2414 4115/3946/790
f  3254/3085/2415 4115/3946/790 4112/3943/793
f  4125/3956/795 4113/3944/794 4112/3943/793
f  4125/3956/795 4112/3943/793 4126/3957/792
f  3258/3089/2419 3257/3088/2418 4113/3944/794
f  3258/3089/2419 4113/3944/794 4111/3942/797
f  3281/3112/2442 3280/3111/2441 4111/3942/797
f  3281/3112/2442 4111/3942/797 4127/3958/796
f  3262/3093/2423 3261/3092/2422 3280/3111/2441
f  3262/3093/2423 3280/3111/2441 3283/3114/2444
f  3998/3829/3095 4001/3832/3098 3282/3113/2443
f  3998/3829/3095 3282/3113/2443 3281/3112/2442
f  3285/3116/2446 3284/3115/2445 3283/3114/2444
f  3285/3116/2446 3283/3114/2444 3282/3113/2443
f  3266/3097/2427 3265/3096/2426 3284/3115/2445
f  3266/3097/2427 3284/3115/2445 3287/3118/2448
f  4002/3833/3099 4005/3836/3100 3286/3117/2447
f  4002/3833/3099 3286/3117/2447 3285/3116/2446
f  3289/3120/2450 3288/3119/2449 3287/3118/2448
f  3289/3120/2450 3287/3118/2448 3286/3117/2447
f  3270/3101/2431 3269/3100/2430 3288/3119/2449
f  3270/3101/2431 3288/3119/2449 3291/3122/2452
f  4006/3837/3101 4009/3840/3104 3290/3121/2451
f  4006/3837/3101 3290/3121/2451 3289/3120/2450
f  3293/3124/2454 3292/3123/2453 3291/3122/2452
f  3293/3124/2454 3291/3122/2452 3290/3121/2451
f  3274/3105/2435 3273/3104/2434 3292/3123/2453
f  3274/3105/2435 3292/3123/2453 3295/3126/2456
f  4010/3841/3105 4013/3844/3106 3294/3125/2455
f  4010/3841/3105 3294/3125/2455 3293/3124/2454
f  3297/3128/2458 3296/3127/2457 3295/3126/2456
f  3297/3128/2458 3295/3126/2456 3294/3125/2455
f  3278/3109/2439 3277/3108/2438 3296/3127/2457
f  3278/3109/2439 3296/3127/2457 3299/3130/2460
f  4014/3845/3107 4017/3848/3110 3298/3129/2459
f  4014/3845/3107 3298/3129/2459 3297/3128/2458
f  3301/3132/2462 3300/3131/2461 3299/3130/2460
f  3301/3132/2462 3299/3130/2460 3298/3129/2459
f  3242/3073/2407 3241/3072/2406 3300/3131/2461
f  3242/3073/2407 3300/3131/2461 3303/3134/2464
f  4018/3849/3111 4021/3852/3114 3302/3133/2463
f  4018/3849/3111 3302/3133/2463 3301/3132/2462
f  3305/3136/2466 3304/3135/2465 3303/3134/2464
f  3305/3136/2466 3303/3134/2464 3302/3133/2463
f  2386/2222/1630 3655/3486/2793 3304/3135/2465
f  2386/2222/1630 3304/3135/2465 2387/2223/1631
f  3992/3823/3093 2389/2225/1633 2391/2227/1635
f  3992/3823/3093 2391/2227/1635 3305/3136/2466
f  2390/2226/1634 2388/2224/1632 2387/2223/1631
f  2390/2226/1634 2387/2223/1631 2391/2227/1635
f  4129/3960/804 4308/4139/803 4309/4140/778
f  4129/3960/804 4309/4140/778 4130/3961/781
f  3249/3080/2410 3248/3079/2409 4130/3961/781
f  3249/3080/2410 4130/3961/781 4116/3947/780
f  3312/3143/2473 3311/3142/2472 3248/3079/2409
f  3312/3143/2473 3248/3079/2409 3251/3082/2412
f  3253/3084/2414 3252/3083/2413 3251/3082/2412
f  3253/3084/2414 3251/3082/2412 3250/3081/2411
f  3316/3147/2477 3315/3146/2476 3252/3083/2413
f  3316/3147/2477 3252/3083/2413 3255/3086/2416
f  3257/3088/2418 3256/3087/2417 3255/3086/2416
f  3257/3088/2418 3255/3086/2416 3254/3085/2415
f  3320/3151/2481 3319/3150/2480 3256/3087/2417
f  3320/3151/2481 3256/3087/2417 3259/3090/2420
f  3261/3092/2422 3260/3091/2421 3259/3090/2420
f  3261/3092/2422 3259/3090/2420 3258/3089/2419
f  3324/3155/2485 3323/3154/2484 3260/3091/2421
f  3324/3155/2485 3260/3091/2421 3263/3094/2424
f  3265/3096/2426 3264/3095/2425 3263/3094/2424
f  3265/3096/2426 3263/3094/2424 3262/3093/2423
f  3328/3159/2489 3327/3158/2488 3264/3095/2425
f  3328/3159/2489 3264/3095/2425 3267/3098/2428
f  3269/3100/2430 3268/3099/2429 3267/3098/2428
f  3269/3100/2430 3267/3098/2428 3266/3097/2427
f  3332/3163/2493 3331/3162/2492 3268/3099/2429
f  3332/3163/2493 3268/3099/2429 3271/3102/2432
f  3273/3104/2434 3272/3103/2433 3271/3102/2432
f  3273/3104/2434 3271/3102/2432 3270/3101/2431
f  3336/3167/2497 3335/3166/2496 3272/3103/2433
f  3336/3167/2497 3272/3103/2433 3275/3106/2436
f  3277/3108/2438 3276/3107/2437 3275/3106/2436
f  3277/3108/2438 3275/3106/2436 3274/3105/2435
f  3340/3171/2501 3339/3170/2500 3276/3107/2437
f  3340/3171/2501 3276/3107/2437 3279/3110/2440
f  3241/3072/2406 3240/3071/2405 3279/3110/2440
f  3241/3072/2406 3279/3110/2440 3278/3109/2439
f  3308/3139/2469 3307/3138/2468 3240/3071/2405
f  3308/3139/2469 3240/3071/2405 3243/3074/2408
f  3655/3486/2793 3654/3485/2792 3243/3074/2408
f  3655/3486/2793 3243/3074/2408 3242/3073/2407
f  2392/2228/1016 4128/3959/1015 3654/3485/2792
f  2392/2228/1016 3654/3485/2792 2393/2229/1636
f  2388/2224/1632 2394/2230/1637 2393/2229/1636
f  2388/2224/1632 2393/2229/1636 2386/2222/1630
f  3311/3142/2472 3310/3141/2471 4133/3964/805
f  3311/3142/2472 4133/3964/805 4129/3960/804
f  3350/3181/2511 3349/3180/2510 3310/3141/2471
f  3350/3181/2511 3310/3141/2471 3313/3144/2474
f  3315/3146/2476 3314/3145/2475 3313/3144/2474
f  3315/3146/2476 3313/3144/2474 3312/3143/2473
f  3354/3185/2515 3353/3184/2514 3314/3145/2475
f  3354/3185/2515 3314/3145/2475 3317/3148/2478
f  3319/3150/2480 3318/3149/2479 3317/3148/2478
f  3319/3150/2480 3317/3148/2478 3316/3147/2477
f  3358/3189/2519 3357/3188/2518 3318/3149/2479
f  3358/3189/2519 3318/3149/2479 3321/3152/2482
f  3323/3154/2484 3322/3153/2483 3321/3152/2482
f  3323/3154/2484 3321/3152/2482 3320/3151/2481
f  3362/3193/2523 3361/3192/2522 3322/3153/2483
f  3362/3193/2523 3322/3153/2483 3325/3156/2486
f  3327/3158/2488 3326/3157/2487 3325/3156/2486
f  3327/3158/2488 3325/3156/2486 3324/3155/2485
f  3366/3197/2527 3365/3196/2526 3326/3157/2487
f  3366/3197/2527 3326/3157/2487 3329/3160/2490
f  3331/3162/2492 3330/3161/2491 3329/3160/2490
f  3331/3162/2492 3329/3160/2490 3328/3159/2489
f  3370/3201/2531 3369/3200/2530 3330/3161/2491
f  3370/3201/2531 3330/3161/2491 3333/3164/2494
f  3335/3166/2496 3334/3165/2495 3333/3164/2494
f  3335/3166/2496 3333/3164/2494 3332/3163/2493
f  3374/3205/2535 3373/3204/2534 3334/3165/2495
f  3374/3205/2535 3334/3165/2495 3337/3168/2498
f  3339/3170/2500 3338/3169/2499 3337/3168/2498
f  3339/3170/2500 3337/3168/2498 3336/3167/2497
f  3378/3209/2539 3377/3208/2538 3338/3169/2499
f  3378/3209/2539 3338/3169/2499 3341/3172/2502
f  3307/3138/2468 3306/3137/2467 3341/3172/2502
f  3307/3138/2468 3341/3172/2502 3340/3171/2501
f  3344/3175/2505 3343/3174/2504 3306/3137/2467
f  3344/3175/2505 3306/3137/2467 3309/3140/2470
f  4128/3959/1015 4131/3962/1014 3309/3140/2470
f  4128/3959/1015 3309/3140/2470 3308/3139/2469
f  2395/2231/800 4132/3963/799 4131/3962/1014
f  2395/2231/800 4131/3962/1014 2396/2232/1017
f  2394/2230/1637 2397/2233/1638 2396/2232/1017
f  2394/2230/1637 2396/2232/1017 2392/2228/1016
f  4136/3967/812 4310/4141/811 3380/3211/1101
f  4136/3967/812 3380/3211/1101 3383/3214/2541
f  3349/3180/2510 3348/3179/2509 3383/3214/2541
f  3349/3180/2510 3383/3214/2541 3382/3213/1244
f  4135/3966/808 4137/3968/807 3348/3179/2509
f  4135/3966/808 3348/3179/2509 3351/3182/2512
f  3353/3184/2514 3352/3183/2513 3351/3182/2512
f  3353/3184/2514 3351/3182/2512 3350/3181/2511
f  3392/3223/2550 3391/3222/2549 3352/3183/2513
f  3392/3223/2550 3352/3183/2513 3355/3186/2516
f  3357/3188/2518 3356/3187/2517 3355/3186/2516
f  3357/3188/2518 3355/3186/2516 3354/3185/2515
f  3396/3227/2554 3395/3226/2553 3356/3187/2517
f  3396/3227/2554 3356/3187/2517 3359/3190/2520
f  3361/3192/2522 3360/3191/2521 3359/3190/2520
f  3361/3192/2522 3359/3190/2520 3358/3189/2519
f  3400/3231/2558 3399/3230/2557 3360/3191/2521
f  3400/3231/2558 3360/3191/2521 3363/3194/2524
f  3365/3196/2526 3364/3195/2525 3363/3194/2524
f  3365/3196/2526 3363/3194/2524 3362/3193/2523
f  3404/3235/2562 3403/3234/2561 3364/3195/2525
f  3404/3235/2562 3364/3195/2525 3367/3198/2528
f  3369/3200/2530 3368/3199/2529 3367/3198/2528
f  3369/3200/2530 3367/3198/2528 3366/3197/2527
f  3408/3239/2566 3407/3238/2565 3368/3199/2529
f  3408/3239/2566 3368/3199/2529 3371/3202/2532
f  3373/3204/2534 3372/3203/2533 3371/3202/2532
f  3373/3204/2534 3371/3202/2532 3370/3201/2531
f  3412/3243/2570 3411/3242/2569 3372/3203/2533
f  3412/3243/2570 3372/3203/2533 3375/3206/2536
f  3377/3208/2538 3376/3207/2537 3375/3206/2536
f  3377/3208/2538 3375/3206/2536 3374/3205/2535
f  3416/3247/2574 3415/3246/2573 3376/3207/2537
f  3416/3247/2574 3376/3207/2537 3379/3210/2540
f  3343/3174/2504 3342/3173/2503 3379/3210/2540
f  3343/3174/2504 3379/3210/2540 3378/3209/2539
f  3386/3217/2544 3385/3216/2543 3342/3173/2503
f  3386/3217/2544 3342/3173/2503 3345/3176/2506
f  4132/3963/799 4134/3965/798 3345/3176/2506
f  4132/3963/799 3345/3176/2506 3344/3175/2505
f  2398/2234/1639 3347/3178/2508 4134/3965/798
f  2398/2234/1639 4134/3965/798 2399/2235/801
f  2397/2233/1638 2400/2236/1640 2399/2235/801
f  2397/2233/1638 2399/2235/801 2395/2231/800
f  4137/3968/807 4145/3976/806 4144/3975/813
f  4137/3968/807 4144/3975/813 4136/3967/812
f  3426/3257/2582 3425/3256/1245 4145/3976/806
f  3426/3257/2582 4145/3976/806 4142/3973/809
f  3391/3222/2549 3390/3221/2548 4142/3973/809
f  3391/3222/2549 4142/3973/809 4135/3966/808
f  3430/3261/2586 3429/3260/2585 3390/3221/2548
f  3430/3261/2586 3390/3221/2548 3393/3224/2551
f  3395/3226/2553 3394/3225/2552 3393/3224/2551
f  3395/3226/2553 3393/3224/2551 3392/3223/2550
f  4139/3970/816 4141/3972/815 3394/3225/2552
f  4139/3970/816 3394/3225/2552 3397/3228/2555
f  3399/3230/2557 3398/3229/2556 3397/3228/2555
f  3399/3230/2557 3397/3228/2555 3396/3227/2554
f  4138/3969/820 4140/3971/819 3398/3229/2556
f  4138/3969/820 3398/3229/2556 3401/3232/2559
f  3403/3234/2561 3402/3233/2560 3401/3232/2559
f  3403/3234/2561 3401/3232/2559 3400/3231/2558
f  3434/3265/2590 3433/3264/2589 3402/3233/2560
f  3434/3265/2590 3402/3233/2560 3405/3236/2563
f  3407/3238/2565 3406/3237/2564 3405/3236/2563
f  3407/3238/2565 3405/3236/2563 3404/3235/2562
f  3438/3269/2594 3437/3268/2593 3406/3237/2564
f  3438/3269/2594 3406/3237/2564 3409/3240/2567
f  3411/3242/2569 3410/3241/2568 3409/3240/2567
f  3411/3242/2569 3409/3240/2567 3408/3239/2566
f  3442/3273/2598 3441/3272/2597 3410/3241/2568
f  3442/3273/2598 3410/3241/2568 3413/3244/2571
f  3415/3246/2573 3414/3245/2572 3413/3244/2571
f  3415/3246/2573 3413/3244/2571 3412/3243/2570
f  3446/3277/2602 3445/3276/2601 3414/3245/2572
f  3446/3277/2602 3414/3245/2572 3417/3248/2575
f  3385/3216/2543 3384/3215/2542 3417/3248/2575
f  3385/3216/2543 3417/3248/2575 3416/3247/2574
f  3420/3251/2578 3419/3250/2577 3384/3215/2542
f  3420/3251/2578 3384/3215/2542 3387/3218/2545
f  3347/3178/2508 3346/3177/2507 3387/3218/2545
f  3347/3178/2508 3387/3218/2545 3386/3217/2544
f  2401/2237/1641 3389/3220/2547 3346/3177/2507
f  2401/2237/1641 3346/3177/2507 2402/2238/1642
f  2400/2236/1640 2403/2239/1643 2402/2238/1642
f  2400/2236/1640 2402/2238/1642 2398/2234/1639
f  4311/4142/310 4312/4143/309 4313/4144/823
f  4311/4142/310 4313/4144/823 4314/4145/822
f  3456/3287/2611 3455/3286/2610 3424/3255/1246
f  3456/3287/2611 3424/3255/1246 3427/3258/2583
f  3429/3260/2585 3428/3259/2584 3427/3258/2583
f  3429/3260/2585 3427/3258/2583 3426/3257/2582
f  3460/3291/2614 3459/3290/2613 3428/3259/2584
f  3460/3291/2614 3428/3259/2584 3431/3262/2587
f  4141/3972/815 4149/3980/814 3431/3262/2587
f  4141/3972/815 3431/3262/2587 3430/3261/2586
f  3464/3295/2618 3463/3294/2617 4149/3980/814
f  3464/3295/2618 4149/3980/814 4147/3978/817
f  4140/3971/819 4148/3979/818 4147/3978/817
f  4140/3971/819 4147/3978/817 4139/3970/816
f  3468/3299/2622 3467/3298/2621 4148/3979/818
f  3468/3299/2622 4148/3979/818 4146/3977/821
f  3433/3264/2589 3432/3263/2588 4146/3977/821
f  3433/3264/2589 4146/3977/821 4138/3969/820
f  3472/3303/2626 3471/3302/2625 3432/3263/2588
f  3472/3303/2626 3432/3263/2588 3435/3266/2591
f  3437/3268/2593 3436/3267/2592 3435/3266/2591
f  3437/3268/2593 3435/3266/2591 3434/3265/2590
f  3476/3307/2630 3475/3306/2629 3436/3267/2592
f  3476/3307/2630 3436/3267/2592 3439/3270/2595
f  3441/3272/2597 3440/3271/2596 3439/3270/2595
f  3441/3272/2597 3439/3270/2595 3438/3269/2594
f  3480/3311/2634 3479/3310/2633 3440/3271/2596
f  3480/3311/2634 3440/3271/2596 3443/3274/2599
f  3445/3276/2601 3444/3275/2600 3443/3274/2599
f  3445/3276/2601 3443/3274/2599 3442/3273/2598
f  3484/3315/2638 3483/3314/2637 3444/3275/2600
f  3484/3315/2638 3444/3275/2600 3447/3278/2603
f  3419/3250/2577 3418/3249/2576 3447/3278/2603
f  3419/3250/2577 3447/3278/2603 3446/3277/2602
f  3450/3281/2606 3449/3280/2605 3418/3249/2576
f  3450/3281/2606 3418/3249/2576 3421/3252/2579
f  3389/3220/2547 3388/3219/2546 3421/3252/2579
f  3389/3220/2547 3421/3252/2579 3420/3251/2578
f  2404/2240/1644 3423/3254/2581 3388/3219/2546
f  2404/2240/1644 3388/3219/2546 2405/2241/1645
f  2403/2239/1643 2406/2242/1646 2405/2241/1645
f  2403/2239/1643 2405/2241/1645 2401/2237/1641
f  3455/3286/2610 3454/3285/1249 4153/3984/829
f  3455/3286/2610 4153/3984/829 4150/3981/828
f  3459/3290/2613 3458/3289/2612 3457/3288/1250
f  3459/3290/2613 3457/3288/1250 3456/3287/2611
f  3498/3329/2647 3497/3328/2646 3458/3289/2612
f  3498/3329/2647 3458/3289/2612 3461/3292/2615
f  3463/3294/2617 3462/3293/2616 3461/3292/2615
f  3463/3294/2617 3461/3292/2615 3460/3291/2614
f  3502/3333/2650 3501/3332/2649 3462/3293/2616
f  3502/3333/2650 3462/3293/2616 3465/3296/2619
f  3467/3298/2621 3466/3297/2620 3465/3296/2619
f  3467/3298/2621 3465/3296/2619 3464/3295/2618
f  3506/3337/2654 3505/3336/2653 3466/3297/2620
f  3506/3337/2654 3466/3297/2620 3469/3300/2623
f  3471/3302/2625 3470/3301/2624 3469/3300/2623
f  3471/3302/2625 3469/3300/2623 3468/3299/2622
f  3510/3341/2658 3509/3340/2657 3470/3301/2624
f  3510/3341/2658 3470/3301/2624 3473/3304/2627
f  3475/3306/2629 3474/3305/2628 3473/3304/2627
f  3475/3306/2629 3473/3304/2627 3472/3303/2626
f  3514/3345/2662 3513/3344/2661 3474/3305/2628
f  3514/3345/2662 3474/3305/2628 3477/3308/2631
f  3479/3310/2633 3478/3309/2632 3477/3308/2631
f  3479/3310/2633 3477/3308/2631 3476/3307/2630
f  3518/3349/2666 3517/3348/2665 3478/3309/2632
f  3518/3349/2666 3478/3309/2632 3481/3312/2635
f  3483/3314/2637 3482/3313/2636 3481/3312/2635
f  3483/3314/2637 3481/3312/2635 3480/3311/2634
f  3522/3353/2670 3521/3352/2669 3482/3313/2636
f  3522/3353/2670 3482/3313/2636 3485/3316/2639
f  3449/3280/2605 3448/3279/2604 3485/3316/2639
f  3449/3280/2605 3485/3316/2639 3484/3315/2638
f  3488/3319/2642 3487/3318/2641 3448/3279/2604
f  3488/3319/2642 3448/3279/2604 3451/3282/2607
f  3423/3254/2581 3422/3253/2580 3451/3282/2607
f  3423/3254/2581 3451/3282/2607 3450/3281/2606
f  2407/2243/1647 3453/3284/2609 3422/3253/2580
f  2407/2243/1647 3422/3253/2580 2408/2244/1648
f  2406/2242/1646 2409/2245/1649 2408/2244/1648
f  2406/2242/1646 2408/2244/1648 2404/2240/1644
f  4315/4146/316 4316/4147/315 4317/4148/831
f  4315/4146/316 4317/4148/831 4318/4149/830
f  3493/3324/1248 3492/3323/1251 4156/3987/833
f  3493/3324/1248 4156/3987/833 4152/3983/832
f  3497/3328/2646 3496/3327/1255 3495/3326/1252
f  3497/3328/2646 3495/3326/1252 3494/3325/1247
f  3501/3332/2649 3500/3331/2648 3499/3330/1256
f  3501/3332/2649 3499/3330/1256 3498/3329/2647
f  3536/3367/2682 3535/3366/2681 3500/3331/2648
f  3536/3367/2682 3500/3331/2648 3503/3334/2651
f  3505/3336/2653 3504/3335/2652 3503/3334/2651
f  3505/3336/2653 3503/3334/2651 3502/3333/2650
f  3540/3371/2686 3539/3370/2685 3504/3335/2652
f  3540/3371/2686 3504/3335/2652 3507/3338/2655
f  3509/3340/2657 3508/3339/2656 3507/3338/2655
f  3509/3340/2657 3507/3338/2655 3506/3337/2654
f  3544/3375/2690 3543/3374/2689 3508/3339/2656
f  3544/3375/2690 3508/3339/2656 3511/3342/2659
f  3513/3344/2661 3512/3343/2660 3511/3342/2659
f  3513/3344/2661 3511/3342/2659 3510/3341/2658
f  3548/3379/2694 3547/3378/2693 3512/3343/2660
f  3548/3379/2694 3512/3343/2660 3515/3346/2663
f  3517/3348/2665 3516/3347/2664 3515/3346/2663
f  3517/3348/2665 3515/3346/2663 3514/3345/2662
f  3552/3383/2698 3551/3382/2697 3516/3347/2664
f  3552/3383/2698 3516/3347/2664 3519/3350/2667
f  3521/3352/2669 3520/3351/2668 3519/3350/2667
f  3521/3352/2669 3519/3350/2667 3518/3349/2666
f  3556/3387/2702 3555/3386/2701 3520/3351/2668
f  3556/3387/2702 3520/3351/2668 3523/3354/2671
f  3487/3318/2641 3486/3317/2640 3523/3354/2671
f  3487/3318/2641 3523/3354/2671 3522/3353/2670
f  3526/3357/2674 3525/3356/2673 3486/3317/2640
f  3526/3357/2674 3486/3317/2640 3489/3320/2643
f  3453/3284/2609 3452/3283/2608 3489/3320/2643
f  3453/3284/2609 3489/3320/2643 3488/3319/2642
f  2410/2246/1650 3491/3322/2645 3452/3283/2608
f  2410/2246/1650 3452/3283/2608 2411/2247/1651
f  2409/2245/1649 2412/2248/1652 2411/2247/1651
f  2409/2245/1649 2411/2247/1651 2407/2243/1647
f  4319/4150/320 4320/4151/319 4321/4152/839
f  4319/4150/320 4321/4152/839 4322/4153/838
f  4157/3988/835 4161/3992/834 4160/3991/841
f  4157/3988/835 4160/3991/841 4155/3986/840
f  3564/3395/2709 3563/3394/2708 4161/3992/834
f  3564/3395/2709 4161/3992/834 4158/3989/837
f  3531/3362/1254 3530/3361/2678 4158/3989/837
f  3531/3362/1254 4158/3989/837 4154/3985/836
f  3568/3399/2712 3567/3398/2711 3530/3361/2678
f  3568/3399/2712 3530/3361/2678 3533/3364/2679
f  3535/3366/2681 3534/3365/2680 3533/3364/2679
f  3535/3366/2681 3533/3364/2679 3532/3363/1253
f  3572/3403/2716 3571/3402/2715 3534/3365/2680
f  3572/3403/2716 3534/3365/2680 3537/3368/2683
f  3539/3370/2685 3538/3369/2684 3537/3368/2683
f  3539/3370/2685 3537/3368/2683 3536/3367/2682
f  3576/3407/2720 3575/3406/2719 3538/3369/2684
f  3576/3407/2720 3538/3369/2684 3541/3372/2687
f  3543/3374/2689 3542/3373/2688 3541/3372/2687
f  3543/3374/2689 3541/3372/2687 3540/3371/2686
f  3580/3411/2724 3579/3410/2723 3542/3373/2688
f  3580/3411/2724 3542/3373/2688 3545/3376/2691
f  3547/3378/2693 3546/3377/2692 3545/3376/2691
f  3547/3378/2693 3545/3376/2691 3544/3375/2690
f  3584/3415/2728 3583/3414/2727 3546/3377/2692
f  3584/3415/2728 3546/3377/2692 3549/3380/2695
f  3551/3382/2697 3550/3381/2696 3549/3380/2695
f  3551/3382/2697 3549/3380/2695 3548/3379/2694
f  3588/3419/2732 3587/3418/2731 3550/3381/2696
f  3588/3419/2732 3550/3381/2696 3553/3384/2699
f  3555/3386/2701 3554/3385/2700 3553/3384/2699
f  3555/3386/2701 3553/3384/2699 3552/3383/2698
f  3592/3423/2736 3591/3422/2735 3554/3385/2700
f  3592/3423/2736 3554/3385/2700 3557/3388/2703
f  3525/3356/2673 3524/3355/2672 3557/3388/2703
f  3525/3356/2673 3557/3388/2703 3556/3387/2702
f  3560/3391/2706 3559/3390/2705 3524/3355/2672
f  3560/3391/2706 3524/3355/2672 3527/3358/2675
f  3491/3322/2645 3490/3321/2644 3527/3358/2675
f  3491/3322/2645 3527/3358/2675 3526/3357/2674
f  2413/2249/1653 3529/3360/2677 3490/3321/2644
f  2413/2249/1653 3490/3321/2644 2414/2250/1654
f  2412/2248/1652 2415/2251/1655 2414/2250/1654
f  2412/2248/1652 2414/2250/1654 2410/2246/1650
f  3563/3394/2708 3562/3393/1259 4168/3999/849
f  3563/3394/2708 4168/3999/849 4159/3990/848
f  3567/3398/2711 3566/3397/2710 3565/3396/1260
f  3567/3398/2711 3565/3396/1260 3564/3395/2709
f  4165/3996/852 4166/3997/851 3566/3397/2710
f  4165/3996/852 3566/3397/2710 3569/3400/2713
f  3571/3402/2715 3570/3401/2714 3569/3400/2713
f  3571/3402/2715 3569/3400/2713 3568/3399/2712
f  3606/3437/2745 3605/3436/2744 3570/3401/2714
f  3606/3437/2745 3570/3401/2714 3573/3404/2717
f  3575/3406/2719 3574/3405/2718 3573/3404/2717
f  3575/3406/2719 3573/3404/2717 3572/3403/2716
f  4163/3994/856 4164/3995/855 3574/3405/2718
f  4163/3994/856 3574/3405/2718 3577/3408/2721
f  3579/3410/2723 3578/3409/2722 3577/3408/2721
f  3579/3410/2723 3577/3408/2721 3576/3407/2720
f  3610/3441/2748 3609/3440/2747 3578/3409/2722
f  3610/3441/2748 3578/3409/2722 3581/3412/2725
f  3583/3414/2727 3582/3413/2726 3581/3412/2725
f  3583/3414/2727 3581/3412/2725 3580/3411/2724
f  3614/3445/2752 3613/3444/2751 3582/3413/2726
f  3614/3445/2752 3582/3413/2726 3585/3416/2729
f  3587/3418/2731 3586/3417/2730 3585/3416/2729
f  3587/3418/2731 3585/3416/2729 3584/3415/2728
f  3618/3449/2756 3617/3448/2755 3586/3417/2730
f  3618/3449/2756 3586/3417/2730 3589/3420/2733
f  3591/3422/2735 3590/3421/2734 3589/3420/2733
f  3591/3422/2735 3589/3420/2733 3588/3419/2732
f  3622/3453/2760 3621/3452/2759 3590/3421/2734
f  3622/3453/2760 3590/3421/2734 3593/3424/2737
f  3559/3390/2705 3558/3389/2704 3593/3424/2737
f  3559/3390/2705 3593/3424/2737 3592/3423/2736
f  3596/3427/2740 3595/3426/2739 3558/3389/2704
f  3596/3427/2740 3558/3389/2704 3561/3392/2707
f  3529/3360/2677 3528/3359/2676 3561/3392/2707
f  3529/3360/2677 3561/3392/2707 3560/3391/2706
f  2416/2252/844 4162/3993/843 3528/3359/2676
f  2416/2252/844 3528/3359/2676 2417/2253/1656
f  2415/2251/1655 2418/2254/1657 2417/2253/1656
f  2415/2251/1655 2417/2253/1656 2413/2249/1653
f  4166/3997/851 4176/4007/850 3603/3434/1261
f  4166/3997/851 3603/3434/1261 3602/3433/1257
f  3628/3459/2766 3627/3458/2765 4176/4007/850
f  3628/3459/2766 4176/4007/850 4173/4004/853
f  3605/3436/2744 3604/3435/1262 4173/4004/853
f  3605/3436/2744 4173/4004/853 4165/3996/852
f  4164/3995/855 4172/4003/854 3607/3438/1263
f  4164/3995/855 3607/3438/1263 3606/3437/2745
f  3632/3463/2770 3631/3462/2769 4172/4003/854
f  3632/3463/2770 4172/4003/854 4170/4001/857
f  3609/3440/2747 3608/3439/2746 4170/4001/857
f  3609/3440/2747 4170/4001/857 4163/3994/856
f  3636/3467/2774 3635/3466/2773 3608/3439/2746
f  3636/3467/2774 3608/3439/2746 3611/3442/2749
f  3613/3444/2751 3612/3443/2750 3611/3442/2749
f  3613/3444/2751 3611/3442/2749 3610/3441/2748
f  3640/3471/2778 3639/3470/2777 3612/3443/2750
f  3640/3471/2778 3612/3443/2750 3615/3446/2753
f  3617/3448/2755 3616/3447/2754 3615/3446/2753
f  3617/3448/2755 3615/3446/2753 3614/3445/2752
f  3644/3475/2782 3643/3474/2781 3616/3447/2754
f  3644/3475/2782 3616/3447/2754 3619/3450/2757
f  3621/3452/2759 3620/3451/2758 3619/3450/2757
f  3621/3452/2759 3619/3450/2757 3618/3449/2756
f  3648/3479/2786 3647/3478/2785 3620/3451/2758
f  3648/3479/2786 3620/3451/2758 3623/3454/2761
f  3595/3426/2739 3594/3425/2738 3623/3454/2761
f  3595/3426/2739 3623/3454/2761 3622/3453/2760
f  3652/3483/2790 3651/3482/2789 3594/3425/2738
f  3652/3483/2790 3594/3425/2738 3597/3428/2741
f  4162/3993/843 4169/4000/842 3597/3428/2741
f  4162/3993/843 3597/3428/2741 3596/3427/2740
f  2419/2255/1658 3625/3456/2763 4169/4000/842
f  2419/2255/1658 4169/4000/842 2420/2256/845
f  2418/2254/1657 2421/2257/1659 2420/2256/845
f  2418/2254/1657 2420/2256/845 2416/2252/844
f  3627/3458/2765 3626/3457/2764 4105/3936/869
f  3627/3458/2765 4105/3936/869 4175/4006/868
f  4174/4005/863 4107/3938/862 3629/3460/2767
f  4174/4005/863 3629/3460/2767 3628/3459/2766
f  3631/3462/2769 3630/3461/2768 4109/3940/865
f  3631/3462/2769 4109/3940/865 4171/4002/864
f  3635/3466/2773 3634/3465/2772 3633/3464/2771
f  3635/3466/2773 3633/3464/2771 3632/3463/2770
f  3639/3470/2777 3638/3469/2776 3637/3468/2775
f  3639/3470/2777 3637/3468/2775 3636/3467/2774
f  3643/3474/2781 3642/3473/2780 3641/3472/2779
f  3643/3474/2781 3641/3472/2779 3640/3471/2778
f  3647/3478/2785 3646/3477/2784 3645/3476/2783
f  3647/3478/2785 3645/3476/2783 3644/3475/2782
f  3651/3482/2789 3650/3481/2788 3649/3480/2787
f  3651/3482/2789 3649/3480/2787 3648/3479/2786
f  3625/3456/2763 3624/3455/2762 3653/3484/2791
f  3625/3456/2763 3653/3484/2791 3652/3483/2790
f  2421/2257/1659 2384/2220/1628 2383/2219/1627
f  2421/2257/1659 2383/2219/1627 2419/2255/1658
f  3712/3543/2835 3715/3546/2838 3662/3493/2798
f  3712/3543/2835 3662/3493/2798 3661/3492/1264
f  3665/3496/1272 3664/3495/1267 3663/3494/1266
f  3665/3496/1272 3663/3494/1266 3662/3493/2798
f  3669/3500/2799 3668/3499/1275 3667/3498/1268
f  3669/3500/2799 3667/3498/1268 3666/3497/1271
f  3688/3519/2811 3691/3522/2814 3670/3501/2800
f  3688/3519/2811 3670/3501/2800 3669/3500/2799
f  4185/4016/875 4180/4011/874 3671/3502/1276
f  4185/4016/875 3671/3502/1276 3670/3501/2800
f  4000/3831/3097 3999/3830/3096 4180/4011/874
f  4000/3831/3097 4180/4011/874 4179/4010/877
f  3692/3523/2815 3695/3526/2818 4186/4017/876
f  3692/3523/2815 4186/4017/876 4185/4016/875
f  3673/3504/2801 3672/3503/1279 4179/4010/877
f  3673/3504/2801 4179/4010/877 4186/4017/876
f  3696/3527/2819 3699/3530/2822 3674/3505/2802
f  3696/3527/2819 3674/3505/2802 3673/3504/2801
f  4188/4019/879 4178/4009/878 3675/3506/1280
f  4188/4019/879 3675/3506/1280 3674/3505/2802
f  4008/3839/3103 4007/3838/3102 4178/4009/878
f  4008/3839/3103 4178/4009/878 4177/4008/881
f  4187/4018/890 4189/4020/893 4190/4021/880
f  4187/4018/890 4190/4021/880 4188/4019/879
f  3677/3508/2803 3676/3507/1283 4177/4008/881
f  3677/3508/2803 4177/4008/881 4190/4021/880
f  3700/3531/2823 3703/3534/2826 3678/3509/2804
f  3700/3531/2823 3678/3509/2804 3677/3508/2803
f  3681/3512/2806 3680/3511/2805 3679/3510/1284
f  3681/3512/2806 3679/3510/1284 3678/3509/2804
f  4016/3847/3109 4015/3846/3108 3680/3511/2805
f  4016/3847/3109 3680/3511/2805 3683/3514/2808
f  3704/3535/2827 3707/3538/2830 3682/3513/2807
f  3704/3535/2827 3682/3513/2807 3681/3512/2806
f  3657/3488/2795 3656/3487/2794 3683/3514/2808
f  3657/3488/2795 3683/3514/2808 3682/3513/2807
f  4020/3851/3113 4019/3850/3112 3656/3487/2794
f  4020/3851/3113 3656/3487/2794 3659/3490/2797
f  3708/3539/2831 3711/3542/2834 3658/3489/2796
f  3708/3539/2831 3658/3489/2796 3657/3488/2795
f  3599/3430/2743 3598/3429/2742 3659/3490/2797
f  3599/3430/2743 3659/3490/2797 3658/3489/2796
f  2422/2258/1660 3993/3824/3094 3598/3429/2742
f  2422/2258/1660 3598/3429/2742 2423/2259/1661
f  4191/4022/886 2425/2261/889 2427/2263/1664
f  4191/4022/886 2427/2263/1664 3599/3430/2743
f  2426/2262/1663 2424/2260/1662 2423/2259/1661
f  2426/2262/1663 2423/2259/1661 2427/2263/1664
f  3713/3544/2836 3712/3543/2835 4183/4014/873
f  3713/3544/2836 4183/4014/873 4193/4024/872
f  3746/3577/2869 3749/3580/2870 3714/3545/2837
f  3746/3577/2869 3714/3545/2837 3713/3544/2836
f  3685/3516/2809 3684/3515/1269 3715/3546/2838
f  3685/3516/2809 3715/3546/2838 3714/3545/2837
f  3718/3549/2841 3721/3552/2844 3686/3517/2810
f  3718/3549/2841 3686/3517/2810 3685/3516/2809
f  3689/3520/2812 3688/3519/2811 3687/3518/1270
f  3689/3520/2812 3687/3518/1270 3686/3517/2810
f  3722/3553/2845 3725/3556/2848 3690/3521/2813
f  3722/3553/2845 3690/3521/2813 3689/3520/2812
f  3693/3524/2816 3692/3523/2815 3691/3522/2814
f  3693/3524/2816 3691/3522/2814 3690/3521/2813
f  3726/3557/2849 3729/3560/2852 3694/3525/2817
f  3726/3557/2849 3694/3525/2817 3693/3524/2816
f  3697/3528/2820 3696/3527/2819 3695/3526/2818
f  3697/3528/2820 3695/3526/2818 3694/3525/2817
f  3730/3561/2853 3733/3564/2856 3698/3529/2821
f  3730/3561/2853 3698/3529/2821 3697/3528/2820
f  4194/4025/891 4187/4018/890 3699/3530/2822
f  4194/4025/891 3699/3530/2822 3698/3529/2821
f  3734/3565/2857 3737/3568/2860 4195/4026/892
f  3734/3565/2857 4195/4026/892 4194/4025/891
f  3701/3532/2824 3700/3531/2823 4189/4020/893
f  3701/3532/2824 4189/4020/893 4195/4026/892
f  3738/3569/2861 3741/3572/2864 3702/3533/2825
f  3738/3569/2861 3702/3533/2825 3701/3532/2824
f  3705/3536/2828 3704/3535/2827 3703/3534/2826
f  3705/3536/2828 3703/3534/2826 3702/3533/2825
f  3742/3573/2865 3745/3576/2868 3706/3537/2829
f  3742/3573/2865 3706/3537/2829 3705/3536/2828
f  3709/3540/2832 3708/3539/2831 3707/3538/2830
f  3709/3540/2832 3707/3538/2830 3706/3537/2829
f  4196/4027/898 4197/4028/901 3710/3541/2833
f  4196/4027/898 3710/3541/2833 3709/3540/2832
f  4198/4029/887 4191/4022/886 3711/3542/2834
f  4198/4029/887 3711/3542/2834 3710/3541/2833
f  3716/3547/2839 2428/2264/1665 2430/2266/888
f  3716/3547/2839 2430/2266/888 4198/4029/887
f  2429/2265/1666 2426/2262/1663 2425/2261/889
f  2429/2265/1666 2425/2261/889 2430/2266/888
f  3747/3578/1286 3746/3577/2869 4192/4023/897
f  3747/3578/1286 4192/4023/897 4201/4032/896
f  3719/3550/2842 3718/3549/2841 3749/3580/2870
f  3719/3550/2842 3749/3580/2870 3748/3579/1285
f  3750/3581/2871 3753/3584/2874 3720/3551/2843
f  3750/3581/2871 3720/3551/2843 3719/3550/2842
f  3723/3554/2846 3722/3553/2845 3721/3552/2844
f  3723/3554/2846 3721/3552/2844 3720/3551/2843
f  3754/3585/2875 3757/3588/2878 3724/3555/2847
f  3754/3585/2875 3724/3555/2847 3723/3554/2846
f  3727/3558/2850 3726/3557/2849 3725/3556/2848
f  3727/3558/2850 3725/3556/2848 3724/3555/2847
f  3758/3589/2879 3761/3592/2882 3728/3559/2851
f  3758/3589/2879 3728/3559/2851 3727/3558/2850
f  3731/3562/2854 3730/3561/2853 3729/3560/2852
f  3731/3562/2854 3729/3560/2852 3728/3559/2851
f  3762/3593/2883 3765/3596/2886 3732/3563/2855
f  3762/3593/2883 3732/3563/2855 3731/3562/2854
f  3735/3566/2858 3734/3565/2857 3733/3564/2856
f  3735/3566/2858 3733/3564/2856 3732/3563/2855
f  3766/3597/2887 3769/3600/2890 3736/3567/2859
f  3766/3597/2887 3736/3567/2859 3735/3566/2858
f  3739/3570/2862 3738/3569/2861 3737/3568/2860
f  3739/3570/2862 3737/3568/2860 3736/3567/2859
f  3770/3601/2891 3773/3604/2894 3740/3571/2863
f  3770/3601/2891 3740/3571/2863 3739/3570/2862
f  3743/3574/2866 3742/3573/2865 3741/3572/2864
f  3743/3574/2866 3741/3572/2864 3740/3571/2863
f  3774/3605/2895 3777/3608/2898 3744/3575/2867
f  3774/3605/2895 3744/3575/2867 3743/3574/2866
f  4204/4035/899 4196/4027/898 3745/3576/2868
f  4204/4035/899 3745/3576/2868 3744/3575/2867
f  4203/4034/910 4205/4036/913 4207/4038/900
f  4203/4034/910 4207/4038/900 4204/4035/899
f  3717/3548/2840 3716/3547/2839 4197/4028/901
f  3717/3548/2840 4197/4028/901 4207/4038/900
f  4206/4037/906 2431/2267/909 2433/2264/1668
f  4206/4037/906 2433/2264/1668 3717/3548/2840
f  2432/2268/1667 2429/2265/1666 2428/2264/1665
f  2432/2268/1667 2428/2264/1665 2433/2264/1668
f  4209/4040/915 4200/4031/914 4199/4030/905
f  4209/4040/915 4199/4030/905 4210/4041/904
f  4208/4039/930 4211/4042/933 4212/4043/916
f  4208/4039/930 4212/4043/916 4209/4040/915
f  3751/3582/2872 3750/3581/2871 4202/4033/917
f  3751/3582/2872 4202/4033/917 4212/4043/916
f  3782/3613/2899 3785/3616/2902 3752/3583/2873
f  3782/3613/2899 3752/3583/2873 3751/3582/2872
f  3755/3586/2876 3754/3585/2875 3753/3584/2874
f  3755/3586/2876 3753/3584/2874 3752/3583/2873
f  3786/3617/2903 3789/3620/2906 3756/3587/2877
f  3786/3617/2903 3756/3587/2877 3755/3586/2876
f  3759/3590/2880 3758/3589/2879 3757/3588/2878
f  3759/3590/2880 3757/3588/2878 3756/3587/2877
f  3790/3621/2907 3793/3624/2910 3760/3591/2881
f  3790/3621/2907 3760/3591/2881 3759/3590/2880
f  3763/3594/2884 3762/3593/2883 3761/3592/2882
f  3763/3594/2884 3761/3592/2882 3760/3591/2881
f  3794/3625/2911 3797/3628/2914 3764/3595/2885
f  3794/3625/2911 3764/3595/2885 3763/3594/2884
f  3767/3598/2888 3766/3597/2887 3765/3596/2886
f  3767/3598/2888 3765/3596/2886 3764/3595/2885
f  3798/3629/2915 3801/3632/2918 3768/3599/2889
f  3798/3629/2915 3768/3599/2889 3767/3598/2888
f  3771/3602/2892 3770/3601/2891 3769/3600/2890
f  3771/3602/2892 3769/3600/2890 3768/3599/2889
f  3802/3633/2919 3805/3636/2922 3772/3603/2893
f  3802/3633/2919 3772/3603/2893 3771/3602/2892
f  3775/3606/2896 3774/3605/2895 3773/3604/2894
f  3775/3606/2896 3773/3604/2894 3772/3603/2893
f  3806/3637/2923 3809/3640/2926 3776/3607/2897
f  3806/3637/2923 3776/3607/2897 3775/3606/2896
f  4214/4045/911 4203/4034/910 3777/3608/2898
f  4214/4045/911 3777/3608/2898 3776/3607/2897
f  4213/4044/922 4215/4046/925 4218/4049/912
f  4213/4044/922 4218/4049/912 4214/4045/911
f  4217/4048/907 4206/4037/906 4205/4036/913
f  4217/4048/907 4205/4036/913 4218/4049/912
f  4216/4047/918 2434/2269/921 2436/2267/908
f  4216/4047/918 2436/2267/908 4217/4048/907
f  2435/2270/1669 2432/2268/1667 2431/2267/909
f  2435/2270/1669 2431/2267/909 2436/2267/908
f  4221/4052/931 4208/4039/930 3781/3612/1287
f  4221/4052/931 3781/3612/1287 3780/3611/1288
f  3783/3614/2900 3782/3613/2899 4211/4042/933
f  3783/3614/2900 4211/4042/933 4223/4054/932
f  3810/3641/2927 3813/3644/2930 3784/3615/2901
f  3810/3641/2927 3784/3615/2901 3783/3614/2900
f  3787/3618/2904 3786/3617/2903 3785/3616/2902
f  3787/3618/2904 3785/3616/2902 3784/3615/2901
f  3814/3645/2931 3817/3648/2934 3788/3619/2905
f  3814/3645/2931 3788/3619/2905 3787/3618/2904
f  3791/3622/2908 3790/3621/2907 3789/3620/2906
f  3791/3622/2908 3789/3620/2906 3788/3619/2905
f  4224/4055/938 4225/4056/941 3792/3623/2909
f  4224/4055/938 3792/3623/2909 3791/3622/2908
f  3795/3626/2912 3794/3625/2911 3793/3624/2910
f  3795/3626/2912 3793/3624/2910 3792/3623/2909
f  3818/3649/2935 3821/3652/2938 3796/3627/2913
f  3818/3649/2935 3796/3627/2913 3795/3626/2912
f  3799/3630/2916 3798/3629/2915 3797/3628/2914
f  3799/3630/2916 3797/3628/2914 3796/3627/2913
f  3822/3653/2939 3825/3656/2942 3800/3631/2917
f  3822/3653/2939 3800/3631/2917 3799/3630/2916
f  3803/3634/2920 3802/3633/2919 3801/3632/2918
f  3803/3634/2920 3801/3632/2918 3800/3631/2917
f  3826/3657/2943 3829/3660/2946 3804/3635/2921
f  3826/3657/2943 3804/3635/2921 3803/3634/2920
f  3807/3638/2924 3806/3637/2923 3805/3636/2922
f  3807/3638/2924 3805/3636/2922 3804/3635/2921
f  3830/3661/2947 3833/3664/2950 3808/3639/2925
f  3830/3661/2947 3808/3639/2925 3807/3638/2924
f  4226/4057/923 4213/4044/922 3809/3640/2926
f  4226/4057/923 3809/3640/2926 3808/3639/2925
f  3834/3665/2951 3837/3668/2954 4229/4060/924
f  3834/3665/2951 4229/4060/924 4226/4057/923
f  4228/4059/919 4216/4047/918 4215/4046/925
f  4228/4059/919 4215/4046/925 4229/4060/924
f  4227/4058/934 2437/2271/937 2439/2269/920
f  4227/4058/934 2439/2269/920 4228/4059/919
f  2438/2272/1670 2435/2270/1669 2434/2269/921
f  2438/2272/1670 2434/2269/921 2439/2269/920
f  4232/4063/947 4220/4051/946 4219/4050/929
f  4232/4063/947 4219/4050/929 4233/4064/928
f  3811/3642/2928 3810/3641/2927 4222/4053/949
f  3811/3642/2928 4222/4053/949 4235/4066/948
f  3838/3669/2955 3841/3672/2958 3812/3643/2929
f  3838/3669/2955 3812/3643/2929 3811/3642/2928
f  3815/3646/2932 3814/3645/2931 3813/3644/2930
f  3815/3646/2932 3813/3644/2930 3812/3643/2929
f  3842/3673/2959 3845/3676/2962 3816/3647/2933
f  3842/3673/2959 3816/3647/2933 3815/3646/2932
f  4236/4067/939 4224/4055/938 3817/3648/2934
f  4236/4067/939 3817/3648/2934 3816/3647/2933
f  3846/3677/2963 3849/3680/2966 4237/4068/940
f  3846/3677/2963 4237/4068/940 4236/4067/939
f  3819/3650/2936 3818/3649/2935 4225/4056/941
f  3819/3650/2936 4225/4056/941 4237/4068/940
f  3850/3681/2967 3853/3684/2970 3820/3651/2937
f  3850/3681/2967 3820/3651/2937 3819/3650/2936
f  3823/3654/2940 3822/3653/2939 3821/3652/2938
f  3823/3654/2940 3821/3652/2938 3820/3651/2937
f  3854/3685/2971 3857/3688/2974 3824/3655/2941
f  3854/3685/2971 3824/3655/2941 3823/3654/2940
f  3827/3658/2944 3826/3657/2943 3825/3656/2942
f  3827/3658/2944 3825/3656/2942 3824/3655/2941
f  3858/3689/2975 3861/3692/2978 3828/3659/2945
f  3858/3689/2975 3828/3659/2945 3827/3658/2944
f  3831/3662/2948 3830/3661/2947 3829/3660/2946
f  3831/3662/2948 3829/3660/2946 3828/3659/2945
f  3862/3693/2979 3865/3696/2982 3832/3663/2949
f  3862/3693/2979 3832/3663/2949 3831/3662/2948
f  3835/3666/2952 3834/3665/2951 3833/3664/2950
f  3835/3666/2952 3833/3664/2950 3832/3663/2949
f  3866/3697/2983 3869/3700/2986 3836/3667/2953
f  3866/3697/2983 3836/3667/2953 3835/3666/2952
f  4239/4070/935 4227/4058/934 3837/3668/2954
f  4239/4070/935 3837/3668/2954 3836/3667/2953
f  4238/4069/950 2440/2273/953 2442/2275/936
f  4238/4069/950 2442/2275/936 4239/4070/935
f  2441/2274/1671 2438/2272/1670 2437/2271/937
f  2441/2274/1671 2437/2271/937 2442/2275/936
f  4323/4154/954 4240/4071/957 4243/4074/944
f  4323/4154/954 4243/4074/944 4324/4155/943
f  4242/4073/959 4231/4062/958 4230/4061/945
f  4242/4073/959 4230/4061/945 4243/4074/944
f  4241/4072/974 4244/4075/977 4245/4076/960
f  4241/4072/974 4245/4076/960 4242/4073/959
f  3839/3670/2956 3838/3669/2955 4234/4065/961
f  3839/3670/2956 4234/4065/961 4245/4076/960
f  3870/3701/2987 3873/3704/2988 3840/3671/2957
f  3870/3701/2987 3840/3671/2957 3839/3670/2956
f  3843/3674/2960 3842/3673/2959 3841/3672/2958
f  3843/3674/2960 3841/3672/2958 3840/3671/2957
f  3874/3705/2989 3877/3708/2992 3844/3675/2961
f  3874/3705/2989 3844/3675/2961 3843/3674/2960
f  3847/3678/2964 3846/3677/2963 3845/3676/2962
f  3847/3678/2964 3845/3676/2962 3844/3675/2961
f  3878/3709/2993 3881/3712/2996 3848/3679/2965
f  3878/3709/2993 3848/3679/2965 3847/3678/2964
f  3851/3682/2968 3850/3681/2967 3849/3680/2966
f  3851/3682/2968 3849/3680/2966 3848/3679/2965
f  3882/3713/2997 3885/3716/3000 3852/3683/2969
f  3882/3713/2997 3852/3683/2969 3851/3682/2968
f  3855/3686/2972 3854/3685/2971 3853/3684/2970
f  3855/3686/2972 3853/3684/2970 3852/3683/2969
f  3886/3717/3001 3889/3720/3004 3856/3687/2973
f  3886/3717/3001 3856/3687/2973 3855/3686/2972
f  3859/3690/2976 3858/3689/2975 3857/3688/2974
f  3859/3690/2976 3857/3688/2974 3856/3687/2973
f  3890/3721/3005 3893/3724/3008 3860/3691/2977
f  3890/3721/3005 3860/3691/2977 3859/3690/2976
f  3863/3694/2980 3862/3693/2979 3861/3692/2978
f  3863/3694/2980 3861/3692/2978 3860/3691/2977
f  4246/4077/966 4247/4078/969 3864/3695/2981
f  4246/4077/966 3864/3695/2981 3863/3694/2980
f  3867/3698/2984 3866/3697/2983 3865/3696/2982
f  3867/3698/2984 3865/3696/2982 3864/3695/2981
f  3894/3725/3009 3897/3728/3012 3868/3699/2985
f  3894/3725/3009 3868/3699/2985 3867/3698/2984
f  4249/4080/951 4238/4069/950 3869/3700/2986
f  4249/4080/951 3869/3700/2986 3868/3699/2985
f  4248/4079/962 2443/2276/965 2445/2273/952
f  4248/4079/962 2445/2273/952 4249/4080/951
f  2444/2277/1672 2441/2274/1671 2440/2273/953
f  2444/2277/1672 2440/2273/953 2445/2273/952
f  4252/4083/975 4241/4072/974 4240/4071/957
f  4252/4083/975 4240/4071/957 4253/4084/956
f  4251/4082/982 4254/4085/985 4255/4086/976
f  4251/4082/982 4255/4086/976 4252/4083/975
f  3871/3702/1292 3870/3701/2987 4244/4075/977
f  3871/3702/1292 4244/4075/977 4255/4086/976
f  3875/3706/2990 3874/3705/2989 3873/3704/2988
f  3875/3706/2990 3873/3704/2988 3872/3703/1291
f  3902/3733/3015 3905/3736/3018 3876/3707/2991
f  3902/3733/3015 3876/3707/2991 3875/3706/2990
f  3879/3710/2994 3878/3709/2993 3877/3708/2992
f  3879/3710/2994 3877/3708/2992 3876/3707/2991
f  3906/3737/3019 3909/3740/3022 3880/3711/2995
f  3906/3737/3019 3880/3711/2995 3879/3710/2994
f  3883/3714/2998 3882/3713/2997 3881/3712/2996
f  3883/3714/2998 3881/3712/2996 3880/3711/2995
f  3910/3741/3023 3913/3744/3026 3884/3715/2999
f  3910/3741/3023 3884/3715/2999 3883/3714/2998
f  3887/3718/3002 3886/3717/3001 3885/3716/3000
f  3887/3718/3002 3885/3716/3000 3884/3715/2999
f  3914/3745/3027 3917/3748/3030 3888/3719/3003
f  3914/3745/3027 3888/3719/3003 3887/3718/3002
f  3891/3722/3006 3890/3721/3005 3889/3720/3004
f  3891/3722/3006 3889/3720/3004 3888/3719/3003
f  3918/3749/3031 3921/3752/3034 3892/3723/3007
f  3918/3749/3031 3892/3723/3007 3891/3722/3006
f  4256/4087/967 4246/4077/966 3893/3724/3008
f  4256/4087/967 3893/3724/3008 3892/3723/3007
f  3922/3753/3035 3925/3756/3038 4257/4088/968
f  3922/3753/3035 4257/4088/968 4256/4087/967
f  3895/3726/3010 3894/3725/3009 4247/4078/969
f  3895/3726/3010 4247/4078/969 4257/4088/968
f  3926/3757/3039 3929/3760/3042 3896/3727/3011
f  3926/3757/3039 3896/3727/3011 3895/3726/3010
f  4259/4090/963 4248/4079/962 3897/3728/3012
f  4259/4090/963 3897/3728/3012 3896/3727/3011
f  4258/4089/978 2446/2278/981 2448/2276/964
f  4258/4089/978 2448/2276/964 4259/4090/963
f  2447/2279/1673 2444/2277/1672 2443/2276/965
f  2447/2279/1673 2443/2276/965 2448/2276/964
f  4260/4091/983 4251/4082/982 4250/4081/973
f  4260/4091/983 4250/4081/973 4261/4092/972
f  3962/3793/3071 3965/3796/3072 4262/4093/984
f  3962/3793/3071 4262/4093/984 4260/4091/983
f  3899/3730/3013 3898/3729/1289 4254/4085/985
f  3899/3730/3013 4254/4085/985 4262/4093/984
f  3934/3765/3043 3937/3768/3046 3900/3731/3014
f  3934/3765/3043 3900/3731/3014 3899/3730/3013
f  3903/3734/3016 3902/3733/3015 3901/3732/1290
f  3903/3734/3016 3901/3732/1290 3900/3731/3014
f  3938/3769/3047 3941/3772/3050 3904/3735/3017
f  3938/3769/3047 3904/3735/3017 3903/3734/3016
f  3907/3738/3020 3906/3737/3019 3905/3736/3018
f  3907/3738/3020 3905/3736/3018 3904/3735/3017
f  3942/3773/3051 3945/3776/3054 3908/3739/3021
f  3942/3773/3051 3908/3739/3021 3907/3738/3020
f  3911/3742/3024 3910/3741/3023 3909/3740/3022
f  3911/3742/3024 3909/3740/3022 3908/3739/3021
f  3946/3777/3055 3949/3780/3058 3912/3743/3025
f  3946/3777/3055 3912/3743/3025 3911/3742/3024
f  3915/3746/3028 3914/3745/3027 3913/3744/3026
f  3915/3746/3028 3913/3744/3026 3912/3743/3025
f  3950/3781/3059 3953/3784/3062 3916/3747/3029
f  3950/3781/3059 3916/3747/3029 3915/3746/3028
f  3919/3750/3032 3918/3749/3031 3917/3748/3030
f  3919/3750/3032 3917/3748/3030 3916/3747/3029
f  3954/3785/3063 3957/3788/3066 3920/3751/3033
f  3954/3785/3063 3920/3751/3033 3919/3750/3032
f  3923/3754/3036 3922/3753/3035 3921/3752/3034
f  3923/3754/3036 3921/3752/3034 3920/3751/3033
f  4263/4094/990 4264/4095/993 3924/3755/3037
f  4263/4094/990 3924/3755/3037 3923/3754/3036
f  3927/3758/3040 3926/3757/3039 3925/3756/3038
f  3927/3758/3040 3925/3756/3038 3924/3755/3037
f  3958/3789/3067 3961/3792/3070 3928/3759/3041
f  3958/3789/3067 3928/3759/3041 3927/3758/3040
f  4266/4097/979 4258/4089/978 3929/3760/3042
f  4266/4097/979 3929/3760/3042 3928/3759/3041
f  4265/4096/986 2449/2280/989 2451/2282/980
f  4265/4096/986 2451/2282/980 4266/4097/979
f  2450/2281/1674 2447/2279/1673 2446/2278/981
f  2450/2281/1674 2446/2278/981 2451/2282/980
f  3963/3794/1298 3962/3793/3071 3933/3764/1293
f  3963/3794/1298 3933/3764/1293 3932/3763/1294
f  3935/3766/3044 3934/3765/3043 3965/3796/3072
f  3935/3766/3044 3965/3796/3072 3964/3795/1297
f  4268/4099/998 4269/4100/1001 3936/3767/3045
f  4268/4099/998 3936/3767/3045 3935/3766/3044
f  3939/3770/3048 3938/3769/3047 3937/3768/3046
f  3939/3770/3048 3937/3768/3046 3936/3767/3045
f  4270/4101/1002 4271/4102/1005 3940/3771/3049
f  4270/4101/1002 3940/3771/3049 3939/3770/3048
f  3943/3774/3052 3942/3773/3051 3941/3772/3050
f  3943/3774/3052 3941/3772/3050 3940/3771/3049
f  3968/3799/3075 3971/3802/3078 3944/3775/3053
f  3968/3799/3075 3944/3775/3053 3943/3774/3052
f  3947/3778/3056 3946/3777/3055 3945/3776/3054
f  3947/3778/3056 3945/3776/3054 3944/3775/3053
f  3972/3803/3079 3975/3806/3080 3948/3779/3057
f  3972/3803/3079 3948/3779/3057 3947/3778/3056
f  3951/3782/3060 3950/3781/3059 3949/3780/3058
f  3951/3782/3060 3949/3780/3058 3948/3779/3057
f  4272/4103/1006 4273/4104/1009 3952/3783/3061
f  4272/4103/1006 3952/3783/3061 3951/3782/3060
f  3955/3786/3064 3954/3785/3063 3953/3784/3062
f  3955/3786/3064 3953/3784/3062 3952/3783/3061
f  3976/3807/3081 3979/3810/3084 3956/3787/3065
f  3976/3807/3081 3956/3787/3065 3955/3786/3064
f  4274/4105/991 4263/4094/990 3957/3788/3066
f  4274/4105/991 3957/3788/3066 3956/3787/3065
f  3980/3811/3085 3983/3814/3088 4275/4106/992
f  3980/3811/3085 4275/4106/992 4274/4105/991
f  3959/3790/3068 3958/3789/3067 4264/4095/993
f  3959/3790/3068 4264/4095/993 4275/4106/992
f  3984/3815/3089 3987/3818/3092 3960/3791/3069
f  3984/3815/3089 3960/3791/3069 3959/3790/3068
f  4276/4107/987 4265/4096/986 3961/3792/3070
f  4276/4107/987 3961/3792/3070 3960/3791/3069
f  3966/3797/3073 2452/2283/1675 2454/2285/988
f  3966/3797/3073 2454/2285/988 4276/4107/987
f  2453/2284/1676 2450/2281/1674 2449/2280/989
f  2453/2284/1676 2449/2280/989 2454/2285/988
f  4056/3887/1303 4059/3890/1111 4325/4156/996
f  4056/3887/1303 4325/4156/996 4279/4110/995
f  3989/3820/1112 3988/3819/1295 4267/4098/997
f  3989/3820/1112 4267/4098/997 4325/4156/996
f  4281/4112/999 4268/4099/998 3991/3822/1296
f  4281/4112/999 3991/3822/1296 3990/3821/1299
f  4032/3863/3121 4035/3866/3124 4283/4114/1000
f  4032/3863/3121 4283/4114/1000 4281/4112/999
f  4282/4113/1003 4270/4101/1002 4269/4100/1001
f  4282/4113/1003 4269/4100/1001 4283/4114/1000
f  4036/3867/3125 4039/3870/3128 4284/4115/1004
f  4036/3867/3125 4284/4115/1004 4282/4113/1003
f  3969/3800/3076 3968/3799/3075 4271/4102/1005
f  3969/3800/3076 4271/4102/1005 4284/4115/1004
f  4040/3871/3129 4043/3874/3132 3970/3801/3077
f  4040/3871/3129 3970/3801/3077 3969/3800/3076
f  3973/3804/1301 3972/3803/3079 3971/3802/3078
f  3973/3804/1301 3971/3802/3078 3970/3801/3077
f  4287/4118/1007 4272/4103/1006 3975/3806/3080
f  4287/4118/1007 3975/3806/3080 3974/3805/1300
f  4044/3875/3133 4047/3878/3136 4288/4119/1008
f  4044/3875/3133 4288/4119/1008 4287/4118/1007
f  3977/3808/3082 3976/3807/3081 4273/4104/1009
f  3977/3808/3082 4273/4104/1009 4288/4119/1008
f  4048/3879/3137 4051/3882/3140 3978/3809/3083
f  4048/3879/3137 3978/3809/3083 3977/3808/3082
f  3981/3812/3086 3980/3811/3085 3979/3810/3084
f  3981/3812/3086 3979/3810/3084 3978/3809/3083
f  4052/3883/3141 4055/3886/3144 3982/3813/3087
f  4052/3883/3141 3982/3813/3087 3981/3812/3086
f  3985/3816/3090 3984/3815/3089 3983/3814/3088
f  3985/3816/3090 3983/3814/3088 3982/3813/3087
f  4026/3857/3115 4029/3860/3118 3986/3817/3091
f  4026/3857/3115 3986/3817/3091 3985/3816/3090
f  3967/3798/3074 3966/3797/3073 3987/3818/3092
f  3967/3798/3074 3987/3818/3092 3986/3817/3091
f  2826/2657/2026 2455/2286/1677 2457/2288/1679
f  2826/2657/2026 2457/2288/1679 3967/3798/3074
f  2456/2287/1678 2453/2284/1676 2452/2283/1675
f  2456/2287/1678 2452/2283/1675 2457/2288/1679
f  4023/3854/1106 4022/3853/1240 3247/3078/1239
f  4023/3854/1106 3247/3078/1239 3246/3077/1104
f  4182/4013/1011 4121/3952/1010 4025/3856/1241
f  4182/4013/1011 4025/3856/1241 4024/3855/1265
f  3995/3826/1274 3994/3825/1242 4124/3955/1013
f  3995/3826/1274 4124/3955/1013 4181/4012/1012
f  3999/3830/3096 3998/3829/3095 3997/3828/1243
f  3999/3830/3096 3997/3828/1243 3996/3827/1273
f  4003/3834/1278 4002/3833/3099 4001/3832/3098
f  4003/3834/1278 4001/3832/3098 4000/3831/3097
f  4007/3838/3102 4006/3837/3101 4005/3836/3100
f  4007/3838/3102 4005/3836/3100 4004/3835/1277
f  4011/3842/1282 4010/3841/3105 4009/3840/3104
f  4011/3842/1282 4009/3840/3104 4008/3839/3103
f  4015/3846/3108 4014/3845/3107 4013/3844/3106
f  4015/3846/3108 4013/3844/3106 4012/3843/1281
f  4019/3850/3112 4018/3849/3111 4017/3848/3110
f  4019/3850/3112 4017/3848/3110 4016/3847/3109
f  3993/3824/3094 3992/3823/3093 4021/3852/3114
f  3993/3824/3094 4021/3852/3114 4020/3851/3113
f  2424/2260/1662 2390/2226/1634 2389/2225/1633
f  2424/2260/1662 2389/2225/1633 2422/2258/1660
f  4033/3864/3122 4032/3863/3121 4280/4111/1021
f  4033/3864/3122 4280/4111/1021 4079/3910/1020
f  4037/3868/3126 4036/3867/3125 4035/3866/3124
f  4037/3868/3126 4035/3866/3124 4034/3865/3123
f  4041/3872/3130 4040/3871/3129 4039/3870/3128
f  4041/3872/3130 4039/3870/3128 4038/3869/3127
f  4078/3909/1023 4285/4116/1022 4043/3874/3132
f  4078/3909/1023 4043/3874/3132 4042/3873/3131
f  4045/3876/3134 4044/3875/3133 4286/4117/1025
f  4045/3876/3134 4286/4117/1025 4077/3908/1024
f  4049/3880/3138 4048/3879/3137 4047/3878/3136
f  4049/3880/3138 4047/3878/3136 4046/3877/3135
f  4053/3884/3142 4052/3883/3141 4051/3882/3140
f  4053/3884/3142 4051/3882/3140 4050/3881/3139
f  4027/3858/3116 4026/3857/3115 4055/3886/3144
f  4027/3858/3116 4055/3886/3144 4054/3885/3143
f  2827/2658/2027 2826/2657/2026 4029/3860/3118
f  2827/2658/2027 4029/3860/3118 4028/3859/3117
f  2349/2185/1593 2456/2287/1678 2455/2286/1677
f  2349/2185/1593 2455/2286/1677 2347/2183/1591
f  2426/2262/1663 2390/2226/1634 2424/2260/1662
f  2390/2226/1634 2426/2262/1663 2388/2224/1632
f  2388/2224/1632 2426/2262/1663 2429/2265/1666
f  2388/2224/1632 2429/2265/1666 2394/2230/1637
f  2394/2230/1637 2429/2265/1666 2432/2268/1667
f  2394/2230/1637 2432/2268/1667 2397/2233/1638
f  2397/2233/1638 2432/2268/1667 2435/2270/1669
f  2397/2233/1638 2435/2270/1669 2400/2236/1640
f  2400/2236/1640 2435/2270/1669 2438/2272/1670
f  2400/2236/1640 2438/2272/1670 2403/2239/1643
f  2403/2239/1643 2438/2272/1670 2441/2274/1671
f  2403/2239/1643 2441/2274/1671 2406/2242/1646
f  2406/2242/1646 2441/2274/1671 2444/2277/1672
f  2406/2242/1646 2444/2277/1672 2409/2245/1649
f  2409/2245/1649 2444/2277/1672 2447/2279/1673
f  2409/2245/1649 2447/2279/1673 2450/2281/1674
f  2409/2245/1649 2450/2281/1674 2412/2248/1652
f  2412/2248/1652 2450/2281/1674 2453/2284/1676
f  2412/2248/1652 2453/2284/1676 2415/2251/1655
f  2415/2251/1655 2453/2284/1676 2456/2287/1678
f  2415/2251/1655 2456/2287/1678 2418/2254/1657
f  2418/2254/1657 2456/2287/1678 2349/2185/1593
f  2418/2254/1657 2349/2185/1593 2421/2257/1659
f  2421/2257/1659 2349/2185/1593 2384/2220/1628
f  2384/2220/1628 2349/2185/1593 2381/2217/1625
f  2381/2217/1625 2349/2185/1593 2346/2182/1590
f  2381/2217/1625 2346/2182/1590 2378/2214/1622
f  2378/2214/1622 2346/2182/1590 2343/2179/1587
f  2378/2214/1622 2343/2179/1587 2375/2211/1619
f  2375/2211/1619 2343/2179/1587 2340/2176/1584
f  2375/2211/1619 2340/2176/1584 2372/2208/1616
f  2372/2208/1616 2340/2176/1584 2337/2173/1581
f  2372/2208/1616 2337/2173/1581 2369/2205/1613
f  2369/2205/1613 2337/2173/1581 2334/2170/1578
f  2369/2205/1613 2334/2170/1578 2366/2202/1610
f  2366/2202/1610 2334/2170/1578 2331/2167/1575
f  2366/2202/1610 2331/2167/1575 2363/2199/1607
f  2363/2199/1607 2331/2167/1575 2328/2164/1572
f  2363/2199/1607 2328/2164/1572 2360/2196/1604
f  2360/2196/1604 2328/2164/1572 2325/2161/1569
f  2360/2196/1604 2325/2161/1569 2357/2193/1601
f  2357/2193/1601 2325/2161/1569 2322/2158/1566
f  2357/2193/1601 2322/2158/1566 2354/2190/1598
f  2354/2190/1598 2322/2158/1566 2316/2152/1560
f  2354/2190/1598 2316/2152/1560 2352/2188/1596
f  2352/2188/1596 2316/2152/1560 2318/2154/1562

